5F,3430363071377D14,4F50425300000130
5F,3430363074378A14,4F50425300000130
5F,343036307837840F,4F50425300000130
95F,343036306E377714,4F5042530000016B
G2,3430363070377F14,4F50425300000111
G3,3430363074378C14,4F50425300000111
G3,3536353270376404,4F50425300000111
G3,3430363074378114,4F50425300000111
G3,3430363073376314,4F50425300000111
G3,3430363071378D14,4F50425300000111
G3,3430363073376214,4F50425300000111
G3,343036306E377914,4F50425300000111
G3,3430363071376414,4F50425300000111
G3,3430363070377714,4F50425300000111
