time,,,,,
2018/11/29 0:02,,,,,
2018/11/29 0:07,,,,,
2018/11/29 0:14,,,,,
2018/11/29 0:20,,,,,
2018/11/29 0:26,,,,,
2018/11/29 0:31,,,,,
2018/11/29 0:37,,,,,
2018/11/29 0:43,,,,,
2018/11/29 0:50,,,,,
2018/11/29 0:56,,,,,
2018/11/29 1:02,,,,,
2018/11/29 1:07,,,,,
2018/11/29 1:13,,,,,
2018/11/29 1:18,,,,,
2018/11/29 1:25,,,,,
2018/11/29 1:30,,,,,
2018/11/29 1:36,,,,,
2018/11/29 1:42,,,,,
2018/11/29 1:47,,,,,
2018/11/29 1:52,,,,,
2018/11/29 1:59,,,,,
2018/11/29 2:04,,,,,
2018/11/29 2:10,,,,,
2018/11/29 2:17,,,,,
2018/11/29 2:23,,,,,
2018/11/29 2:30,,,,,
2018/11/29 2:35,,,,,
2018/11/29 2:41,,,,,
2018/11/29 2:47,,,,,
2018/11/29 2:53,,,,,
2018/11/29 3:00,,,,,
2018/11/29 3:07,,,,,
2018/11/29 3:14,,,,,
2018/11/29 3:19,,,,,
2018/11/29 3:24,,,,,
2018/11/29 3:30,,,,,
2018/11/29 3:35,,,,,
2018/11/29 3:41,,,,,
2018/11/29 3:46,,,,,
2018/11/29 3:52,,,,,
2018/11/29 3:58,,,,,
2018/11/29 4:03,,,,,
2018/11/29 4:10,,,,,
2018/11/29 4:17,,,,,
2018/11/29 4:22,,,,,
2018/11/29 4:28,,,,,
2018/11/29 4:34,,,,,
2018/11/29 4:41,,,,,
2018/11/29 4:47,,,,,
2018/11/29 4:54,,,,,
2018/11/29 5:01,,,,,
2018/11/29 5:07,,,,,
2018/11/29 5:14,,,,,
2018/11/29 5:21,,,,,
2018/11/29 5:27,,,,,
2018/11/29 5:34,,,,,
2018/11/29 5:40,,,,,
2018/11/29 5:46,,,,,
2018/11/29 5:52,,,,,
2018/11/29 5:58,,,,,
2018/11/29 6:04,,,,,
2018/11/29 6:11,,,,,
2018/11/29 6:17,,,,,
2018/11/29 6:23,,,,,
2018/11/29 6:30,,,,,
2018/11/29 6:36,,,,,
2018/11/29 6:42,,,,,
2018/11/29 6:48,,,,,
2018/11/29 6:53,,,,,
2018/11/29 6:59,,,,,
2018/11/29 7:06,,,,,
2018/11/29 7:12,,,,,
2018/11/29 7:17,,,,,
2018/11/29 7:24,,,,,
2018/11/29 7:31,,,,,
2018/11/29 7:37,,,,,
2018/11/29 7:43,,,,,
2018/11/29 7:48,,,,,
2018/11/29 7:55,,,,,
2018/11/29 8:02,,,,,
2018/11/29 8:08,,,,,
2018/11/29 8:15,,,,,
2018/11/29 8:20,,,,,
2018/11/29 8:27,,,,,
2018/11/29 8:33,,,,,
2018/11/29 8:39,,,,,
2018/11/29 8:44,,,,,
2018/11/29 8:50,,,,,
2018/11/29 8:57,,,,,
2018/11/29 9:03,,,,,
2018/11/29 9:09,,,,,
2018/11/29 9:14,,,,,
2018/11/29 9:20,,,,,
2018/11/29 9:26,,,,,
2018/11/29 9:32,,,,,
2018/11/29 9:37,,,,,
2018/11/29 9:43,,,,,
2018/11/29 9:49,,,,,
2018/11/29 9:55,,,,,
2018/11/29 10:01,,,,,
2018/11/29 10:08,,,,,
2018/11/29 10:15,,,,,
2018/11/29 10:22,,,,,
2018/11/29 10:28,,,,,
2018/11/29 10:41,,,,,
2018/11/29 10:48,,,,,
2018/11/29 10:54,,,,,
2018/11/29 10:59,,,,,
2018/11/29 11:06,,,,,
2018/11/29 11:12,,,,,
2018/11/29 11:18,,,,,
2018/11/29 11:23,,,,,
2018/11/29 11:29,,,,,
2018/11/29 11:35,,,,,
2018/11/29 11:41,,,,,
2018/11/29 11:48,,,,,
2018/11/29 11:54,,,,,
2018/11/29 12:00,,,,,
2018/11/29 12:06,,,,,
2018/11/29 12:11,,,,,
2018/11/29 12:18,,,,,
2018/11/29 12:24,,,,,
2018/11/29 12:29,,,,,
2018/11/29 12:35,,,,,
2018/11/29 12:41,,,,,
2018/11/29 12:48,,,,,
2018/11/29 12:53,,,,,
2018/11/29 13:00,,,,,
2018/11/29 13:07,,,,,
2018/11/29 13:12,,,,,
2018/11/29 13:18,,,,,
2018/11/29 13:24,,,,,
2018/11/29 13:30,,,,,
2018/11/29 13:36,,,,,
2018/11/29 13:41,,,,,
2018/11/29 13:48,,,,,
2018/11/29 13:55,,,,,
2018/11/29 14:01,,,,,
2018/11/29 14:07,,,,,
2018/11/29 14:13,,,,,
2018/11/29 14:19,,,,,
2018/11/29 14:25,,,,,
2018/11/29 14:30,,,,,
2018/11/29 14:37,,,,,
2018/11/29 14:44,,,,,
2018/11/29 14:50,,,,,
2018/11/29 14:57,,,,,
2018/11/29 15:03,,,,,
2018/11/29 15:09,,,,,
2018/11/29 15:15,,,,,
2018/11/29 15:20,,,,,
2018/11/29 15:26,,,,,
2018/11/29 15:33,,,,,
2018/11/29 15:38,,,,,
2018/11/29 15:44,,,,,
2018/11/29 15:50,,,,,
2018/11/29 15:56,,,,,
2018/11/29 16:02,,,,,
2018/11/29 16:09,,,,,
2018/11/29 16:14,,,,,
2018/11/29 16:20,,,,,
2018/11/29 16:25,,,,,
2018/11/29 16:31,,,,,
2018/11/29 16:38,,,,,
2018/11/29 16:45,,,,,
2018/11/29 16:50,,,,,
2018/11/29 16:56,,,,,
2018/11/29 17:01,,,,,
2018/11/29 17:06,,,,,
2018/11/29 17:13,,,,,
2018/11/29 17:20,,,,,
2018/11/29 17:26,,,,,
2018/11/29 17:32,,,,,
2018/11/29 17:38,,,,,
2018/11/29 17:44,,,,,
2018/11/29 17:51,,,,,
2018/11/29 17:57,,,,,
2018/11/29 18:03,,,,,
2018/11/29 18:08,,,,,
2018/11/29 18:13,,,,,
2018/11/29 18:19,,,,,
2018/11/29 18:24,,,,,
2018/11/29 18:31,,,,,
2018/11/29 18:37,,,,,
2018/11/29 18:43,,,,,
2018/11/29 18:49,,,,,
2018/11/29 18:56,,,,,
2018/11/29 19:03,,,,,
2018/11/29 19:08,,,,,
2018/11/29 19:14,,,,,
2018/11/29 19:20,,,,,
2018/11/29 19:26,,,,,
2018/11/29 19:32,,,,,
2018/11/29 19:37,,,,,
2018/11/29 19:43,,,,,
2018/11/29 19:49,,,,,
2018/11/29 19:55,,,,,
2018/11/29 20:01,,,,,
2018/11/29 20:08,,,,,
2018/11/29 20:15,,,,,
2018/11/29 20:21,,,,,
2018/11/29 20:27,,,,,
2018/11/29 20:34,,,,,
2018/11/29 20:40,,,,,
2018/11/29 20:46,,,,,
2018/11/29 20:51,,,,,
2018/11/29 20:57,,,,,
2018/11/29 21:03,,,,,
2018/11/29 21:09,,,,,
2018/11/29 21:14,,,,,
2018/11/29 21:20,,,,,
2018/11/29 21:25,,,,,
2018/11/29 21:31,,,,,
2018/11/29 21:37,,,,,
2018/11/29 21:43,,,,,
2018/11/29 21:48,,,,,
2018/11/29 21:54,,,,,
2018/11/29 22:00,,,,,
2018/11/29 22:06,,,,,
2018/11/29 22:12,,,,,
2018/11/29 22:18,,,,,
2018/11/29 22:23,,,,,
2018/11/29 22:30,,,,,
2018/11/29 22:36,,,,,
2018/11/29 22:42,,,,,
2018/11/29 22:48,,,,,
2018/11/29 22:55,,,,,
2018/11/29 23:02,,,,,
2018/11/29 23:08,,,,,
2018/11/29 23:14,,,,,
2018/11/29 23:21,,,,,
2018/11/29 23:27,,,,,
2018/11/29 23:33,,,,,
2018/11/29 23:39,,,,,
2018/11/29 23:44,,,,,
2018/11/29 23:50,,,,,
2018/11/29 23:56,,,,,
2018/11/30 0:01,,,,,
2018/11/30 0:07,,,,,
2018/11/30 0:12,,,,,
2018/11/30 0:19,,,,,
2018/11/30 0:24,,,,,
2018/11/30 0:31,,,,,
2018/11/30 0:37,,,,,
2018/11/30 0:43,,,,,
2018/11/30 0:49,,,,,
2018/11/30 0:55,,,,,
2018/11/30 1:01,,,,,
2018/11/30 1:06,,,,,
2018/11/30 1:13,,,,,
2018/11/30 1:20,,,,,
2018/11/30 1:25,,,,,
2018/11/30 1:31,,,,,
2018/11/30 1:37,,,,,
2018/11/30 1:43,,,,,
2018/11/30 1:48,,,,,
2018/11/30 1:55,,,,,
2018/11/30 2:00,,,,,
2018/11/30 2:06,,,,,
2018/11/30 2:11,,,,,
2018/11/30 2:16,,,,,
2018/11/30 2:23,,,,,
2018/11/30 2:30,,,,,
2018/11/30 2:37,,,,,
2018/11/30 2:42,,,,,
2018/11/30 2:48,,,,,
2018/11/30 2:54,,,,,
2018/11/30 3:01,,,,,
2018/11/30 3:06,,,,,
2018/11/30 3:12,,,,,
2018/11/30 3:17,,,,,
2018/11/30 3:23,,,,,
2018/11/30 3:29,,,,,
2018/11/30 3:34,,,,,
2018/11/30 3:40,,,,,
2018/11/30 3:45,,,,,
2018/11/30 3:51,,,,,
2018/11/30 3:56,,,,,
2018/11/30 4:01,,,,,
2018/11/30 4:08,,,,,
2018/11/30 4:15,,,,,
2018/11/30 4:21,,,,,
2018/11/30 4:27,,,,,
2018/11/30 4:33,,,,,
2018/11/30 4:39,,,,,
2018/11/30 4:45,,,,,
2018/11/30 4:52,,,,,
2018/11/30 4:58,,,,,
2018/11/30 5:05,,,,,
2018/11/30 5:11,,,,,
2018/11/30 5:18,,,,,
2018/11/30 5:24,,,,,
2018/11/30 5:30,,,,,
2018/11/30 5:36,,,,,
2018/11/30 5:43,,,,,
2018/11/30 5:49,,,,,
2018/11/30 5:56,,,,,
2018/11/30 6:01,,,,,
2018/11/30 6:06,,,,,
2018/11/30 6:13,,,,,
2018/11/30 6:19,,,,,
2018/11/30 6:25,,,,,
2018/11/30 6:30,,,,,
2018/11/30 6:35,,,,,
2018/11/30 6:42,,,,,
2018/11/30 6:48,,,,,
2018/11/30 6:55,,,,,
2018/11/30 7:01,,,,,
2018/11/30 7:07,,,,,
2018/11/30 7:12,,,,,
2018/11/30 7:19,,,,,
2018/11/30 7:26,,,,,
2018/11/30 7:32,,,,,
2018/11/30 7:38,,,,,
2018/11/30 7:44,,,,,
2018/11/30 7:50,,,,,
2018/11/30 7:56,,,,,
2018/11/30 8:02,,,,,
2018/11/30 8:08,,,,,
2018/11/30 8:15,,,,,
2018/11/30 8:20,,,,,
2018/11/30 8:26,,,,,
2018/11/30 8:32,,,,,
2018/11/30 8:39,,,,,
2018/11/30 8:45,,,,,
2018/11/30 8:51,,,,,
2018/11/30 8:58,,,,,
2018/11/30 9:05,,,,,
2018/11/30 9:10,,,,,
2018/11/30 9:16,,,,,
2018/11/30 9:22,,,,,
2018/11/30 9:29,,,,,
2018/11/30 9:36,,,,,
2018/11/30 9:41,,,,,
2018/11/30 9:48,,,,,
2018/11/30 9:53,,,,,
2018/11/30 9:59,,,,,
2018/11/30 10:04,,,,,
2018/11/30 10:10,,,,,
2018/11/30 10:16,,,,,
2018/11/30 10:21,,,,,
2018/11/30 10:27,,,,,
2018/11/30 10:33,,,,,
2018/11/30 10:39,,,,,
2018/11/30 10:46,,,,,
2018/11/30 10:52,,,,,
2018/11/30 10:57,,,,,
2018/11/30 11:03,,,,,
2018/11/30 11:08,,,,,
2018/11/30 11:13,,,,,
2018/11/30 11:19,,,,,
2018/11/30 11:26,,,,,
2018/11/30 11:32,,,,,
2018/11/30 11:37,,,,,
2018/11/30 11:43,,,,,
2018/11/30 11:50,,,,,
2018/11/30 11:55,,,,,
2018/11/30 12:01,,,,,
2018/11/30 12:07,,,,,
2018/11/30 12:12,,,,,
2018/11/30 12:18,,,,,
2018/11/30 12:24,,,,,
2018/11/30 12:30,,,,,
2018/11/30 12:35,,,,,
2018/11/30 12:41,,,,,
2018/11/30 12:46,,,,,
2018/11/30 12:52,,,,,
2018/11/30 12:58,,,,,
2018/11/30 13:04,,,,,
2018/11/30 13:11,,,,,
2018/11/30 13:18,,,,,
2018/11/30 13:24,,,,,
2018/11/30 13:31,,,,,
2018/11/30 13:37,,,,,
2018/11/30 13:44,,,,,
2018/11/30 13:50,,,,,
2018/11/30 13:55,,,,,
2018/11/30 14:01,,,,,
2018/11/30 14:07,,,,,
2018/11/30 14:12,,,,,
2018/11/30 14:18,,,,,
2018/11/30 14:24,,,,,
2018/11/30 14:30,,,,,
2018/11/30 14:36,,,,,
2018/11/30 14:41,,,,,
2018/11/30 14:47,,,,,
2018/11/30 14:53,,,,,
2018/11/30 14:58,,,,,
2018/11/30 15:05,,,,,
2018/11/30 15:10,,,,,
2018/11/30 15:16,,,,,
2018/11/30 15:23,,,,,
2018/11/30 15:28,,,,,
2018/11/30 15:33,,,,,
2018/11/30 15:40,,,,,
2018/11/30 15:46,,,,,
2018/11/30 15:52,,,,,
2018/11/30 15:57,,,,,
2018/11/30 16:02,,,,,
2018/11/30 16:08,,,,,
2018/11/30 16:13,,,,,
2018/11/30 16:19,,,,,
2018/11/30 16:25,,,,,
2018/11/30 16:31,,,,,
2018/11/30 16:38,,,,,
2018/11/30 16:43,,,,,
2018/11/30 16:48,,,,,
2018/11/30 16:54,,,,,
2018/11/30 16:59,,,,,
2018/11/30 17:04,,,,,
2018/11/30 17:11,,,,,
2018/11/30 17:17,,,,,
2018/11/30 17:22,,,,,
2018/11/30 17:27,,,,,
2018/11/30 17:33,,,,,
2018/11/30 17:39,,,,,
2018/11/30 17:45,,,,,
2018/11/30 17:51,,,,,
2018/11/30 17:56,,,,,
2018/11/30 18:01,,,,,
2018/11/30 18:07,,,,,
2018/11/30 18:13,,,,,
2018/11/30 18:20,,,,,
2018/11/30 18:27,,,,,
2018/11/30 18:33,,,,,
2018/11/30 18:39,,,,,
2018/11/30 18:44,,,,,
2018/11/30 18:51,,,,,
2018/11/30 18:58,,,,,
2018/11/30 19:04,,,,,
2018/11/30 19:10,,,,,
2018/11/30 19:15,,,,,
2018/11/30 19:21,,,,,
2018/11/30 19:28,,,,,
2018/11/30 19:34,,,,,
2018/11/30 19:39,,,,,
2018/11/30 19:45,,,,,
2018/11/30 19:51,,,,,
2018/11/30 19:58,,,,,
2018/11/30 20:04,,,,,
2018/11/30 20:10,,,,,
2018/11/30 20:16,,,,,
2018/11/30 20:23,,,,,
2018/11/30 20:29,,,,,
2018/11/30 20:36,,,,,
2018/11/30 20:41,,,,,
2018/11/30 20:48,,,,,
2018/11/30 20:53,,,,,
2018/11/30 21:00,,,,,
2018/11/30 21:07,,,,,
2018/11/30 21:12,,,,,
2018/11/30 21:18,,,,,
2018/11/30 21:24,,,,,
2018/11/30 21:30,,,,,
2018/11/30 21:36,,,,,
2018/11/30 21:41,,,,,
2018/11/30 21:47,,,,,
2018/11/30 21:53,,,,,
2018/11/30 21:59,,,,,
2018/11/30 22:05,,,,,
2018/11/30 22:10,,,,,
2018/11/30 22:16,,,,,
2018/11/30 22:23,,,,,
2018/11/30 22:29,,,,,
2018/11/30 22:35,,,,,
2018/11/30 22:40,,,,,
2018/11/30 22:47,,,,,
2018/11/30 22:53,,,,,
2018/11/30 22:59,,,,,
2018/11/30 23:04,,,,,
2018/11/30 23:11,,,,,
2018/11/30 23:17,,,,,
2018/11/30 23:23,,,,,
2018/11/30 23:30,,,,,
2018/11/30 23:37,,,,,
2018/11/30 23:44,,,,,
2018/11/30 23:49,,,,,
2018/11/30 23:56,,,,,
2018/12/1 0:01,,,,,
2018/12/1 0:07,,,,,
2018/12/1 0:14,,,,,
2018/12/1 0:19,,,,,
2018/12/1 0:24,,,,,
2018/12/1 0:30,,,,,
2018/12/1 0:37,,,,,
2018/12/1 0:42,,,,,
2018/12/1 0:49,,,,,
2018/12/1 0:54,,,,,
2018/12/1 1:00,,,,,
2018/12/1 1:07,,,,,
2018/12/1 1:14,,,,,
2018/12/1 1:21,,,,,
2018/12/1 1:26,,,,,
2018/12/1 1:33,,,,,
2018/12/1 1:38,,,,,
2018/12/1 1:45,,,,,
2018/12/1 1:51,,,,,
2018/12/1 1:56,,,,,
2018/12/1 2:03,,,,,
2018/12/1 2:09,,,,,
2018/12/1 2:15,,,,,
2018/12/1 2:20,,,,,
2018/12/1 2:26,,,,,
2018/12/1 2:32,,,,,
2018/12/1 2:38,,,,,
2018/12/1 2:44,,,,,
2018/12/1 2:50,,,,,
2018/12/1 2:57,,,,,
2018/12/1 3:03,,,,,
2018/12/1 3:09,,,,,
2018/12/1 3:15,,,,,
2018/12/1 3:21,,,,,
2018/12/1 3:26,,,,,
2018/12/1 3:32,,,,,
2018/12/1 3:37,,,,,
2018/12/1 3:44,,,,,
2018/12/1 3:49,,,,,
2018/12/1 3:56,,,,,
2018/12/1 4:01,,,,,
2018/12/1 4:07,,,,,
2018/12/1 4:13,,,,,
2018/12/1 4:19,,,,,
2018/12/1 4:26,,,,,
2018/12/1 4:32,,,,,
2018/12/1 4:38,,,,,
2018/12/1 4:44,,,,,
2018/12/1 4:49,,,,,
2018/12/1 4:55,,,,,
2018/12/1 5:01,,,,,
2018/12/1 5:06,,,,,
2018/12/1 5:12,,,,,
2018/12/1 5:19,,,,,
2018/12/1 5:24,,,,,
2018/12/1 5:30,,,,,
2018/12/1 5:36,,,,,
2018/12/1 5:42,,,,,
2018/12/1 5:48,,,,,
2018/12/1 5:54,,,,,
2018/12/1 5:59,,,,,
2018/12/1 6:06,,,,,
2018/12/1 6:12,,,,,
2018/12/1 6:19,,,,,
2018/12/1 6:25,,,,,
2018/12/1 6:31,,,,,
2018/12/1 6:38,,,,,
2018/12/1 6:43,,,,,
2018/12/1 6:48,,,,,
2018/12/1 6:55,,,,,
2018/12/1 7:02,,,,,
2018/12/1 7:07,,,,,
2018/12/1 7:14,,,,,
2018/12/1 7:20,,,,,
2018/12/1 7:26,,,,,
2018/12/1 7:31,,,,,
2018/12/1 7:38,,,,,
2018/12/1 7:44,,,,,
2018/12/1 7:51,,,,,
2018/12/1 7:57,,,,,
2018/12/1 8:03,,,,,
2018/12/1 8:09,,,,,
2018/12/1 8:14,,,,,
2018/12/1 8:21,,,,,
2018/12/1 8:27,,,,,
2018/12/1 8:34,,,,,
2018/12/1 8:41,,,,,
2018/12/1 8:47,,,,,
2018/12/1 8:52,,,,,
2018/12/1 8:57,,,,,
2018/12/1 9:02,,,,,
2018/12/1 9:08,,,,,
2018/12/1 9:14,,,,,
2018/12/1 9:20,,,,,
2018/12/1 9:26,,,,,
2018/12/1 9:33,,,,,
2018/12/1 9:39,,,,,
2018/12/1 9:45,,,,,
2018/12/1 9:50,,,,,
2018/12/1 9:57,,,,,
2018/12/1 10:02,,,,,
2018/12/1 10:09,,,,,
2018/12/1 10:15,,,,,
2018/12/1 10:21,,,,,
2018/12/1 10:27,,,,,
2018/12/1 10:34,,,,,
2018/12/1 10:40,,,,,
2018/12/1 10:47,,,,,
2018/12/1 10:53,,,,,
2018/12/1 10:58,,,,,
2018/12/1 11:04,,,,,
2018/12/1 11:10,,,,,
2018/12/1 11:15,,,,,
2018/12/1 11:22,,,,,
2018/12/1 11:28,,,,,
2018/12/1 11:35,,,,,
2018/12/1 11:41,,,,,
2018/12/1 11:47,,,,,
2018/12/1 11:53,,,,,
2018/12/1 11:58,,,,,
2018/12/1 12:04,,,,,
2018/12/1 12:10,,,,,
2018/12/1 12:15,,,,,
2018/12/1 12:21,,,,,
2018/12/1 12:27,,,,,
2018/12/1 12:34,,,,,
2018/12/1 12:39,,,,,
2018/12/1 12:45,,,,,
2018/12/1 12:52,,,,,
2018/12/1 12:58,,,,,
2018/12/1 13:03,,,,,
2018/12/1 13:10,,,,,
2018/12/1 13:15,,,,,
2018/12/1 13:21,,,,,
2018/12/1 13:26,,,,,
2018/12/1 13:31,,,,,
2018/12/1 13:38,,,,,
2018/12/1 13:44,,,,,
2018/12/1 13:49,,,,,
2018/12/1 13:55,,,,,
2018/12/1 14:02,,,,,
2018/12/1 14:08,,,,,
2018/12/1 14:13,,,,,
2018/12/1 14:19,,,,,
2018/12/1 14:24,,,,,
2018/12/1 14:31,,,,,
2018/12/1 14:38,,,,,
2018/12/1 14:43,,,,,
2018/12/1 14:48,,,,,
2018/12/1 14:54,,,,,
2018/12/1 15:00,,,,,
2018/12/1 15:07,,,,,
2018/12/1 15:13,,,,,
2018/12/1 15:19,,,,,
2018/12/1 15:25,,,,,
2018/12/1 15:30,,,,,
2018/12/1 15:36,,,,,
2018/12/1 15:42,,,,,
2018/12/1 15:48,,,,,
2018/12/1 15:54,,,,,
2018/12/1 15:59,,,,,
2018/12/1 16:06,,,,,
2018/12/1 16:13,,,,,
2018/12/1 16:20,,,,,
2018/12/1 16:25,,,,,
2018/12/1 16:31,,,,,
2018/12/1 16:37,,,,,
2018/12/1 16:43,,,,,
2018/12/1 16:48,,,,,
2018/12/1 16:54,,,,,
2018/12/1 17:00,,,,,
2018/12/1 17:06,,,,,
2018/12/1 17:12,,,,,
2018/12/1 17:18,,,,,
2018/12/1 17:24,,,,,
2018/12/1 17:30,,,,,
2018/12/1 17:36,,,,,
2018/12/1 17:42,,,,,
2018/12/1 17:49,,,,,
2018/12/1 17:54,,,,,
2018/12/1 18:00,,,,,
2018/12/1 18:06,,,,,
2018/12/1 18:12,,,,,
2018/12/1 18:18,,,,,
2018/12/1 18:23,,,,,
2018/12/1 18:30,,,,,
2018/12/1 18:37,,,,,
2018/12/1 18:43,,,,,
2018/12/1 18:50,,,,,
2018/12/1 18:55,,,,,
2018/12/1 19:01,,,,,
2018/12/1 19:07,,,,,
2018/12/1 19:12,,,,,
2018/12/1 19:18,,,,,
2018/12/1 19:23,,,,,
2018/12/1 19:28,,,,,
2018/12/1 19:34,,,,,
2018/12/1 19:40,,,,,
2018/12/1 19:46,,,,,
2018/12/1 19:52,,,,,
2018/12/1 19:59,,,,,
2018/12/1 20:04,,,,,
2018/12/1 20:10,,,,,
2018/12/1 20:17,,,,,
2018/12/1 20:23,,,,,
2018/12/1 20:30,,,,,
2018/12/1 20:37,,,,,
2018/12/1 20:42,,,,,
2018/12/1 20:49,,,,,
2018/12/1 20:55,,,,,
2018/12/1 21:01,,,,,
2018/12/1 21:08,,,,,
2018/12/1 21:14,,,,,
2018/12/1 21:20,,,,,
2018/12/1 21:27,,,,,
2018/12/1 21:33,,,,,
2018/12/1 21:38,,,,,
2018/12/1 21:44,,,,,
2018/12/1 21:51,,,,,
2018/12/1 21:56,,,,,
2018/12/1 22:03,,,,,
2018/12/1 22:08,,,,,
2018/12/1 22:15,,,,,
2018/12/1 22:21,,,,,
2018/12/1 22:28,,,,,
2018/12/1 22:34,,,,,
2018/12/1 22:40,,,,,
2018/12/1 22:45,,,,,
2018/12/1 22:52,,,,,
2018/12/1 22:58,,,,,
2018/12/1 23:03,,,,,
2018/12/1 23:10,,,,,
2018/12/1 23:15,,,,,
2018/12/1 23:21,,,,,
2018/12/1 23:27,,,,,
2018/12/1 23:34,,,,,
2018/12/1 23:40,,,,,
2018/12/1 23:45,,,,,
2018/12/1 23:52,,,,,
2018/12/1 23:58,,,,,
2018/12/2 0:04,,,,,
2018/12/2 0:11,,,,,
2018/12/2 0:17,,,,,
2018/12/2 0:22,,,,,
2018/12/2 0:28,,,,,
2018/12/2 0:33,,,,,
2018/12/2 0:39,,,,,
2018/12/2 0:46,,,,,
2018/12/2 0:53,,,,,
2018/12/2 0:59,,,,,
2018/12/2 1:06,,,,,
2018/12/2 1:12,,,,,
2018/12/2 1:18,,,,,
2018/12/2 1:24,,,,,
2018/12/2 1:29,,,,,
2018/12/2 1:35,,,,,
2018/12/2 1:41,,,,,
2018/12/2 1:47,,,,,
2018/12/2 1:53,,,,,
2018/12/2 1:59,,,,,
2018/12/2 2:05,,,,,
2018/12/2 2:12,,,,,
2018/12/2 2:17,,,,,
2018/12/2 2:24,,,,,
2018/12/2 2:29,,,,,
2018/12/2 2:35,,,,,
2018/12/2 2:42,,,,,
2018/12/2 2:47,,,,,
2018/12/2 2:54,,,,,
2018/12/2 3:01,,,,,
2018/12/2 3:06,,,,,
2018/12/2 3:11,,,,,
2018/12/2 3:18,,,,,
2018/12/2 3:24,,,,,
2018/12/2 3:31,,,,,
2018/12/2 3:38,,,,,
2018/12/2 3:44,,,,,
2018/12/2 3:49,,,,,
2018/12/2 3:56,,,,,
2018/12/2 4:02,,,,,
2018/12/2 4:07,,,,,
2018/12/2 4:13,,,,,
2018/12/2 4:19,,,,,
2018/12/2 4:25,,,,,
2018/12/2 4:31,,,,,
2018/12/2 4:36,,,,,
2018/12/2 4:42,,,,,
2018/12/2 4:49,,,,,
2018/12/2 4:55,,,,,
2018/12/2 5:01,,,,,
2018/12/2 5:06,,,,,
2018/12/2 5:12,,,,,
2018/12/2 5:18,,,,,
2018/12/2 5:24,,,,,
2018/12/2 5:29,,,,,
2018/12/2 5:36,,,,,
2018/12/2 5:43,,,,,
2018/12/2 5:49,,,,,
2018/12/2 5:56,,,,,
2018/12/2 6:02,,,,,
2018/12/2 6:09,,,,,
2018/12/2 6:14,,,,,
2018/12/2 6:20,,,,,
2018/12/2 6:26,,,,,
2018/12/2 6:33,,,,,
2018/12/2 6:38,,,,,
2018/12/2 6:45,,,,,
2018/12/2 6:51,,,,,
2018/12/2 6:57,,,,,
2018/12/2 7:02,,,,,
2018/12/2 7:09,,,,,
2018/12/2 7:15,,,,,
2018/12/2 7:22,,,,,
2018/12/2 7:28,,,,,
2018/12/2 7:34,,,,,
2018/12/2 7:41,,,,,
2018/12/2 7:46,,,,,
2018/12/2 7:52,,,,,
2018/12/2 7:58,,,,,
2018/12/2 8:05,,,,,
2018/12/2 8:10,,,,,
2018/12/2 8:15,,,,,
2018/12/2 8:22,,,,,
2018/12/2 8:27,,,,,
2018/12/2 8:33,,,,,
2018/12/2 8:40,,,,,
2018/12/2 8:45,,,,,
2018/12/2 8:51,,,,,
2018/12/2 8:56,,,,,
2018/12/2 9:02,,,,,
2018/12/2 9:08,,,,,
2018/12/2 9:13,,,,,
2018/12/2 9:19,,,,,
2018/12/2 9:25,,,,,
2018/12/2 9:30,,,,,
2018/12/2 9:35,,,,,
2018/12/2 9:41,,,,,
2018/12/2 9:47,,,,,
2018/12/2 9:53,,,,,
2018/12/2 9:59,,,,,
2018/12/2 10:06,,,,,
2018/12/2 10:13,,,,,
2018/12/2 10:19,,,,,
2018/12/2 10:24,,,,,
2018/12/2 10:30,,,,,
2018/12/2 10:37,,,,,
2018/12/2 10:43,,,,,
2018/12/2 10:49,,,,,
2018/12/2 10:55,,,,,
2018/12/2 11:01,,,,,
2018/12/2 11:06,,,,,
2018/12/2 11:11,,,,,
2018/12/2 11:17,,,,,
2018/12/2 11:23,,,,,
2018/12/2 11:29,,,,,
2018/12/2 11:35,,,,,
2018/12/2 11:40,,,,,
2018/12/2 11:46,,,,,
2018/12/2 11:53,,,,,
2018/12/2 11:58,,,,,
2018/12/2 12:05,,,,,
2018/12/2 12:12,,,,,
2018/12/2 12:18,,,,,
2018/12/2 12:24,,,,,
2018/12/2 12:30,,,,,
2018/12/2 12:36,,,,,
2018/12/2 12:42,,,,,
2018/12/2 12:47,,,,,
2018/12/2 12:54,,,,,
2018/12/2 13:01,,,,,
2018/12/2 13:08,,,,,
2018/12/2 13:13,,,,,
2018/12/2 13:19,,,,,
2018/12/2 13:26,,,,,
2018/12/2 13:33,,,,,
2018/12/2 13:39,,,,,
2018/12/2 13:45,,,,,
2018/12/2 13:51,,,,,
2018/12/2 13:57,,,,,
2018/12/2 14:04,,,,,
2018/12/2 14:10,,,,,
2018/12/2 14:16,,,,,
2018/12/2 14:21,,,,,
2018/12/2 14:26,,,,,
2018/12/2 14:33,,,,,
2018/12/2 14:40,,,,,
2018/12/2 14:45,,,,,
2018/12/2 14:52,,,,,
2018/12/2 14:58,,,,,
2018/12/2 15:04,,,,,
2018/12/2 15:10,,,,,
2018/12/2 15:16,,,,,
2018/12/2 15:23,,,,,
2018/12/2 15:30,,,,,
2018/12/2 15:35,,,,,
2018/12/2 15:42,,,,,
2018/12/2 15:48,,,,,
2018/12/2 15:53,,,,,
2018/12/2 15:59,,,,,
2018/12/2 16:05,,,,,
2018/12/2 16:11,,,,,
2018/12/2 16:16,,,,,
2018/12/2 16:23,,,,,
2018/12/2 16:28,,,,,
2018/12/2 16:35,,,,,
2018/12/2 16:41,,,,,
2018/12/2 16:48,,,,,
2018/12/2 16:55,,,,,
2018/12/2 17:00,,,,,
2018/12/2 17:06,,,,,
2018/12/2 17:13,,,,,
2018/12/2 17:19,,,,,
2018/12/2 17:25,,,,,
2018/12/2 17:31,,,,,
2018/12/2 17:37,,,,,
2018/12/2 17:44,,,,,
2018/12/2 17:49,,,,,
2018/12/2 17:55,,,,,
2018/12/2 18:01,,,,,
2018/12/2 18:06,,,,,
2018/12/2 18:12,,,,,
2018/12/2 18:18,,,,,
2018/12/2 18:24,,,,,
2018/12/2 18:30,,,,,
2018/12/2 18:37,,,,,
2018/12/2 18:43,,,,,
2018/12/2 18:49,,,,,
2018/12/2 18:56,,,,,
2018/12/2 19:02,,,,,
2018/12/2 19:07,,,,,
2018/12/2 19:14,,,,,
2018/12/2 19:20,,,,,
2018/12/2 19:26,,,,,
2018/12/2 19:32,,,,,
2018/12/2 19:38,,,,,
2018/12/2 19:44,,,,,
2018/12/2 19:50,,,,,
2018/12/2 19:55,,,,,
2018/12/2 20:01,,,,,
2018/12/2 20:07,,,,,
2018/12/2 20:13,,,,,
2018/12/2 20:19,,,,,
2018/12/2 20:25,,,,,
2018/12/2 20:31,,,,,
2018/12/2 20:37,,,,,
2018/12/2 20:43,,,,,
2018/12/2 20:49,,,,,
2018/12/2 20:55,,,,,
2018/12/2 21:01,,,,,
2018/12/2 21:07,,,,,
2018/12/2 21:13,,,,,
2018/12/2 21:20,,,,,
2018/12/2 21:27,,,,,
2018/12/2 21:32,,,,,
2018/12/2 21:37,,,,,
2018/12/2 21:44,,,,,
2018/12/2 21:50,,,,,
2018/12/2 21:57,,,,,
2018/12/2 22:03,,,,,
2018/12/2 22:08,,,,,
2018/12/2 22:15,,,,,
2018/12/2 22:20,,,,,
2018/12/2 22:26,,,,,
2018/12/2 22:33,,,,,
2018/12/2 22:38,,,,,
2018/12/2 22:43,,,,,
2018/12/2 22:49,,,,,
2018/12/2 22:54,,,,,
2018/12/2 23:00,,,,,
2018/12/2 23:05,,,,,
2018/12/2 23:12,,,,,
2018/12/2 23:19,,,,,
2018/12/2 23:24,,,,,
2018/12/2 23:30,,,,,
2018/12/2 23:35,,,,,
2018/12/2 23:40,,,,,
2018/12/2 23:46,,,,,
2018/12/2 23:52,,,,,
2018/12/2 23:58,,,,,
2018/12/3 0:05,,,,,
2018/12/3 0:12,,,,,
2018/12/3 0:18,,,,,
2018/12/3 0:24,,,,,
2018/12/3 0:30,,,,,
2018/12/3 0:35,,,,,
2018/12/3 0:41,,,,,
2018/12/3 0:47,,,,,
2018/12/3 0:53,,,,,
2018/12/3 0:59,,,,,
2018/12/3 1:05,,,,,
2018/12/3 1:10,,,,,
2018/12/3 1:17,,,,,
2018/12/3 1:24,,,,,
2018/12/3 1:29,,,,,
2018/12/3 1:36,,,,,
2018/12/3 1:41,,,,,
2018/12/3 1:47,,,,,
2018/12/3 1:53,,,,,
2018/12/3 1:59,,,,,
2018/12/3 2:05,,,,,
2018/12/3 2:10,,,,,
2018/12/3 2:17,,,,,
2018/12/3 2:22,,,,,
2018/12/3 2:27,,,,,
2018/12/3 2:34,,,,,
2018/12/3 2:40,,,,,
2018/12/3 2:46,,,,,
2018/12/3 2:52,,,,,
2018/12/3 2:59,,,,,
2018/12/3 3:05,,,,,
2018/12/3 3:12,,,,,
2018/12/3 3:19,,,,,
2018/12/3 3:25,,,,,
2018/12/3 3:31,,,,,
2018/12/3 3:37,,,,,
2018/12/3 3:42,,,,,
2018/12/3 3:47,,,,,
2018/12/3 3:53,,,,,
2018/12/3 3:59,,,,,
2018/12/3 4:05,,,,,
2018/12/3 4:12,,,,,
2018/12/3 4:17,,,,,
2018/12/3 4:22,,,,,
2018/12/3 4:35,,,,,
2018/12/3 4:41,,,,,
2018/12/3 4:47,,,,,
2018/12/3 4:53,,,,,
2018/12/3 4:58,,,,,
2018/12/3 5:04,,,,,
2018/12/3 5:11,,,,,
2018/12/3 5:17,,,,,
2018/12/3 5:23,,,,,
2018/12/3 5:29,,,,,
2018/12/3 5:35,,,,,
2018/12/3 5:41,,,,,
2018/12/3 5:48,,,,,
2018/12/3 5:53,,,,,
2018/12/3 5:59,,,,,
2018/12/3 6:04,,,,,
2018/12/3 6:09,,,,,
2018/12/3 6:15,,,,,
2018/12/3 6:21,,,,,
2018/12/3 6:27,,,,,
2018/12/3 6:34,,,,,
2018/12/3 6:41,,,,,
2018/12/3 6:46,,,,,
2018/12/3 6:53,,,,,
2018/12/3 6:58,,,,,
2018/12/3 7:03,,,,,
2018/12/3 7:10,,,,,
2018/12/3 7:15,,,,,
2018/12/3 7:21,,,,,
2018/12/3 7:27,,,,,
2018/12/3 7:33,,,,,
2018/12/3 7:39,,,,,
2018/12/3 7:45,,,,,
2018/12/3 7:51,,,,,
2018/12/3 7:56,,,,,
2018/12/3 8:02,,,,,
2018/12/3 8:08,,,,,
2018/12/3 8:15,,,,,
2018/12/3 8:21,,,,,
2018/12/3 8:27,,,,,
2018/12/3 8:32,,,,,
2018/12/3 8:38,,,,,
2018/12/3 8:44,,,,,
2018/12/3 8:50,,,,,
2018/12/3 8:57,,,,,
2018/12/3 9:04,,,,,
2018/12/3 9:09,,,,,
2018/12/3 9:15,,,,,
2018/12/3 9:22,,,,,
2018/12/3 9:28,,,,,
2018/12/3 9:33,,,,,
2018/12/3 9:39,,,,,
2018/12/3 9:45,,,,,
2018/12/3 9:52,,,,,
2018/12/3 9:57,,,,,
2018/12/3 10:02,,,,,
2018/12/3 10:07,,,,,
2018/12/3 10:14,,,,,
2018/12/3 10:20,,,,,
2018/12/3 10:25,,,,,
2018/12/3 10:31,,,,,
2018/12/3 10:38,,,,,
2018/12/3 10:44,,,,,
2018/12/3 10:51,,,,,
2018/12/3 10:58,,,,,
2018/12/3 11:04,,,,,
2018/12/3 11:11,,,,,
2018/12/3 11:18,,,,,
2018/12/3 11:25,,,,,
2018/12/3 11:31,,,,,
2018/12/3 11:37,,,,,
2018/12/3 11:44,,,,,
2018/12/3 11:50,,,,,
2018/12/3 11:56,,,,,
2018/12/3 12:02,,,,,
2018/12/3 12:07,,,,,
2018/12/3 12:14,,,,,
2018/12/3 12:20,,,,,
2018/12/3 12:26,,,,,
2018/12/3 12:33,,,,,
2018/12/3 12:39,,,,,
2018/12/3 12:44,,,,,
2018/12/3 12:51,,,,,
2018/12/3 12:58,,,,,
2018/12/3 13:03,,,,,
2018/12/3 13:09,,,,,
2018/12/3 13:15,,,,,
2018/12/3 13:21,,,,,
2018/12/3 13:26,,,,,
2018/12/3 13:33,,,,,
2018/12/3 13:39,,,,,
2018/12/3 13:44,,,,,
2018/12/3 13:49,,,,,
2018/12/3 13:55,,,,,
2018/12/3 14:00,,,,,
2018/12/3 14:06,,,,,
2018/12/3 14:13,,,,,
2018/12/3 14:19,,,,,
2018/12/3 14:25,,,,,
2018/12/3 14:32,,,,,
2018/12/3 14:39,,,,,
2018/12/3 14:44,,,,,
2018/12/3 14:49,,,,,
2018/12/3 14:56,,,,,
2018/12/3 15:02,,,,,
2018/12/3 15:08,,,,,
2018/12/3 15:15,,,,,
2018/12/3 15:22,,,,,
2018/12/3 15:29,,,,,
2018/12/3 15:34,,,,,
2018/12/3 15:41,,,,,
2018/12/3 15:46,,,,,
2018/12/3 15:53,,,,,
2018/12/3 15:59,,,,,
2018/12/3 16:05,,,,,
2018/12/3 16:12,,,,,
2018/12/3 16:19,,,,,
2018/12/3 16:25,,,,,
2018/12/3 16:31,,,,,
2018/12/3 16:38,,,,,
2018/12/3 16:44,,,,,
2018/12/3 16:50,,,,,
2018/12/3 16:57,,,,,
2018/12/3 17:02,,,,,
2018/12/3 17:09,,,,,
2018/12/3 17:16,,,,,
2018/12/3 17:21,,,,,
2018/12/3 17:28,,,,,
2018/12/3 17:33,,,,,
2018/12/3 17:39,,,,,
2018/12/3 17:46,,,,,
2018/12/3 17:52,,,,,
2018/12/3 17:58,,,,,
2018/12/3 18:04,,,,,
2018/12/3 18:09,,,,,
2018/12/3 18:15,,,,,
2018/12/3 18:22,,,,,
2018/12/3 18:28,,,,,
2018/12/3 18:33,,,,,
2018/12/3 18:39,,,,,
2018/12/3 18:45,,,,,
2018/12/3 18:51,,,,,
2018/12/3 18:56,,,,,
2018/12/3 19:02,,,,,
2018/12/3 19:09,,,,,
2018/12/3 19:15,,,,,
2018/12/3 19:21,,,,,
2018/12/3 19:27,,,,,
2018/12/3 19:33,,,,,
2018/12/3 19:39,,,,,
2018/12/3 19:45,,,,,
2018/12/3 19:52,,,,,
2018/12/3 19:57,,,,,
2018/12/3 20:04,,,,,
2018/12/3 20:10,,,,,
2018/12/3 20:16,,,,,
2018/12/3 20:22,,,,,
2018/12/3 20:29,,,,,
2018/12/3 20:36,,,,,
2018/12/3 20:41,,,,,
2018/12/3 20:46,,,,,
2018/12/3 20:52,,,,,
2018/12/3 20:58,,,,,
2018/12/3 21:03,,,,,
2018/12/3 21:10,,,,,
2018/12/3 21:16,,,,,
2018/12/3 21:22,,,,,
2018/12/3 21:29,,,,,
2018/12/3 21:35,,,,,
2018/12/3 21:42,,,,,
2018/12/3 21:48,,,,,
2018/12/3 21:54,,,,,
2018/12/3 22:00,,,,,
2018/12/3 22:06,,,,,
2018/12/3 22:11,,,,,
2018/12/3 22:17,,,,,
2018/12/3 22:23,,,,,
2018/12/3 22:28,,,,,
2018/12/3 22:35,,,,,
2018/12/3 22:40,,,,,
2018/12/3 22:46,,,,,
2018/12/3 22:52,,,,,
2018/12/3 22:59,,,,,
2018/12/3 23:04,,,,,
2018/12/3 23:11,,,,,
2018/12/3 23:16,,,,,
2018/12/3 23:21,,,,,
2018/12/3 23:28,,,,,
2018/12/3 23:34,,,,,
2018/12/3 23:40,,,,,
2018/12/3 23:47,,,,,
2018/12/3 23:52,,,,,
2018/12/3 23:58,,,,,
2018/12/4 0:03,,,,,
2018/12/4 0:09,,,,,
2018/12/4 0:16,,,,,
2018/12/4 0:22,,,,,
2018/12/4 0:28,,,,,
2018/12/4 0:34,,,,,
2018/12/4 0:41,,,,,
2018/12/4 0:47,,,,,
2018/12/4 0:54,,,,,
2018/12/4 0:59,,,,,
2018/12/4 1:05,,,,,
2018/12/4 1:11,,,,,
2018/12/4 1:16,,,,,
2018/12/4 1:22,,,,,
2018/12/4 1:28,,,,,
2018/12/4 1:34,,,,,
2018/12/4 1:40,,,,,
2018/12/4 1:46,,,,,
2018/12/4 1:52,,,,,
2018/12/4 1:58,,,,,
2018/12/4 2:04,,,,,
2018/12/4 2:10,,,,,
2018/12/4 2:17,,,,,
2018/12/4 2:24,,,,,
2018/12/4 2:29,,,,,
2018/12/4 2:36,,,,,
2018/12/4 2:43,,,,,
2018/12/4 2:50,,,,,
2018/12/4 2:56,,,,,
2018/12/4 3:01,,,,,
2018/12/4 3:08,,,,,
2018/12/4 3:13,,,,,
2018/12/4 3:18,,,,,
2018/12/4 3:25,,,,,
2018/12/4 3:30,,,,,
2018/12/4 3:36,,,,,
2018/12/4 3:43,,,,,
2018/12/4 3:48,,,,,
2018/12/4 3:54,,,,,
2018/12/4 4:01,,,,,
2018/12/4 4:07,,,,,
2018/12/4 4:13,,,,,
2018/12/4 4:20,,,,,
2018/12/4 4:26,,,,,
2018/12/4 4:31,,,,,
2018/12/4 4:37,,,,,
2018/12/4 4:43,,,,,
2018/12/4 4:49,,,,,
2018/12/4 4:56,,,,,
2018/12/4 5:02,,,,,
2018/12/4 5:09,,,,,
2018/12/4 5:14,,,,,
2018/12/4 5:20,,,,,
2018/12/4 5:25,,,,,
2018/12/4 5:32,,,,,
2018/12/4 5:38,,,,,
2018/12/4 5:45,,,,,
2018/12/4 5:51,,,,,
2018/12/4 5:58,,,,,
2018/12/4 6:04,,,,,
2018/12/4 6:11,,,,,
2018/12/4 6:17,,,,,
2018/12/4 6:23,,,,,
2018/12/4 6:28,,,,,
2018/12/4 6:34,,,,,
2018/12/4 6:41,,,,,
2018/12/4 6:46,,,,,
2018/12/4 6:52,,,,,
2018/12/4 6:59,,,,,
2018/12/4 7:11,,,,,
2018/12/4 7:17,,,,,
2018/12/4 7:24,,,,,
2018/12/4 7:30,,,,,
2018/12/4 7:36,,,,,
2018/12/4 7:42,,,,,
2018/12/4 7:47,,,,,
2018/12/4 7:53,,,,,
2018/12/4 7:58,,,,,
2018/12/4 8:05,,,,,
2018/12/4 8:10,,,,,
2018/12/4 8:16,,,,,
2018/12/4 8:21,,,,,
2018/12/4 8:28,,,,,
2018/12/4 8:34,,,,,
2018/12/4 8:39,,,,,
2018/12/4 8:46,,,,,
2018/12/4 8:51,,,,,
2018/12/4 8:57,,,,,
2018/12/4 9:03,,,,,
2018/12/4 9:09,,,,,
2018/12/4 9:15,,,,,
2018/12/4 9:21,,,,,
2018/12/4 9:28,,,,,
2018/12/4 9:35,,,,,
2018/12/4 9:41,,,,,
2018/12/4 9:46,,,,,
2018/12/4 9:53,,,,,
2018/12/4 9:59,,,,,
2018/12/4 10:05,,,,,
2018/12/4 10:11,,,,,
2018/12/4 10:16,,,,,
2018/12/4 10:22,,,,,
2018/12/4 10:28,,,,,
2018/12/4 10:34,,,,,
2018/12/4 10:40,,,,,
2018/12/4 10:47,,,,,
2018/12/4 10:52,,,,,
2018/12/4 10:59,,,,,
2018/12/4 11:05,,,,,
2018/12/4 11:11,,,,,
2018/12/4 11:17,,,,,
2018/12/4 11:23,,,,,
2018/12/4 11:30,,,,,
2018/12/4 11:36,,,,,
2018/12/4 11:43,,,,,
2018/12/4 11:48,,,,,
2018/12/4 11:54,,,,,
2018/12/4 12:00,,,,,
2018/12/4 12:06,,,,,
2018/12/4 12:12,,,,,
2018/12/4 12:19,,,,,
2018/12/4 12:25,,,,,
2018/12/4 12:30,,,,,
2018/12/4 12:36,,,,,
2018/12/4 12:41,,,,,
2018/12/4 12:48,,,,,
2018/12/4 12:54,,,,,
2018/12/4 13:00,,,,,
2018/12/4 13:07,,,,,
2018/12/4 13:13,,,,,
2018/12/4 13:18,,,,,
2018/12/4 13:25,,,,,
2018/12/4 13:32,,,,,
2018/12/4 13:38,,,,,
2018/12/4 13:43,,,,,
2018/12/4 13:49,,,,,
2018/12/4 13:54,,,,,
2018/12/4 14:01,,,,,
2018/12/4 14:06,,,,,
2018/12/4 14:13,,,,,
2018/12/4 14:20,,,,,
2018/12/4 14:25,,,,,
2018/12/4 14:32,,,,,
2018/12/4 14:38,,,,,
2018/12/4 14:44,,,,,
2018/12/4 14:50,,,,,
2018/12/4 14:55,,,,,
2018/12/4 15:01,,,,,
2018/12/4 15:06,,,,,
2018/12/4 15:12,,,,,
2018/12/4 15:18,,,,,
2018/12/4 15:25,,,,,
2018/12/4 15:31,,,,,
2018/12/4 15:37,,,,,
2018/12/4 15:43,,,,,
2018/12/4 15:49,,,,,
2018/12/4 15:55,,,,,
2018/12/4 16:01,,,,,
2018/12/4 16:07,,,,,
2018/12/4 16:14,,,,,
2018/12/4 16:20,,,,,
2018/12/4 16:26,,,,,
2018/12/4 16:32,,,,,
2018/12/4 16:37,,,,,
2018/12/4 16:44,,,,,
2018/12/4 16:49,,,,,
2018/12/4 16:55,,,,,
2018/12/4 17:01,,,,,
2018/12/4 17:06,,,,,
2018/12/4 17:13,,,,,
2018/12/4 17:18,,,,,
2018/12/4 17:24,,,,,
2018/12/4 17:30,,,,,
2018/12/4 17:35,,,,,
2018/12/4 17:42,,,,,
2018/12/4 17:48,,,,,
2018/12/4 17:54,,,,,
2018/12/4 18:00,,,,,
2018/12/4 18:07,,,,,
2018/12/4 18:14,,,,,
2018/12/4 18:20,,,,,
2018/12/4 18:26,,,,,
2018/12/4 18:32,,,,,
2018/12/4 18:38,,,,,
2018/12/4 18:45,,,,,
2018/12/4 18:51,,,,,
2018/12/4 18:57,,,,,
2018/12/4 19:04,,,,,
2018/12/4 19:10,,,,,
2018/12/4 19:15,,,,,
2018/12/4 19:22,,,,,
2018/12/4 19:29,,,,,
2018/12/4 19:35,,,,,
2018/12/4 19:40,,,,,
2018/12/4 19:46,,,,,
2018/12/4 19:51,,,,,
2018/12/4 19:57,,,,,
2018/12/4 20:04,,,,,
2018/12/4 20:10,,,,,
2018/12/4 20:17,,,,,
2018/12/4 20:22,,,,,
2018/12/4 20:28,,,,,
2018/12/4 20:33,,,,,
2018/12/4 20:39,,,,,
2018/12/4 20:45,,,,,
2018/12/4 20:51,,,,,
2018/12/4 20:58,,,,,
2018/12/4 21:03,,,,,
2018/12/4 21:09,,,,,
2018/12/4 21:15,,,,,
2018/12/4 21:21,,,,,
2018/12/4 21:27,,,,,
2018/12/4 21:33,,,,,
2018/12/4 21:39,,,,,
2018/12/4 21:46,,,,,
2018/12/4 21:52,,,,,
2018/12/4 21:58,,,,,
2018/12/4 22:04,,,,,
2018/12/4 22:10,,,,,
2018/12/4 22:17,,,,,
2018/12/4 22:23,,,,,
2018/12/4 22:28,,,,,
2018/12/4 22:34,,,,,
2018/12/4 22:40,,,,,
2018/12/4 22:46,,,,,
2018/12/4 22:52,,,,,
2018/12/4 22:58,,,,,
2018/12/4 23:03,,,,,
2018/12/4 23:10,,,,,
2018/12/4 23:15,,,,,
2018/12/4 23:21,,,,,
2018/12/4 23:26,,,,,
2018/12/4 23:33,,,,,
2018/12/4 23:39,,,,,
2018/12/4 23:46,,,,,
2018/12/4 23:52,,,,,
2018/12/4 23:57,,,,,
2018/12/5 0:03,,,,,
2018/12/5 0:10,,,,,
2018/12/5 0:16,,,,,
2018/12/5 0:22,,,,,
2018/12/5 0:29,,,,,
2018/12/5 0:36,,,,,
2018/12/5 0:41,,,,,
2018/12/5 0:46,,,,,
2018/12/5 0:53,,,,,
2018/12/5 1:00,,,,,
2018/12/5 1:06,,,,,
2018/12/5 1:11,,,,,
2018/12/5 1:16,,,,,
2018/12/5 1:22,,,,,
2018/12/5 1:28,,,,,
2018/12/5 1:34,,,,,
2018/12/5 1:40,,,,,
2018/12/5 1:46,,,,,
2018/12/5 1:52,,,,,
2018/12/5 1:58,,,,,
2018/12/5 2:03,,,,,
2018/12/5 2:10,,,,,
2018/12/5 2:17,,,,,
2018/12/5 2:23,,,,,
2018/12/5 2:30,,,,,
2018/12/5 2:35,,,,,
2018/12/5 2:40,,,,,
2018/12/5 2:47,,,,,
2018/12/5 2:54,,,,,
2018/12/5 3:00,,,,,
2018/12/5 3:07,,,,,
2018/12/5 3:14,,,,,
2018/12/5 3:20,,,,,
2018/12/5 3:26,,,,,
2018/12/5 3:32,,,,,
2018/12/5 3:37,,,,,
2018/12/5 3:43,,,,,
2018/12/5 3:49,,,,,
2018/12/5 3:54,,,,,
2018/12/5 4:00,,,,,
2018/12/5 4:06,,,,,
2018/12/5 4:11,,,,,
2018/12/5 4:18,,,,,
2018/12/5 4:24,,,,,
2018/12/5 4:30,,,,,
2018/12/5 4:36,,,,,
2018/12/5 4:43,,,,,
2018/12/5 4:49,,,,,
2018/12/5 4:55,,,,,
2018/12/5 5:01,,,,,
2018/12/5 5:07,,,,,
2018/12/5 5:14,,,,,
2018/12/5 5:21,,,,,
2018/12/5 5:27,,,,,
2018/12/5 5:34,,,,,
2018/12/5 5:39,,,,,
2018/12/5 5:46,,,,,
2018/12/5 5:51,,,,,
2018/12/5 5:58,,,,,
2018/12/5 6:04,,,,,
2018/12/5 6:09,,,,,
2018/12/5 6:14,,,,,
2018/12/5 6:21,,,,,
2018/12/5 6:27,,,,,
2018/12/5 6:32,,,,,
2018/12/5 6:39,,,,,
2018/12/5 6:45,,,,,
2018/12/5 6:51,,,,,
2018/12/5 6:58,,,,,
2018/12/5 7:03,,,,,
2018/12/5 7:09,,,,,
2018/12/5 7:14,,,,,
2018/12/5 7:20,,,,,
2018/12/5 7:26,,,,,
2018/12/5 7:31,,,,,
2018/12/5 7:36,,,,,
2018/12/5 7:42,,,,,
2018/12/5 7:49,,,,,
2018/12/5 7:55,,,,,
2018/12/5 8:01,,,,,
2018/12/5 8:07,,,,,
2018/12/5 8:12,,,,,
2018/12/5 8:18,,,,,
2018/12/5 8:24,,,,,
2018/12/5 8:29,,,,,
2018/12/5 8:34,,,,,
2018/12/5 8:40,,,,,
2018/12/5 8:45,,,,,
2018/12/5 8:51,,,,,
2018/12/5 8:58,,,,,
2018/12/5 9:04,,,,,
2018/12/5 9:10,,,,,
2018/12/5 9:17,,,,,
2018/12/5 9:23,,,,,
2018/12/5 9:28,,,,,
2018/12/5 9:35,,,,,
2018/12/5 9:41,,,,,
2018/12/5 9:47,,,,,
2018/12/5 9:54,,,,,
2018/12/5 9:59,,,,,
2018/12/5 10:05,,,,,
2018/12/5 10:10,,,,,
2018/12/5 10:16,,,,,
2018/12/5 10:21,,,,,
2018/12/5 10:27,,,,,
2018/12/5 10:33,,,,,
2018/12/5 10:39,,,,,
2018/12/5 10:45,,,,,
2018/12/5 10:52,,,,,
2018/12/5 10:59,,,,,
2018/12/5 11:05,,,,,
2018/12/5 11:12,,,,,
2018/12/5 11:17,,,,,
2018/12/5 11:23,,,,,
2018/12/5 11:30,,,,,
2018/12/5 11:36,,,,,
2018/12/5 11:42,,,,,
2018/12/5 11:49,,,,,
2018/12/5 11:54,,,,,
2018/12/5 11:59,,,,,
2018/12/5 12:04,,,,,
2018/12/5 12:10,,,,,
2018/12/5 12:16,,,,,
2018/12/5 12:22,,,,,
2018/12/5 12:28,,,,,
2018/12/5 12:35,,,,,
2018/12/5 12:41,,,,,
2018/12/5 12:47,,,,,
2018/12/5 12:53,,,,,
2018/12/5 12:59,,,,,
2018/12/5 13:05,,,,,
2018/12/5 13:12,,,,,
2018/12/5 13:17,,,,,
2018/12/5 13:23,,,,,
2018/12/5 13:30,,,,,
2018/12/5 13:36,,,,,
2018/12/5 13:41,,,,,
2018/12/5 13:46,,,,,
2018/12/5 13:52,,,,,
2018/12/5 13:58,,,,,
2018/12/5 14:03,,,,,
2018/12/5 14:09,,,,,
2018/12/5 14:15,,,,,
2018/12/5 14:22,,,,,
2018/12/5 14:28,,,,,
2018/12/5 14:34,,,,,
2018/12/5 14:40,,,,,
2018/12/5 14:47,,,,,
2018/12/5 14:53,,,,,
2018/12/5 15:00,,,,,
2018/12/5 15:06,,,,,
2018/12/5 15:12,,,,,
2018/12/5 15:18,,,,,
2018/12/5 15:24,,,,,
2018/12/5 15:30,,,,,
2018/12/5 15:36,,,,,
2018/12/5 15:43,,,,,
2018/12/5 15:50,,,,,
2018/12/5 15:55,,,,,
2018/12/5 16:01,,,,,
2018/12/5 16:08,,,,,
2018/12/5 16:13,,,,,
2018/12/5 16:20,,,,,
2018/12/5 16:27,,,,,
2018/12/5 16:34,,,,,
2018/12/5 16:39,,,,,
2018/12/5 16:46,,,,,
2018/12/5 16:51,,,,,
2018/12/5 16:57,,,,,
2018/12/5 17:04,,,,,
2018/12/5 17:09,,,,,
2018/12/5 17:14,,,,,
2018/12/5 17:20,,,,,
2018/12/5 17:26,,,,,
2018/12/5 17:31,,,,,
2018/12/5 17:37,,,,,
2018/12/5 17:43,,,,,
2018/12/5 17:49,,,,,
2018/12/5 17:54,,,,,
2018/12/5 18:00,,,,,
2018/12/5 18:06,,,,,
2018/12/5 18:12,,,,,
2018/12/5 18:18,,,,,
2018/12/5 18:24,,,,,
2018/12/5 18:31,,,,,
2018/12/5 18:37,,,,,
2018/12/5 18:44,,,,,
2018/12/5 18:50,,,,,
2018/12/5 18:56,,,,,
2018/12/5 19:03,,,,,
2018/12/5 19:09,,,,,
2018/12/5 19:14,,,,,
2018/12/5 19:20,,,,,
2018/12/5 19:26,,,,,
2018/12/5 19:33,,,,,
2018/12/5 19:39,,,,,
2018/12/5 19:45,,,,,
2018/12/5 19:50,,,,,
2018/12/5 19:56,,,,,
2018/12/5 20:01,,,,,
2018/12/5 20:06,,,,,
2018/12/5 20:12,,,,,
2018/12/5 20:19,,,,,
2018/12/5 20:25,,,,,
2018/12/5 20:32,,,,,
2018/12/5 20:38,,,,,
2018/12/5 20:45,,,,,
2018/12/5 20:52,,,,,
2018/12/5 20:57,,,,,
2018/12/5 21:03,,,,,
2018/12/5 21:09,,,,,
2018/12/5 21:14,,,,,
2018/12/5 21:20,,,,,
2018/12/5 21:25,,,,,
2018/12/5 21:31,,,,,
2018/12/5 21:38,,,,,
2018/12/5 21:45,,,,,
2018/12/5 21:51,,,,,
2018/12/5 21:56,,,,,
2018/12/5 22:02,,,,,
2018/12/5 22:09,,,,,
2018/12/5 22:14,,,,,
2018/12/5 22:19,,,,,
2018/12/5 22:25,,,,,
2018/12/5 22:31,,,,,
2018/12/5 22:37,,,,,
2018/12/5 22:43,,,,,
2018/12/5 22:49,,,,,
2018/12/5 22:55,,,,,
2018/12/5 23:00,,,,,
2018/12/5 23:06,,,,,
2018/12/5 23:11,,,,,
2018/12/5 23:18,,,,,
2018/12/5 23:24,,,,,
2018/12/5 23:30,,,,,
2018/12/5 23:36,,,,,
2018/12/5 23:42,,,,,
2018/12/5 23:47,,,,,
2018/12/5 23:54,,,,,
