time,data
2018-11-23T00:02:51+08:00,87f8081d270d
2018-11-23T00:07:53+08:00,7af8901c270d
2018-11-23T00:12:57+08:00,7df8b71c270d
2018-11-23T00:17:59+08:00,84f8071d270d
2018-11-23T00:23:01+08:00,88f8451d270d
2018-11-23T00:28:02+08:00,79f8e11c270d
2018-11-23T00:33:07+08:00,74f8951c270d
2018-11-23T00:38:10+08:00,78f8d91c270d
2018-11-23T00:43:11+08:00,80f82c1d2a0d
2018-11-23T00:48:15+08:00,7ff8521d270d
2018-11-23T00:53:17+08:00,70f8c61c270d
2018-11-23T00:58:18+08:00,6df8b01c270d
2018-11-23T01:03:18+08:00,72f8f71c270d
2018-11-23T01:08:22+08:00,79f8411d2a0d
2018-11-23T01:13:25+08:00,76f83c1d270d
2018-11-23T01:18:26+08:00,69f8ac1c270d
2018-11-23T01:23:30+08:00,6af8c01c270d
2018-11-23T01:28:32+08:00,6ff8101d270d
2018-11-23T01:33:35+08:00,78f8541d2a0d
2018-11-23T01:38:37+08:00,6df8191d2a0d
2018-11-23T01:43:38+08:00,60f8a21c270d
2018-11-23T01:48:43+08:00,67f8c81c270d
2018-11-23T01:53:44+08:00,6df8161d2a0d
2018-11-23T01:58:47+08:00,71f85a1d270d
2018-11-23T02:03:51+08:00,66f8fd1c270d
2018-11-23T02:08:56+08:00,5df8a01c270d
2018-11-23T02:13:57+08:00,63f8d21c270d
2018-11-23T02:19:01+08:00,6bf8241d270d
2018-11-23T02:24:03+08:00,6df85b1d270d
2018-11-23T02:29:07+08:00,5ef8e01c270d
2018-11-23T02:34:11+08:00,58f8a21c270d
2018-11-23T02:39:14+08:00,5ff8e11c270d
2018-11-23T02:44:15+08:00,66f8321d270d
2018-11-23T02:49:16+08:00,6bf85b1d270d
2018-11-23T02:54:16+08:00,5bf8d91c270d
2018-11-23T02:59:18+08:00,57f8a71c270d
2018-11-23T03:04:21+08:00,5cf8e91c270d
2018-11-23T03:09:26+08:00,62f8371d270d
2018-11-23T03:14:26+08:00,63f8581d270d
2018-11-23T03:19:28+08:00,57f8cd1c270d
2018-11-23T03:24:30+08:00,54f8ba1c270d
2018-11-23T03:29:32+08:00,5bf8fc1c270d
2018-11-23T03:34:32+08:00,62f84b1d270d
2018-11-23T03:39:32+08:00,5ff84a1d270d
2018-11-23T03:44:34+08:00,52f8bf1c270d
2018-11-23T03:49:35+08:00,51f8bd1c270d
2018-11-23T03:54:38+08:00,5bf8071d300d
2018-11-23T03:59:39+08:00,62f8561d270d
2018-11-23T04:04:44+08:00,5bf8421d270d
2018-11-23T04:09:46+08:00,50f8bc1c270d
2018-11-23T04:14:48+08:00,51f8ca1c300d
2018-11-23T04:19:53+08:00,56f8141d270d
2018-11-23T04:24:58+08:00,60f8611d270d
2018-11-23T04:29:59+08:00,56f8341d2a0d
2018-11-23T04:35:02+08:00,4bf8b61c300d
2018-11-23T04:40:05+08:00,51f8d01c270d
2018-11-23T04:45:09+08:00,54f81d1d270d
2018-11-23T04:50:10+08:00,5df8641d270d
2018-11-23T04:55:14+08:00,52f8271d270d
2018-11-23T05:00:16+08:00,49f8b51c270d
2018-11-23T05:05:17+08:00,4ef8d71c270d
2018-11-23T05:10:18+08:00,56f8241d270d
2018-11-23T05:15:20+08:00,5bf86c1d300d
2018-11-23T05:20:23+08:00,51f8271d270d
2018-11-23T05:25:26+08:00,48f8b81c270d
2018-11-23T05:30:26+08:00,4bf8dc1c270d
2018-11-23T05:35:28+08:00,56f82b1d270d
2018-11-23T05:40:32+08:00,5bf8701d270d
2018-11-23T05:45:33+08:00,4ff81e1d270d
2018-11-23T05:50:38+08:00,48f8b81c270d
2018-11-23T05:55:39+08:00,4af8e11c270d
2018-11-23T06:00:42+08:00,52f82d1d270d
2018-11-23T06:05:42+08:00,5af8731d270d
2018-11-23T06:10:47+08:00,4bf8131d270d
2018-11-23T06:15:51+08:00,45f8bb1c270d
2018-11-23T06:20:52+08:00,4bf8eb1c270d
2018-11-23T06:25:54+08:00,52f83a1d270d
2018-11-23T06:30:58+08:00,58f8771d270d
2018-11-23T06:35:59+08:00,4af80d1d270d
2018-11-23T06:41:04+08:00,42f8b81c270d
2018-11-23T06:46:07+08:00,49f8ed1c270d
2018-11-23T06:51:08+08:00,52f83a1d270d
2018-11-23T06:56:13+08:00,58f8781d270d
2018-11-23T07:01:16+08:00,49f80e1d2a0d
2018-11-23T07:06:17+08:00,45f8bb1c270d
2018-11-23T07:11:18+08:00,49f8ef1c270d
2018-11-23T07:16:22+08:00,50f83d1d270d
2018-11-23T07:21:23+08:00,56f8781d270d
2018-11-23T07:26:26+08:00,45f8061d270d
2018-11-23T07:31:28+08:00,41f8ba1c270d
2018-11-23T07:36:31+08:00,45f8f01c230d
2018-11-23T07:41:34+08:00,50f83b1d1e0d
2018-11-23T07:46:37+08:00,54f8781d270d
2018-11-23T07:51:42+08:00,45f8091d270d
2018-11-23T07:56:46+08:00,41f8be1c270d
2018-11-23T10:38:21+08:00,74f86e1d270d
2018-11-23T10:43:22+08:00,71f8391d270d
2018-11-23T10:48:24+08:00,75f8651d270d
2018-11-23T10:53:28+08:00,7ef8cd1d2a0d
2018-11-23T10:58:31+08:00,8af8201e270d
2018-11-23T11:03:34+08:00,93f80d1e270d
2018-11-23T11:08:38+08:00,9cf8221e270d
2018-11-23T11:13:41+08:00,a7f83f1e270d
2018-11-23T11:18:43+08:00,aaf8271e2a0d
2018-11-23T11:23:48+08:00,acf8f21d2a0d
2018-11-23T11:28:51+08:00,bbf82c1e2a0d
2018-11-23T11:33:54+08:00,c3f84b1e2a0d
2018-11-23T11:38:57+08:00,b9f8c11d2a0d
2018-11-23T11:44:02+08:00,b8f87f1d2a0d
2018-11-23T11:49:03+08:00,c3f8bd1d2a0d
2018-11-23T11:54:07+08:00,c7f8051e330d
2018-11-23T11:59:09+08:00,bef88f1d2a0d
2018-11-23T12:04:10+08:00,c2f86a1d2f0d
2018-11-23T12:09:12+08:00,c6f89a1d2a0d
2018-11-23T12:14:13+08:00,c1f88b1d2a0d
2018-11-23T12:19:18+08:00,aff8011d2a0d
2018-11-23T12:24:20+08:00,aff8061d2a0d
2018-11-23T12:29:25+08:00,b3f8511d270d
2018-11-23T12:34:27+08:00,aff8511d2a0d
2018-11-23T12:39:28+08:00,9ef8cd1c2a0d
2018-11-23T12:44:32+08:00,a3f8ff1c270d
2018-11-23T12:49:33+08:00,adf85a1d2f0d
2018-11-23T12:54:37+08:00,b2f8a41d2a0d
2018-11-23T12:59:39+08:00,aaf83e1d270d
2018-11-23T13:04:40+08:00,aff8441d270d
2018-11-23T13:09:41+08:00,c0f8d11d2a0d
2018-11-23T13:14:43+08:00,d0f83a1e270d
2018-11-23T13:19:47+08:00,d3f8241e2a0d
2018-11-23T13:24:51+08:00,d1f8d11d2a0d
2018-11-23T13:29:55+08:00,dbf8d41d2a0d
2018-11-23T13:34:56+08:00,e6f80b1e270d
2018-11-23T13:39:59+08:00,e1f8f31d2a0d
2018-11-23T13:45:04+08:00,e2f8ae1d330d
2018-11-23T13:50:04+08:00,f1f8081e2a0d
2018-11-23T13:55:08+08:00,03f9791e330d
2018-11-23T14:00:12+08:00,10f9bd1e2a0d
2018-11-23T14:05:14+08:00,1cf9d41e2a0d
2018-11-23T14:10:16+08:00,27f9e31e330d
2018-11-23T14:15:17+08:00,32f9d81e330d
2018-11-23T14:20:20+08:00,2bf93b1e330d
2018-11-23T14:25:26+08:00,25f9b81d330d
2018-11-23T14:30:28+08:00,27f9c11d330d
2018-11-23T14:35:32+08:00,28f9e51d370d
2018-11-23T14:40:36+08:00,18f9681d330d
2018-11-23T14:45:39+08:00,14f9411d3c0d
2018-11-23T14:50:42+08:00,1af9761d370d
2018-11-23T14:55:45+08:00,16f96e1d2a0d
2018-11-23T15:00:48+08:00,03f9e01c3c0d
2018-11-23T15:05:52+08:00,fff8de1c3c0d
2018-11-23T15:10:52+08:00,03f91f1d2f0d
2018-11-23T15:15:56+08:00,06f95c1d2a0d
2018-11-23T15:21:01+08:00,faf82a1d370d
2018-11-23T15:26:04+08:00,fdf81b1d2a0d
2018-11-23T15:31:05+08:00,06f9681d2f0d
2018-11-23T15:36:06+08:00,19f93c1e2a0d
2018-11-23T15:41:07+08:00,19f9f01d2f0d
2018-11-23T15:46:08+08:00,1df9ad1d2a0d
2018-11-23T15:51:11+08:00,22f9c21d330d
2018-11-23T15:56:15+08:00,1ff9811d330d
2018-11-23T16:01:20+08:00,0ff9001d330d
2018-11-23T16:06:22+08:00,0ff90e1d330d
2018-11-23T16:11:26+08:00,16f9471d330d
2018-11-23T16:16:31+08:00,08f9ff1c330d
2018-11-23T16:21:33+08:00,fbf8a01c330d
2018-11-23T16:26:37+08:00,fdf8d11c2a0d
2018-11-23T16:31:42+08:00,fff8151d2f0d
2018-11-23T16:36:45+08:00,f4f8ed1c370d
2018-11-23T16:41:48+08:00,e6f87a1c330d
2018-11-23T16:46:51+08:00,e6f8a71c330d
2018-11-23T16:51:53+08:00,f4f83a1d2f0d
2018-11-23T16:56:53+08:00,00f9851d2a0d
2018-11-23T17:01:56+08:00,00f9601d2a0d
2018-11-23T17:06:57+08:00,0df9841d370d
2018-11-23T17:11:57+08:00,17f9d51d330d
2018-11-23T17:16:59+08:00,11f97c1d330d
2018-11-23T17:22:03+08:00,0df9101d330d
2018-11-23T17:27:04+08:00,18f9811d370d
2018-11-23T17:32:08+08:00,27f9ed1d2f0d
2018-11-23T17:37:12+08:00,23f9a11d2a0d
2018-11-23T17:42:15+08:00,23f9541d330d
2018-11-23T17:47:17+08:00,28f9701d330d
2018-11-23T17:52:21+08:00,23f95c1d2f0d
2018-11-23T17:57:24+08:00,14f9cb1c330d
2018-11-23T18:02:26+08:00,11f9d21c330d
2018-11-23T18:07:27+08:00,16f9151d330d
2018-11-23T18:12:30+08:00,0ff9061d330d
2018-11-23T18:17:31+08:00,fdf87c1c2f0d
2018-11-23T18:22:32+08:00,fff8cf1c2a0d
2018-11-23T18:27:34+08:00,0df92c1d330d
2018-11-23T18:32:38+08:00,0af9281d330d
2018-11-23T18:37:40+08:00,f9f8941c2a0d
2018-11-23T18:42:43+08:00,f7f8aa1c2f0d
2018-11-23T18:47:45+08:00,fff8fd1c330d
2018-11-23T18:52:48+08:00,f9f8f81c330d
2018-11-23T18:57:49+08:00,e6f8751c2a0d
2018-11-23T19:02:52+08:00,e3f88d1c330d
2018-11-23T19:07:53+08:00,ebf8e21c330d
2018-11-23T19:12:57+08:00,e6f8f41c2a0d
2018-11-23T19:18:00+08:00,d3f8691c370d
2018-11-23T19:23:03+08:00,dcf80e1d2a0d
2018-11-23T19:28:07+08:00,e6f8ac1d2a0d
2018-11-23T19:33:11+08:00,e3f86f1d2a0d
2018-11-23T19:38:16+08:00,d6f8d91c2a0d
2018-11-23T19:43:18+08:00,ddf8f41c330d
2018-11-23T19:48:19+08:00,eff8b21d330d
2018-11-23T19:53:23+08:00,fbf8ea1d330d
2018-11-23T19:58:23+08:00,f1f8881d2a0d
2018-11-23T20:03:27+08:00,f0f8651d2f0d
2018-11-23T20:08:29+08:00,f6f8911d2f0d
2018-11-23T20:13:31+08:00,f6f89b1d2f0d
2018-11-23T20:18:33+08:00,e4f82b1d330d
2018-11-23T20:23:36+08:00,e3f8111d2a0d
2018-11-23T20:28:36+08:00,e6f84c1d2a0d
2018-11-23T20:33:40+08:00,e5f8611d2a0d
2018-11-23T20:38:44+08:00,d7f8ed1c2a0d
2018-11-23T20:43:47+08:00,d3f8e01c2a0d
2018-11-23T20:48:48+08:00,d6f8211d2a0d
2018-11-23T20:53:50+08:00,d8f8461d2a0d
2018-11-23T20:58:53+08:00,c6f8d81c2a0d
2018-11-23T21:03:58+08:00,c4f8c11c2a0d
2018-11-23T21:09:02+08:00,c6f8051d2a0d
2018-11-23T21:14:06+08:00,caf83b1d2a0d
2018-11-23T21:19:08+08:00,bff8161d2a0d
2018-11-23T21:24:12+08:00,bef8fd1c2a0d
2018-11-23T21:29:18+08:00,c5f8371d2a0d
2018-11-23T21:34:21+08:00,ccf87b1d270d
2018-11-23T21:39:24+08:00,d2f8bc1d2a0d
2018-11-23T21:44:29+08:00,d8f8cb1d2a0d
2018-11-23T21:49:33+08:00,e8f8121e370d
2018-11-23T21:54:38+08:00,f3f8421e370d
2018-11-23T21:59:39+08:00,ecf8ec1d2a0d
2018-11-23T22:04:44+08:00,e3f8891d2a0d
2018-11-23T22:09:48+08:00,e6f89b1d2a0d
2018-11-23T22:14:51+08:00,ebf8c21d2a0d
2018-11-23T22:19:54+08:00,e3f87b1d330d
2018-11-23T22:24:58+08:00,d5f8151d2a0d
2018-11-23T22:30:02+08:00,d9f83a1d330d
2018-11-23T22:35:05+08:00,ddf87b1d330d
2018-11-23T22:40:08+08:00,d3f8471d2a0d
2018-11-23T22:45:10+08:00,c6f8dc1c2a0d
2018-11-23T22:50:12+08:00,c9f8021d2f0d
2018-11-23T22:55:14+08:00,cef8501d2a0d
2018-11-23T23:00:20+08:00,c9f84f1d330d
2018-11-23T23:05:24+08:00,b8f8d11c2a0d
2018-11-23T23:10:29+08:00,b8f8e11c2a0d
2018-11-23T23:15:33+08:00,bef8291d2a0d
2018-11-23T23:20:38+08:00,bff85c1d2a0d
2018-11-23T23:25:41+08:00,adf8ea1c270d
2018-11-23T23:30:46+08:00,a8f8c31c2a0d
2018-11-23T23:35:47+08:00,adf8041d2a0d
2018-11-23T23:40:51+08:00,b3f84a1d2a0d
2018-11-23T23:45:52+08:00,a8f80a1d2a0d
2018-11-23T23:50:56+08:00,9df8ad1c2a0d
2018-11-23T23:55:57+08:00,a3f8dd1c2a0d
2018-11-24T00:01:01+08:00,a7f82a1d270d
2018-11-24T00:06:05+08:00,a4f8371d2a0d
2018-11-24T00:11:07+08:00,94f8b31c2a0d
2018-11-24T00:16:08+08:00,98f8b51c2a0d
2018-11-24T00:21:08+08:00,9bf8ff1c2a0d
2018-11-24T00:26:13+08:00,a0f8441d270d
2018-11-24T00:31:14+08:00,94f8f51c2a0d
2018-11-24T00:36:14+08:00,8bf89f1c2f0d
2018-11-24T00:41:18+08:00,8ff8cd1c2a0d
2018-11-24T00:46:19+08:00,97f81d1d270d
2018-11-24T00:51:24+08:00,97f84e1d2a0d
2018-11-24T00:56:28+08:00,8af8d11c270d
2018-11-24T01:01:32+08:00,88f8a71c2a0d
2018-11-24T01:06:35+08:00,8af8e71c270d
2018-11-24T01:11:36+08:00,93f8341d270d
2018-11-24T01:16:40+08:00,8bf8211d270d
2018-11-24T01:21:42+08:00,82f8aa1c2a0d
2018-11-24T01:26:45+08:00,80f8ba1c270d
2018-11-24T01:31:50+08:00,88f8041d270d
2018-11-24T01:36:51+08:00,8ef8461d270d
2018-11-24T01:41:52+08:00,82f8f71c270d
2018-11-24T01:46:55+08:00,7bf89f1c270d
2018-11-24T01:51:56+08:00,7ef8c81c270d
2018-11-24T01:57:00+08:00,80f8141d270d
2018-11-24T02:02:04+08:00,85f8471d2a0d
2018-11-24T02:07:04+08:00,79f8d71c270d
2018-11-24T02:12:04+08:00,76f8a31c270d
2018-11-24T02:17:06+08:00,7af8d91c270d
2018-11-24T02:22:09+08:00,83f8271d270d
2018-11-24T02:27:09+08:00,82f83e1d270d
2018-11-24T02:32:11+08:00,75f8c51c2a0d
2018-11-24T02:37:11+08:00,72f8af1c270d
2018-11-24T02:42:14+08:00,75f8ed1c270d
2018-11-24T02:47:17+08:00,7ff83d1d2a0d
2018-11-24T02:52:19+08:00,79f82d1d270d
2018-11-24T02:57:20+08:00,6df8ba1c2a0d
2018-11-24T03:02:22+08:00,6df8bc1c270d
2018-11-24T03:07:27+08:00,75f8ff1c270d
2018-11-24T03:12:28+08:00,7cf84e1d270d
2018-11-24T03:22:36+08:00,6bf8bd1c2a0d
2018-11-24T03:27:39+08:00,6ef8cb1c2a0d
2018-11-24T03:32:43+08:00,74f8101d270d
2018-11-24T03:37:48+08:00,78f8541d2a0d
2018-11-24T03:42:49+08:00,6cf8051d270d
2018-11-24T03:47:50+08:00,66f8b61c270d
2018-11-24T03:52:51+08:00,6df8da1c270d
2018-11-24T03:57:52+08:00,70f8231d270d
2018-11-24T04:02:53+08:00,77f85e1d270d
2018-11-24T04:07:58+08:00,69f8fb1c270d
2018-11-24T04:13:03+08:00,63f8b91c270d
2018-11-24T04:18:07+08:00,67f8e31c270d
2018-11-24T04:23:11+08:00,6ef82f1d270d
2018-11-24T04:28:15+08:00,70f8611d2a0d
2018-11-24T04:33:15+08:00,66f8f31c230d
2018-11-24T04:38:20+08:00,62f8c01c270d
2018-11-24T04:43:25+08:00,69f8f11c270d
2018-11-24T04:48:26+08:00,6df83c1d270d
2018-11-24T04:53:28+08:00,6df85d1d270d
2018-11-24T04:58:30+08:00,60f8e21c2a0d
2018-11-24T05:03:34+08:00,60f8c51c270d
2018-11-24T05:08:35+08:00,65f8021d270d
2018-11-24T05:13:36+08:00,6df84b1d270d
2018-11-24T05:18:37+08:00,6af84d1d270d
2018-11-24T05:23:38+08:00,5ef8d21c2a0d
2018-11-24T05:28:42+08:00,5ff8c81c300d
2018-11-24T05:33:46+08:00,65f8071d270d
2018-11-24T05:38:47+08:00,6bf8561d270d
2018-11-24T05:43:47+08:00,69f84e1d270d
2018-11-24T05:48:48+08:00,5bf8d51c270d
2018-11-24T05:53:50+08:00,5cf8ce1c300d
2018-11-24T05:58:51+08:00,63f80c1d270d
2018-11-24T06:03:53+08:00,6bf8591d270d
2018-11-24T06:08:54+08:00,66f84f1d270d
2018-11-24T06:13:55+08:00,5bf8d11c270d
2018-11-24T06:18:57+08:00,5af8cc1c300d
2018-11-24T06:23:59+08:00,5ff80d1d270d
2018-11-24T06:29:04+08:00,6af85a1d270d
2018-11-24T06:34:05+08:00,65f8581d270d
2018-11-24T06:39:10+08:00,5bf8dc1c2a0d
2018-11-24T06:44:13+08:00,5bf8d51c270d
2018-11-24T06:49:14+08:00,60f8121d270d
2018-11-24T06:54:15+08:00,69f85c1d270d
2018-11-24T06:59:15+08:00,60f84e1d270d
2018-11-24T07:04:18+08:00,58f8d71c2a0d
2018-11-24T07:09:20+08:00,56f8d51c270d
2018-11-24T07:14:21+08:00,5ff8171d2a0d
2018-11-24T07:19:26+08:00,67f8641d270d
2018-11-24T07:24:31+08:00,62f8511d270d
2018-11-24T07:29:35+08:00,58f8da1c270d
2018-11-24T07:34:37+08:00,58f8da1c270d
2018-11-24T07:39:38+08:00,5bf81b1d270d
2018-11-24T07:44:42+08:00,66f8671d270d
2018-11-24T07:49:47+08:00,5df83e1d270d
2018-11-24T07:54:51+08:00,54f8d21c270d
2018-11-24T07:59:53+08:00,58f8e11c270d
2018-11-24T14:18:35+08:00,88f8841d2a0d
2018-11-24T14:23:40+08:00,91f8b51d2a0d
2018-11-24T14:28:44+08:00,91f8c31d2a0d
2018-11-24T14:33:47+08:00,7ff8421d270d
2018-11-24T14:38:48+08:00,80f82e1d270d
2018-11-24T14:43:50+08:00,88f8641d270d
2018-11-24T14:48:52+08:00,8df8a81d270d
2018-11-24T14:53:57+08:00,86f8ab1d2a0d
2018-11-24T14:59:00+08:00,85f8711d2a0d
2018-11-24T15:04:03+08:00,8df8931d270d
2018-11-24T15:09:07+08:00,95f8cb1d270d
2018-11-24T15:14:10+08:00,98f8031e2a0d
2018-11-24T15:19:15+08:00,a1f8311e2a0d
2018-11-24T15:24:19+08:00,abf8511e270d
2018-11-24T15:29:22+08:00,b6f86b1e2a0d
2018-11-24T15:34:25+08:00,adf8051e2a0d
2018-11-24T15:39:29+08:00,adf8d61d2a0d
2018-11-24T15:44:31+08:00,b7f8f31d2a0d
2018-11-24T15:49:34+08:00,c1f8431e2a0d
2018-11-24T15:54:37+08:00,bcf8121e2a0d
2018-11-24T15:59:38+08:00,b8f8bc1d2f0d
2018-11-24T16:04:43+08:00,bcf8cf1d2a0d
2018-11-24T16:09:44+08:00,c5f8001e2a0d
2018-11-24T16:14:48+08:00,bcf8d81d2a0d
2018-11-24T16:19:50+08:00,b4f8681d2a0d
2018-11-24T16:24:54+08:00,b8f8821d2a0d
2018-11-24T16:29:57+08:00,c4f8d91d2a0d
2018-11-24T16:34:59+08:00,bef8a41d2a0d
2018-11-24T16:40:02+08:00,b6f84a1d330d
2018-11-24T16:45:07+08:00,baf8651d2f0d
2018-11-24T16:50:09+08:00,c0f8a51d270d
2018-11-24T16:55:10+08:00,c0f8a81d2a0d
2018-11-24T17:00:12+08:00,adf8271d2a0d
2018-11-24T17:05:12+08:00,b0f81e1d2a0d
2018-11-24T17:10:17+08:00,b4f8651d2a0d
2018-11-24T17:15:17+08:00,b7f88b1d2a0d
2018-11-24T17:20:20+08:00,a8f8111d2a0d
2018-11-24T17:25:21+08:00,a3f8ed1c2a0d
2018-11-24T17:30:24+08:00,aaf82e1d2a0d
2018-11-24T17:35:28+08:00,aff8731d2a0d
2018-11-24T17:40:32+08:00,a1f8341d2a0d
2018-11-24T17:45:35+08:00,99f8d21c2a0d
2018-11-24T17:50:38+08:00,9bf8001d270d
2018-11-24T17:55:40+08:00,a2f84a1d2a0d
2018-11-24T18:00:41+08:00,9ef8451d2a0d
2018-11-24T18:05:46+08:00,8cf8bc1c330d
2018-11-24T18:10:46+08:00,8df8c91c2a0d
2018-11-24T18:15:51+08:00,99f83a1d270d
2018-11-24T18:20:56+08:00,a2f8991d2a0d
2018-11-24T18:25:56+08:00,99f84e1d330d
2018-11-24T18:31:01+08:00,96f80b1d270d
2018-11-24T18:36:04+08:00,9bf8371d2a0d
2018-11-24T18:41:08+08:00,a6f8731d270d
2018-11-24T18:46:10+08:00,9cf84c1d270d
2018-11-24T18:51:11+08:00,8df8d71c2f0d
2018-11-24T18:56:11+08:00,94f8fa1c2a0d
2018-11-24T19:01:16+08:00,9af8411d2a0d
2018-11-24T19:06:21+08:00,98f8571d270d
2018-11-24T19:11:24+08:00,87f8d21c2a0d
2018-11-24T19:16:27+08:00,87f8c91c270d
2018-11-24T19:21:32+08:00,8ef8141d2a0d
2018-11-24T19:26:33+08:00,93f8551d270d
2018-11-24T19:31:37+08:00,85f8f71c2a0d
2018-11-24T19:36:40+08:00,7ef8aa1c2a0d
2018-11-24T19:41:42+08:00,83f8e51c2a0d
2018-11-24T19:46:45+08:00,8af8371d2a0d
2018-11-24T19:51:50+08:00,88f83f1d2a0d
2018-11-24T19:56:52+08:00,79f8b81c330d
2018-11-24T20:01:56+08:00,7bf8bb1c270d
2018-11-24T20:07:00+08:00,80f8071d270d
2018-11-24T20:12:03+08:00,85f8451d2a0d
2018-11-24T20:17:05+08:00,78f8ea1c270d
2018-11-24T20:22:08+08:00,72f89e1c270d
2018-11-24T20:27:08+08:00,77f8d41c270d
2018-11-24T20:32:12+08:00,7ef8261d2a0d
2018-11-24T20:37:17+08:00,7df83d1d2a0d
2018-11-24T20:42:20+08:00,6df8ba1c2a0d
2018-11-24T20:47:21+08:00,6ef8ad1c270d
2018-11-24T20:52:23+08:00,76f8f41c2a0d
2018-11-24T20:57:27+08:00,7ff8411d2a0d
2018-11-24T21:02:31+08:00,75f80d1d270d
2018-11-24T21:07:36+08:00,6af8a01c270d
2018-11-24T21:12:40+08:00,6df8c21c2a0d
2018-11-24T21:17:44+08:00,75f8111d270d
2018-11-24T21:22:49+08:00,79f8511d270d
2018-11-24T21:27:50+08:00,6af8ed1c270d
2018-11-24T21:32:52+08:00,66f8a31c2a0d
2018-11-24T21:37:57+08:00,69f8d71c270d
2018-11-24T21:43:02+08:00,71f8261d2a0d
2018-11-24T21:48:05+08:00,72f8501d2a0d
2018-11-24T21:53:05+08:00,68f8cc1c2a0d
2018-11-24T21:58:09+08:00,63f8aa1c270d
2018-11-24T22:03:12+08:00,69f8ea1c270d
2018-11-24T22:08:15+08:00,6ff83a1d270d
2018-11-24T22:13:16+08:00,6df8381d270d
2018-11-24T22:18:21+08:00,5ff8b71c270d
2018-11-24T22:23:25+08:00,63f8c01c270d
2018-11-24T22:28:29+08:00,6af8091d270d
2018-11-24T22:33:32+08:00,6ff8531d270d
2018-11-24T22:38:37+08:00,66f80b1d300d
2018-11-24T22:43:41+08:00,5ff8aa1c270d
2018-11-24T22:48:43+08:00,61f8d41c270d
2018-11-24T22:53:48+08:00,6ff8541d2a0d
2018-11-24T22:58:53+08:00,71f8921d2a0d
2018-11-24T23:03:53+08:00,63f81c1d270d
2018-11-24T23:08:57+08:00,61f8df1c2a0d
2018-11-24T23:13:57+08:00,6bf8191d270d
2018-11-24T23:19:02+08:00,71f85f1d300d
2018-11-24T23:24:04+08:00,70f8651d270d
2018-11-24T23:29:06+08:00,5ff8d61c270d
2018-11-24T23:34:08+08:00,62f8d21c270d
2018-11-24T23:39:09+08:00,69f81a1d300d
2018-11-24T23:44:10+08:00,72f8651d270d
2018-11-24T23:49:12+08:00,68f8381d270d
2018-11-24T23:54:14+08:00,5bf8bf1c270d
2018-11-24T23:59:17+08:00,5ff8db1c270d
2018-11-25T00:04:22+08:00,6af8271d270d
2018-11-25T00:09:23+08:00,6ef86a1d270d
2018-11-25T00:14:25+08:00,62f80a1d270d
2018-11-25T00:19:30+08:00,5bf8b31c270d
2018-11-25T00:24:31+08:00,60f8e31c2a0d
2018-11-25T00:29:32+08:00,69f8331d270d
2018-11-25T00:34:34+08:00,6df86e1d2a0d
2018-11-25T00:39:35+08:00,5ff8fe1c270d
2018-11-25T00:44:38+08:00,58f8b31c270d
2018-11-25T00:49:43+08:00,5df8ea1c2a0d
2018-11-25T00:54:43+08:00,66f83b1d270d
2018-11-25T00:59:47+08:00,6cf8741d300d
2018-11-25T01:04:50+08:00,5df8fc1c2a0d
2018-11-25T01:09:53+08:00,58f8bb1c270d
2018-11-25T01:14:58+08:00,5ff8f61c2a0d
2018-11-25T01:20:01+08:00,67f8441d270d
2018-11-25T01:25:04+08:00,68f8631d270d
2018-11-25T01:30:09+08:00,58f8da1c270d
2018-11-25T01:35:11+08:00,58f8c01c2a0d
2018-11-25T01:40:13+08:00,5cf8051d2a0d
2018-11-25T01:45:16+08:00,68f8541d270d
2018-11-25T01:50:21+08:00,62f8571d270d
2018-11-25T01:55:21+08:00,54f8cd1c270d
2018-11-25T02:00:23+08:00,56f8c61c270d
2018-11-25T02:05:26+08:00,5ef80e1d300d
2018-11-25T02:10:27+08:00,65f85b1d270d
2018-11-25T02:15:30+08:00,60f84c1d270d
2018-11-25T02:20:33+08:00,54f8c41c270d
2018-11-25T02:25:36+08:00,56f8cc1c270d
2018-11-25T02:30:41+08:00,5cf8171d270d
2018-11-25T02:35:44+08:00,63f8641d270d
2018-11-25T02:40:46+08:00,5cf84e1d270d
2018-11-25T02:45:49+08:00,52f8c41c270d
2018-11-25T02:50:53+08:00,54f8cf1c1e0d
2018-11-25T02:55:54+08:00,5df81a1d270d
2018-11-25T03:00:56+08:00,62f8671d270d
2018-11-25T03:05:59+08:00,5cf8481d270d
2018-11-25T03:11:00+08:00,50f8c11c2a0d
2018-11-25T03:16:01+08:00,54f8d51c270d
2018-11-25T03:21:04+08:00,5af8211d270d
2018-11-25T03:26:08+08:00,65f86e1d270d
2018-11-25T03:31:11+08:00,5af83a1d270d
2018-11-25T03:36:15+08:00,4ff8c21c270d
2018-11-25T03:41:17+08:00,53f8df1c270d
2018-11-25T03:46:21+08:00,5bf82b1d270d
2018-11-25T03:51:24+08:00,5ff8711d300d
2018-11-25T03:56:29+08:00,56f81f1d270d
2018-11-25T04:01:30+08:00,4ff8c11c330d
2018-11-25T04:06:35+08:00,54f8f01c2a0d
2018-11-25T04:11:39+08:00,5df83e1d270d
2018-11-25T04:16:40+08:00,5ff86e1d270d
2018-11-25T04:21:42+08:00,50f8f01c270d
2018-11-25T04:26:43+08:00,4ff8c01c2a0d
2018-11-25T04:31:46+08:00,56f8041d270d
2018-11-25T04:36:51+08:00,5ef8511d300d
2018-11-25T04:41:53+08:00,5df85e1d2a0d
2018-11-25T04:46:55+08:00,4cf8d21c270d
2018-11-25T04:51:59+08:00,4ff8c21c270d
2018-11-25T04:57:04+08:00,56f80c1d270d
2018-11-25T05:02:06+08:00,5ff8571d270d
2018-11-25T05:07:08+08:00,5bf85e1d270d
2018-11-25T05:12:08+08:00,4df8d61c270d
2018-11-25T05:17:10+08:00,4ff8d01c270d
2018-11-25T05:22:12+08:00,56f8191d270d
2018-11-25T05:27:15+08:00,5df8601d270d
2018-11-25T05:32:19+08:00,5af84d1d270d
2018-11-25T05:37:20+08:00,4af8cb1c270d
2018-11-25T05:42:23+08:00,4ef8db1c270d
2018-11-25T05:47:25+08:00,54f8251d270d
2018-11-25T05:52:29+08:00,5df8681d270d
2018-11-25T05:57:34+08:00,54f8311d270d
2018-11-25T06:02:36+08:00,4bf8c01c270d
2018-11-25T06:07:39+08:00,50f8e71c270d
2018-11-25T06:12:40+08:00,58f8341d270d
2018-11-25T06:17:43+08:00,5cf86e1d270d
2018-11-25T06:22:46+08:00,50f8141d270d
2018-11-25T06:27:47+08:00,4bf8c01c270d
2018-11-25T06:32:50+08:00,50f8f71c270d
2018-11-25T06:37:51+08:00,58f8441d270d
2018-11-25T06:42:55+08:00,5bf86d1d270d
2018-11-25T06:47:59+08:00,4cf8ef1c270d
2018-11-25T06:53:00+08:00,4cf8c21c270d
2018-11-25T06:58:02+08:00,52f8051d270d
2018-11-25T07:03:03+08:00,58f84e1d270d
2018-11-25T07:08:07+08:00,5af8641d270d
2018-11-25T07:13:10+08:00,4bf8e11c270d
2018-11-25T07:18:15+08:00,4bf8cd1c2a0d
2018-11-25T07:23:19+08:00,54f8131d270d
2018-11-25T07:28:21+08:00,5af85e1d2a0d
2018-11-25T07:33:25+08:00,56f8541d2a0d
2018-11-25T07:38:28+08:00,4bf8ce1c270d
2018-11-25T07:43:31+08:00,4cf8db1c270d
2018-11-25T07:48:31+08:00,54f8241d270d
2018-11-25T07:53:34+08:00,5bf8681d270d
2018-11-25T07:58:37+08:00,52f8341d270d
2018-11-25T08:03:40+08:00,4bf8c01c300d
2018-11-25T08:08:42+08:00,4df8e01c270d
2018-11-25T08:13:45+08:00,53f8281d2a0d
2018-11-25T08:18:48+08:00,5bf86a1d270d
2018-11-25T08:23:51+08:00,4ff8261d270d
2018-11-25T08:28:53+08:00,48f8c01c270d
2018-11-25T08:33:55+08:00,4cf8ed1c270d
2018-11-25T08:38:56+08:00,54f8371d270d
2018-11-25T08:43:58+08:00,5af8701d270d
2018-11-25T08:49:02+08:00,4ff8171d270d
2018-11-25T08:54:03+08:00,4af8bd1c270d
2018-11-25T08:59:05+08:00,4af8ee1c270d
2018-11-25T09:04:07+08:00,54f8361d270d
2018-11-25T09:09:10+08:00,5bf8771d270d
2018-11-25T09:14:14+08:00,50f8281d270d
2018-11-25T09:19:17+08:00,4bf8c91c270d
2018-11-25T09:24:19+08:00,4ff8071d270d
2018-11-25T09:29:21+08:00,5af86b1d270d
2018-11-25T09:34:23+08:00,65f8b31d270d
2018-11-25T09:39:25+08:00,5af8551d270d
2018-11-25T09:44:30+08:00,59f82c1d270d
2018-11-25T09:49:33+08:00,5ef8571d270d
2018-11-25T09:54:38+08:00,68f88c1d270d
2018-11-25T09:59:39+08:00,60f8721d270d
2018-11-25T10:04:41+08:00,52f8f01c2a0d
2018-11-25T10:09:42+08:00,58f8061d270d
2018-11-25T10:14:43+08:00,60f8481d270d
2018-11-25T10:19:46+08:00,66f8881d270d
2018-11-25T10:24:51+08:00,59f8351d270d
2018-11-25T10:29:55+08:00,52f8d61c270d
2018-11-25T10:34:58+08:00,5cf80d1d2a0d
2018-11-25T10:39:59+08:00,60f8571d270d
2018-11-25T10:45:00+08:00,65f8801d2a0d
2018-11-25T10:50:03+08:00,54f8fc1c270d
2018-11-25T10:55:05+08:00,52f8da1c270d
2018-11-25T11:00:08+08:00,5af81a1d270d
2018-11-25T11:05:13+08:00,5ff8601d330d
2018-11-25T11:10:17+08:00,5ff86d1d270d
2018-11-25T11:15:19+08:00,50f8e11c2a0d
2018-11-25T11:20:21+08:00,53f8de1c270d
2018-11-25T11:25:24+08:00,5af8231d270d
2018-11-25T11:30:25+08:00,60f8661d270d
2018-11-25T11:35:26+08:00,68f8d51d270d
2018-11-25T11:40:30+08:00,6bf8c21d270d
2018-11-25T11:45:31+08:00,77f8c41d2a0d
2018-11-25T11:50:34+08:00,84f8e81d2a0d
2018-11-25T11:55:38+08:00,88f80c1e270d
2018-11-25T12:00:41+08:00,7ef88e1d270d
2018-11-25T12:05:46+08:00,80f86e1d270d
2018-11-25T12:10:49+08:00,89f8ae1d270d
2018-11-25T12:15:51+08:00,92f8da1d270d
2018-11-25T12:20:55+08:00,85f8681d2f0d
2018-11-25T12:25:56+08:00,82f8391d2a0d
2018-11-25T12:30:58+08:00,89f8691d2a0d
2018-11-25T12:36:00+08:00,8ff8a11d2a0d
2018-11-25T12:41:04+08:00,82f8531d270d
2018-11-25T12:46:06+08:00,7cf8081d270d
2018-11-25T12:51:08+08:00,80f8341d270d
2018-11-25T12:56:12+08:00,86f8791d2a0d
2018-11-25T13:01:13+08:00,83f86b1d270d
2018-11-25T13:06:16+08:00,7ef85f1d2a0d
2018-11-25T13:11:20+08:00,84f86e1d2a0d
2018-11-25T13:16:22+08:00,91f8b51d2a0d
2018-11-25T13:21:24+08:00,95f8d21d270d
2018-11-25T13:26:29+08:00,88f84a1d2a0d
2018-11-25T13:31:29+08:00,8cf83e1d2a0d
2018-11-25T13:36:33+08:00,94f8731d270d
2018-11-25T13:41:37+08:00,97f89d1d270d
2018-11-25T13:46:39+08:00,88f8281d270d
2018-11-25T13:51:43+08:00,88f8031d2a0d
2018-11-25T13:56:48+08:00,8df83e1d2a0d
2018-11-25T14:01:50+08:00,93f87e1d2a0d
2018-11-25T14:06:54+08:00,85f83e1d2a0d
2018-11-25T14:11:55+08:00,7ef8e71c2a0d
2018-11-25T14:16:56+08:00,82f8121d2a0d
2018-11-25T14:21:59+08:00,88f8571d270d
2018-11-25T14:27:01+08:00,85f86f1d270d
2018-11-25T14:32:05+08:00,75f8ec1c2a0d
2018-11-25T14:37:05+08:00,77f8ee1c2a0d
2018-11-25T14:42:08+08:00,7df8321d270d
2018-11-25T14:47:09+08:00,86f8711d270d
2018-11-25T14:52:13+08:00,76f81c1d270d
2018-11-25T14:57:17+08:00,70f8cd1c270d
2018-11-25T15:02:20+08:00,76f8091d270d
2018-11-25T15:07:24+08:00,89f8b81d270d
2018-11-25T15:12:27+08:00,93f8eb1d2a0d
2018-11-25T15:17:28+08:00,93f87e1d270d
2018-11-25T15:22:32+08:00,98f88b1d2a0d
2018-11-25T15:27:34+08:00,a8f8dc1d2a0d
2018-11-25T15:32:37+08:00,a9f8e11d2a0d
2018-11-25T15:37:41+08:00,a3f86e1d2a0d
2018-11-25T15:42:43+08:00,acf87a1d2a0d
2018-11-25T15:47:48+08:00,b6f8b71d330d
2018-11-25T15:52:49+08:00,b5f8ba1d2a0d
2018-11-25T15:57:54+08:00,b2f8711d2a0d
2018-11-25T16:02:56+08:00,bef88e1d2a0d
2018-11-25T16:08:00+08:00,c8f8cc1d2a0d
2018-11-25T16:13:02+08:00,c3f89e1d2a0d
2018-11-25T16:18:04+08:00,b6f81a1d2a0d
2018-11-25T16:23:05+08:00,b9f8311d2a0d
2018-11-25T16:28:09+08:00,c5f8831d2a0d
2018-11-25T16:33:13+08:00,c5f8ab1d2a0d
2018-11-25T16:38:18+08:00,bef8371d2a0d
2018-11-25T16:43:20+08:00,c2f83d1d2a0d
2018-11-25T16:48:24+08:00,ccf8801d2f0d
2018-11-25T16:53:28+08:00,c6f8631d2a0d
2018-11-25T16:58:29+08:00,b7f8df1c2a0d
2018-11-25T17:03:32+08:00,b8f8f81c2a0d
2018-11-25T17:08:36+08:00,c2f8461d2a0d
2018-11-25T17:13:38+08:00,bcf8411d2a0d
2018-11-25T17:18:40+08:00,aaf8b61c2f0d
2018-11-25T17:23:40+08:00,aaf8c31c2a0d
2018-11-25T17:28:43+08:00,b1f8111d330d
2018-11-25T17:33:47+08:00,b4f8421d2a0d
2018-11-25T17:38:52+08:00,a2f8c31c2a0d
2018-11-25T17:43:56+08:00,9ef8a51c2a0d
2018-11-25T17:49:00+08:00,a7f8f41c2a0d
2018-11-25T17:54:01+08:00,acf8371d2a0d
2018-11-25T17:59:04+08:00,99f8cd1c2a0d
2018-11-25T18:04:09+08:00,91f8811c2a0d
2018-11-25T18:09:10+08:00,99f8c61c2a0d
2018-11-25T18:14:11+08:00,a3f81e1d270d
2018-11-25T18:19:12+08:00,9bf8151d2a0d
2018-11-25T18:24:13+08:00,8af8851c270d
2018-11-25T18:29:15+08:00,8cf8911c2a0d
2018-11-25T18:34:17+08:00,93f8e61c270d
2018-11-25T18:39:22+08:00,97f82c1d270d
2018-11-25T18:44:22+08:00,8af8ca1c270d
2018-11-25T18:49:25+08:00,84f8721c270d
2018-11-25T18:54:29+08:00,86f8ac1c2a0d
2018-11-25T18:59:32+08:00,8ef8011d2a0d
2018-11-25T19:04:37+08:00,8ff8281d2a0d
2018-11-25T19:09:42+08:00,7ef89f1c2a0d
2018-11-25T19:14:44+08:00,7bf87c1c2a0d
2018-11-25T19:19:44+08:00,82f8c11c270d
2018-11-25T19:24:45+08:00,8af8181d2a0d
2018-11-25T19:29:45+08:00,88f8161d270d
2018-11-25T19:34:50+08:00,79f8891c270d
2018-11-25T19:39:55+08:00,78f88e1c2a0d
2018-11-25T19:44:58+08:00,7ef8d71c2a0d
2018-11-25T19:50:00+08:00,82f8281d270d
2018-11-25T19:55:02+08:00,7bf8e71c270d
2018-11-25T20:00:04+08:00,70f87a1c270d
2018-11-25T20:05:07+08:00,75f89d1c270d
2018-11-25T20:10:11+08:00,7bf8f41c2a0d
2018-11-25T20:15:14+08:00,80f8321d270d
2018-11-25T20:20:16+08:00,71f8c91c2a0d
2018-11-25T20:25:20+08:00,6af8801c2a0d
2018-11-25T20:30:24+08:00,71f8b61c2a0d
2018-11-25T20:35:29+08:00,78f80c1d270d
2018-11-25T20:40:33+08:00,79f8351d270d
2018-11-25T20:45:36+08:00,6bf8b01c270d
2018-11-25T20:50:41+08:00,66f8871c270d
2018-11-25T20:55:43+08:00,6df8cd1c270d
2018-11-25T21:00:45+08:00,76f8221d2a0d
2018-11-25T21:05:47+08:00,72f8291d270d
2018-11-25T21:10:49+08:00,66f8a01c270d
2018-11-25T21:15:52+08:00,67f89e1c270d
2018-11-25T21:20:53+08:00,6af8ea1c270d
2018-11-25T21:25:56+08:00,71f8341d270d
2018-11-25T21:30:57+08:00,69f8071d270d
2018-11-25T21:36:02+08:00,5ff88d1c270d
2018-11-25T21:41:03+08:00,62f8aa1c2a0d
2018-11-25T21:46:08+08:00,6bf8fa1c2a0d
2018-11-25T21:51:10+08:00,75f8571d270d
2018-11-25T21:56:14+08:00,66f8171d270d
2018-11-25T22:01:17+08:00,65f8d51c330d
2018-11-25T22:06:21+08:00,72f8191d270d
2018-11-25T22:11:23+08:00,7bf8621d2a0d
2018-11-25T22:16:26+08:00,78f86c1d270d
2018-11-25T22:21:28+08:00,68f8d31c270d
2018-11-25T22:26:31+08:00,6cf8cd1c270d
2018-11-25T22:31:34+08:00,70f8161d2a0d
2018-11-25T22:36:38+08:00,7af8611d270d
2018-11-25T22:41:39+08:00,6ff81d1d270d
2018-11-25T22:46:42+08:00,63f8a61c270d
2018-11-25T22:51:43+08:00,69f8cb1c270d
2018-11-25T22:56:45+08:00,70f81c1d270d
2018-11-25T23:01:48+08:00,78f8541d270d
2018-11-25T23:06:49+08:00,66f8d71c270d
2018-11-25T23:11:50+08:00,62f8991c2a0d
2018-11-25T23:16:52+08:00,6af8d51c270d
2018-11-25T23:21:55+08:00,70f82b1d270d
2018-11-25T23:26:56+08:00,71f84a1d270d
2018-11-25T23:31:59+08:00,62f8bc1c270d
2018-11-25T23:37:02+08:00,5ff8a01c270d
2018-11-25T23:42:03+08:00,69f8ea1c270d
2018-11-25T23:47:04+08:00,70f83c1d270d
2018-11-25T23:52:08+08:00,6bf83e1d270d
2018-11-25T23:57:10+08:00,60f8b11c2a0d
2018-11-26T00:02:13+08:00,60f8aa1c270d
2018-11-26T00:07:14+08:00,66f8f21c270d
2018-11-26T00:12:15+08:00,6df83f1d270d
2018-11-26T00:17:19+08:00,66f8221d2a0d
2018-11-26T00:22:23+08:00,5bf89e1c270d
2018-11-26T00:27:25+08:00,5df8b31c270d
2018-11-26T00:32:27+08:00,62f8ff1c270d
2018-11-26T00:37:28+08:00,6af84a1d270d
2018-11-26T00:42:30+08:00,62f81a1d270d
2018-11-26T00:47:32+08:00,56f89e1c270d
2018-11-26T00:52:33+08:00,5af8b91c270d
2018-11-26T00:57:36+08:00,62f8051d270d
2018-11-26T01:02:40+08:00,69f84e1d270d
2018-11-26T01:07:41+08:00,5cf8121d270d
2018-11-26T01:12:44+08:00,54f89d1c270d
2018-11-26T01:17:49+08:00,5af8c41c270d
2018-11-26T01:22:49+08:00,5ef80e1d270d
2018-11-26T01:27:50+08:00,65f84a1d270d
2018-11-26T01:32:53+08:00,59f8fa1c270d
2018-11-26T01:37:55+08:00,53f8a11c270d
2018-11-26T01:42:59+08:00,58f8d31c270d
2018-11-26T01:48:00+08:00,60f81c1d270d
2018-11-26T01:53:02+08:00,63f84a1d270d
2018-11-26T01:58:05+08:00,53f8dc1c270d
2018-11-26T02:03:05+08:00,52f8a41c270d
2018-11-26T02:08:10+08:00,58f8e01c270d
2018-11-26T02:13:12+08:00,5df82a1d2a0d
2018-11-26T02:18:16+08:00,5bf8451d270d
2018-11-26T02:23:20+08:00,4df8c11c270d
2018-11-26T02:28:25+08:00,4ff8a81c270d
2018-11-26T02:33:27+08:00,56f8ea1c270d
2018-11-26T02:38:31+08:00,5df8311d270d
2018-11-26T02:43:32+08:00,5bf8411d270d
2018-11-26T02:48:35+08:00,4df8ba1c270d
2018-11-26T02:53:40+08:00,4df8b11c2a0d
2018-11-26T02:58:41+08:00,56f8f51c270d
2018-11-26T03:03:44+08:00,5cf83e1d270d
2018-11-26T03:08:46+08:00,58f83a1d2a0d
2018-11-26T03:13:51+08:00,4bf8b61c270d
2018-11-26T03:18:56+08:00,4df8b41c270d
2018-11-26T03:24:01+08:00,54f8fb1c2a0d
2018-11-26T03:29:05+08:00,5bf8421d2a0d
2018-11-26T03:34:06+08:00,58f82d1d270d
2018-11-26T03:39:11+08:00,49f8ad1c270d
2018-11-26T03:44:11+08:00,4df8bb1c270d
2018-11-26T03:49:15+08:00,52f8041d270d
2018-11-26T03:54:16+08:00,5bf8481d270d
2018-11-26T03:59:17+08:00,52f82b1d270d
2018-11-26T04:04:18+08:00,48f8b01c270d
2018-11-26T04:09:21+08:00,4bf8c31c270d
2018-11-26T04:14:25+08:00,52f8081d270d
2018-11-26T04:19:30+08:00,5af84e1d2a0d
2018-11-26T04:24:31+08:00,52f8271d270d
2018-11-26T04:29:36+08:00,45f8b21c270d
2018-11-26T04:34:41+08:00,4af8cb1c270d
2018-11-26T04:39:44+08:00,52f80d1d2a0d
2018-11-26T04:44:46+08:00,5af8521d270d
2018-11-26T04:49:49+08:00,4ff8181d270d
2018-11-26T04:54:52+08:00,45f8ab1c270d
2018-11-26T04:59:53+08:00,4bf8c91c270d
2018-11-26T05:04:57+08:00,51f8121d270d
2018-11-26T05:09:57+08:00,54f8541d270d
2018-11-26T05:15:01+08:00,50f8151d2a0d
2018-11-26T05:20:03+08:00,48f8ab1c270d
2018-11-26T05:25:04+08:00,4bf8cd1c2c0d
2018-11-26T05:30:05+08:00,51f8131d300d
2018-11-26T05:35:10+08:00,58f8541d270d
2018-11-26T05:40:12+08:00,4cf8121d2a0d
2018-11-26T05:45:17+08:00,48f8af1c270d
2018-11-26T05:50:18+08:00,4af8d31c270d
2018-11-26T05:55:21+08:00,4ff81a1d300d
2018-11-26T06:00:26+08:00,58f8571d270d
2018-11-26T06:05:26+08:00,4af8051d270d
2018-11-26T06:10:31+08:00,44f8aa1c270d
2018-11-26T06:15:35+08:00,49f8d41c270d
2018-11-26T06:20:36+08:00,50f81c1d300d
2018-11-26T06:25:39+08:00,5af85b1d270d
2018-11-26T06:30:42+08:00,4af80a1d300d
2018-11-26T06:35:42+08:00,43f8b01c270d
2018-11-26T06:40:46+08:00,4af8da1c270d
2018-11-26T06:45:48+08:00,52f8201d270d
2018-11-26T06:50:51+08:00,58f85e1d270d
2018-11-26T06:55:52+08:00,4af8031d270d
2018-11-26T07:00:55+08:00,43f8ae1c2a0d
2018-11-26T07:05:59+08:00,49f8db1c270d
2018-11-26T07:11:03+08:00,52f8251d270d
2018-11-26T07:16:04+08:00,5af85b1d2a0d
2018-11-26T07:21:09+08:00,45f8f41c300d
2018-11-26T07:26:13+08:00,44f8b31c270d
2018-11-26T07:31:17+08:00,4af8e51c270d
2018-11-26T07:36:22+08:00,52f82d1d270d
2018-11-26T07:41:26+08:00,56f8581d270d
2018-11-26T07:46:27+08:00,48f8e21c270d
2018-11-26T07:51:29+08:00,42f8af1c270d
2018-11-26T07:56:34+08:00,4af8e71c2a0d
2018-11-26T08:01:35+08:00,52f8311d270d
2018-11-26T08:06:40+08:00,53f8561d270d
2018-11-26T08:11:44+08:00,45f8da1c270d
2018-11-26T08:16:45+08:00,43f8b01c270d
2018-11-26T08:21:47+08:00,4bf8eb1c270d
2018-11-26T08:26:49+08:00,52f8361d2a0d
2018-11-26T08:31:53+08:00,52f8531d270d
2018-11-26T08:36:55+08:00,43f8d41c300d
2018-11-26T08:41:58+08:00,43f8b31c300d
2018-11-26T08:47:00+08:00,49f8ee1c270d
2018-11-26T08:52:05+08:00,52f83a1d300d
2018-11-26T08:57:10+08:00,54f8561d270d
2018-11-26T09:02:11+08:00,48f8f91c270d
2018-11-26T09:07:15+08:00,4ff8221d270d
2018-11-26T09:12:17+08:00,60f8b11d270d
2018-11-26T09:17:21+08:00,75f80e1e2a0d
2018-11-26T09:22:23+08:00,7af80d1e270d
2018-11-26T09:27:27+08:00,76f88b1d270d
2018-11-26T09:32:28+08:00,7ff8881d270d
2018-11-26T09:37:32+08:00,92f8f71d270d
2018-11-26T09:42:33+08:00,9af8251e270d
2018-11-26T09:47:34+08:00,95f8b11d270d
2018-11-26T09:52:39+08:00,99f8951d2a0d
2018-11-26T09:57:44+08:00,a6f8c81d2a0d
2018-11-26T10:02:46+08:00,adf8f91d270d
2018-11-26T10:07:48+08:00,a2f8771d2a0d
2018-11-26T10:12:50+08:00,a5f85b1d2a0d
2018-11-26T10:17:55+08:00,acf8931d2a0d
2018-11-26T10:22:58+08:00,adf8ab1d270d
2018-11-26T10:28:00+08:00,9af8231d2a0d
2018-11-26T10:33:05+08:00,9cf8041d2a0d
2018-11-26T10:38:07+08:00,a2f8431d2a0d
2018-11-26T10:43:08+08:00,a7f8741d2a0d
2018-11-26T10:48:11+08:00,8ff8fa1c2a0d
2018-11-26T10:53:15+08:00,8ff8d01c2a0d
2018-11-26T10:58:16+08:00,98f8241d2a0d
2018-11-26T11:03:21+08:00,aaf8be1d2a0d
2018-11-26T11:08:25+08:00,b0f8e31d270d
2018-11-26T11:13:29+08:00,adf87e1d2a0d
2018-11-26T11:18:34+08:00,b8f88f1d2a0d
2018-11-26T11:23:37+08:00,c0f8b71d2a0d
2018-11-26T11:28:42+08:00,b5f85b1d2a0d
2018-11-26T11:33:44+08:00,b3f80e1d2a0d
2018-11-26T11:38:48+08:00,bbf8541d2a0d
2018-11-26T11:43:50+08:00,cef8e51d2a0d
2018-11-26T11:48:51+08:00,e0f8641e2a0d
2018-11-26T11:53:55+08:00,f0f8521e2a0d
2018-11-26T11:58:56+08:00,fdf8791e330d
2018-11-26T12:03:58+08:00,0af9761e2a0d
2018-11-26T12:09:02+08:00,fff8d41d2a0d
2018-11-26T12:14:04+08:00,fcf8831d2a0d
2018-11-26T12:19:09+08:00,03f9a81d2f0d
2018-11-26T12:24:14+08:00,fdf88e1d330d
2018-11-26T12:29:19+08:00,f6f8451d2a0d
2018-11-26T12:34:23+08:00,02f97f1d2a0d
2018-11-26T12:39:25+08:00,27f9c91e330d
2018-11-26T12:44:30+08:00,2df9301f370d
2018-11-26T12:49:35+08:00,2bf9f61e330d
2018-11-26T12:54:37+08:00,30f9ad1e330d
2018-11-26T12:59:41+08:00,35f98a1e3c0d
2018-11-26T13:04:44+08:00,2ff9321e330d
2018-11-26T13:09:46+08:00,2af9e41d330d
2018-11-26T13:14:51+08:00,2ef9d41d330d
2018-11-26T13:19:52+08:00,2df9c41d330d
2018-11-26T13:24:55+08:00,1ef9541d330d
2018-11-26T13:29:58+08:00,27f9d61d2a0d
2018-11-26T13:35:03+08:00,35f95b1e370d
2018-11-26T13:40:06+08:00,39f9411e330d
2018-11-26T13:45:09+08:00,31f9be1d370d
2018-11-26T13:50:12+08:00,30f9ab1d330d
2018-11-26T13:55:13+08:00,37f9d21d330d
2018-11-26T14:00:14+08:00,35f9af1d370d
2018-11-26T14:05:18+08:00,27f9391d370d
2018-11-26T14:10:22+08:00,23f9251d370d
2018-11-26T14:15:24+08:00,25f94c1d3c0d
2018-11-26T14:20:28+08:00,21f93e1d330d
2018-11-26T14:25:30+08:00,2df93f1e330d
2018-11-26T14:30:34+08:00,2bf99c1e330d
2018-11-26T14:35:37+08:00,2df9621e3c0d
2018-11-26T14:40:39+08:00,2af91f1e370d
2018-11-26T14:45:40+08:00,18f9e61d330d
2018-11-26T14:50:42+08:00,22f9f21d330d
2018-11-26T14:55:44+08:00,30f9261e3c0d
2018-11-26T15:00:44+08:00,2cf9ce1d330d
2018-11-26T15:05:47+08:00,2bf97b1d370d
2018-11-26T15:10:48+08:00,35f99d1d330d
2018-11-26T15:15:50+08:00,32f9821d3c0d
2018-11-26T15:20:55+08:00,20f9f91c370d
2018-11-26T15:25:58+08:00,1ff9fd1c2f0d
2018-11-26T15:31:00+08:00,27f93a1d3c0d
2018-11-26T15:36:05+08:00,1ef9251d330d
2018-11-26T15:41:09+08:00,13f9df1c3c0d
2018-11-26T15:46:09+08:00,19f90b1d2a0d
2018-11-26T15:51:13+08:00,23f9791d2a0d
2018-11-26T15:56:16+08:00,1bf93a1d330d
2018-11-26T16:01:18+08:00,21f9b01d330d
2018-11-26T16:06:22+08:00,2bf9f81d330d
2018-11-26T16:11:27+08:00,3ff98f1e330d
2018-11-26T16:16:31+08:00,40f9521e370d
2018-11-26T16:21:34+08:00,32f99b1d3c0d
2018-11-26T16:26:39+08:00,35f9711d2a0d
2018-11-26T16:31:42+08:00,3bf98e1d370d
2018-11-26T16:36:47+08:00,35f9ab1d330d
2018-11-26T16:41:51+08:00,32f9881d330d
2018-11-26T16:46:53+08:00,3ef9ae1d330d
2018-11-26T16:51:54+08:00,48f93f1e3c0d
2018-11-26T16:56:58+08:00,50f9511e330d
2018-11-26T17:02:03+08:00,4af9db1d3c0d
2018-11-26T17:07:04+08:00,4ff9c21d330d
2018-11-26T17:12:08+08:00,5ef9431e330d
2018-11-26T17:17:11+08:00,66f9591e370d
2018-11-26T17:22:15+08:00,60f9fc1d490d
2018-11-26T17:27:19+08:00,65f9ce1d370d
2018-11-26T17:32:21+08:00,6ff9fe1d370d
2018-11-26T17:37:22+08:00,74f94f1e3c0d
2018-11-26T17:42:27+08:00,7cf9481e3c0d
2018-11-26T17:52:36+08:00,7ff9ee1d370d
2018-11-26T17:57:38+08:00,70f9521d3c0d
2018-11-26T18:02:39+08:00,70f93f1d330d
2018-11-26T18:07:41+08:00,73f9741d3c0d
2018-11-26T18:12:45+08:00,72f9991d370d
2018-11-26T18:17:45+08:00,82f9121e3c0d
2018-11-26T18:22:46+08:00,95f9071f370d
2018-11-26T18:27:49+08:00,92f9671f3c0d
2018-11-26T18:32:50+08:00,84f9d21e3c0d
2018-11-26T18:37:52+08:00,7af9481e3c0d
2018-11-26T18:42:52+08:00,7cf91c1e370d
2018-11-26T18:47:54+08:00,75f9d51d370d
2018-11-26T18:52:55+08:00,66f95c1d490d
2018-11-26T18:57:56+08:00,5df9481d370d
2018-11-26T19:02:59+08:00,60f9a01d3c0d
2018-11-26T19:08:03+08:00,5ef9951d330d
2018-11-26T19:13:07+08:00,53f9361d370d
2018-11-26T19:18:07+08:00,77f9ab1d330d
2018-11-26T19:23:09+08:00,94f9871f3c0d
2018-11-26T19:28:15+08:00,7ff9491f3c0d
2018-11-26T19:33:19+08:00,6ff9731e3c0d
2018-11-26T19:38:22+08:00,73f9181e370d
2018-11-26T19:43:25+08:00,69f9bf1d3c0d
2018-11-26T19:48:27+08:00,52f9081d490d
2018-11-26T19:53:30+08:00,56f91d1d370d
2018-11-26T19:58:35+08:00,57f92b1d370d
2018-11-26T20:03:40+08:00,4af9c61c370d
2018-11-26T20:08:42+08:00,4cf9e71c370d
2018-11-26T20:13:44+08:00,55f93e1d370d
2018-11-26T20:18:49+08:00,4ff9091d370d
2018-11-26T20:23:51+08:00,3ef9921c370d
2018-11-26T20:28:55+08:00,43f9c91c330d
2018-11-26T20:33:56+08:00,49f9111d330d
2018-11-26T20:38:59+08:00,46f9071d330d
2018-11-26T20:44:04+08:00,41f9171d330d
2018-11-26T20:49:06+08:00,4df9571d370d
2018-11-26T20:54:07+08:00,4cf9451d330d
2018-11-26T20:59:10+08:00,38f9cb1c2f0d
2018-11-26T21:04:12+08:00,36f9cd1c330d
2018-11-26T21:09:13+08:00,3bf90a1d330d
2018-11-26T21:14:18+08:00,2ef9ce1c330d
2018-11-26T21:19:21+08:00,1ef9791c370d
2018-11-26T21:24:22+08:00,1ff9b01c330d
2018-11-26T21:29:25+08:00,23f9ed1c2f0d
2018-11-26T21:34:28+08:00,12f99c1c2a0d
2018-11-26T21:39:33+08:00,06f95e1c330d
2018-11-26T21:44:37+08:00,08f9a91c2a0d
2018-11-26T21:49:38+08:00,0bf9ef1c2a0d
2018-11-26T21:54:39+08:00,fbf89b1c2a0d
2018-11-26T21:59:41+08:00,f1f85b1c2a0d
2018-11-26T22:04:45+08:00,f3f8a21c2a0d
2018-11-26T22:09:46+08:00,f9f8ee1c2a0d
2018-11-26T22:14:49+08:00,ebf8aa1c2a0d
2018-11-26T22:19:51+08:00,dff8551c2a0d
2018-11-26T22:24:56+08:00,e0f88d1c2a0d
2018-11-26T22:29:57+08:00,e8f8e31c2a0d
2018-11-26T22:35:00+08:00,dff8cc1c2a0d
2018-11-26T22:40:03+08:00,cff85b1c2a0d
2018-11-26T22:45:04+08:00,cff87e1c2a0d
2018-11-26T22:50:08+08:00,d6f8d31c2a0d
2018-11-26T22:55:14+08:00,d2f8e41c2a0d
2018-11-26T23:00:14+08:00,c2f86b1c2a0d
2018-11-26T23:05:15+08:00,c2f8741c2a0d
2018-11-26T23:10:16+08:00,c4f8c31c2a0d
2018-11-26T23:15:19+08:00,c9f8fb1c2a0d
2018-11-26T23:20:21+08:00,b5f88f1c2a0d
2018-11-26T23:25:24+08:00,b3f8701c2a0d
2018-11-26T23:30:25+08:00,b5f8b11c2a0d
2018-11-26T23:35:30+08:00,baf8001d2a0d
2018-11-26T23:40:35+08:00,aff8ca1c2a0d
2018-11-26T23:45:37+08:00,a6f8701c2a0d
2018-11-26T23:50:38+08:00,a8f89c1c2a0d
2018-11-26T23:55:41+08:00,b0f8ed1c2a0d
2018-11-27T00:05:45+08:00,9cf88b1c270d
2018-11-27T00:10:46+08:00,9af8851c2a0d
2018-11-27T00:15:50+08:00,a2f8c91c330d
2018-11-27T00:20:51+08:00,a6f80d1d2a0d
2018-11-27T00:25:54+08:00,99f8c61c270d
2018-11-27T00:30:58+08:00,93f87c1c270d
2018-11-27T00:36:00+08:00,94f8b01c270d
2018-11-27T00:41:02+08:00,99f8fa1c270d
2018-11-27T00:46:03+08:00,97f8071d2a0d
2018-11-27T00:51:04+08:00,88f8921c270d
2018-11-27T00:56:08+08:00,8af8991c2a0d
2018-11-27T01:01:09+08:00,8ff8e11c270d
2018-11-27T01:06:09+08:00,93f81e1d2a0d
2018-11-27T01:11:11+08:00,83f8ca1c2a0d
2018-11-27T01:16:13+08:00,80f88d1c270d
2018-11-27T01:21:17+08:00,80f8c21c270d
2018-11-27T01:26:20+08:00,8af8111d270d
2018-11-27T01:31:25+08:00,86f81c1d270d
2018-11-27T01:36:28+08:00,78f8a91c270d
2018-11-27T01:41:33+08:00,78f8ae1c270d
2018-11-27T01:46:35+08:00,7bf8f41c270d
2018-11-27T01:51:35+08:00,84f8371d270d
2018-11-27T01:56:37+08:00,78f8f91c270d
2018-11-27T02:01:40+08:00,6ff8a01c2a0d
2018-11-27T02:06:43+08:00,75f8ca1c270d
2018-11-27T02:11:48+08:00,78f8121d270d
2018-11-27T02:16:51+08:00,7cf8441d270d
2018-11-27T02:21:55+08:00,6df8dd1c2a0d
2018-11-27T02:26:57+08:00,6af8ad1c270d
2018-11-27T02:32:00+08:00,6ef8e41c270d
2018-11-27T02:37:01+08:00,76f82a1d270d
2018-11-27T02:42:03+08:00,72f83d1d270d
2018-11-27T02:47:04+08:00,65f8c41c300d
2018-11-27T02:52:04+08:00,67f8b61c270d
2018-11-27T02:57:09+08:00,6bf8f61c270d
2018-11-27T03:02:13+08:00,71f83b1d270d
2018-11-27T03:07:14+08:00,6af8271d270d
2018-11-27T03:12:17+08:00,5ef8b71c270d
2018-11-27T03:17:21+08:00,60f8c41c300d
2018-11-27T03:22:25+08:00,68f80a1d270d
2018-11-27T03:27:29+08:00,6df84e1d270d
2018-11-27T03:32:30+08:00,62f8111d270d
2018-11-27T03:37:33+08:00,5bf8b31c300d
2018-11-27T03:42:34+08:00,5df8d41c270d
2018-11-27T03:47:36+08:00,63f81d1d270d
2018-11-27T03:52:38+08:00,6af8561d270d
2018-11-27T03:57:42+08:00,5df8071d2a0d
2018-11-27T04:02:47+08:00,56f8bb1c270d
2018-11-27T04:07:47+08:00,5bf8e61c270d
2018-11-27T04:12:50+08:00,62f82a1d270d
2018-11-27T04:17:54+08:00,63f8571d270d
2018-11-27T04:22:56+08:00,56f8ec1c300d
2018-11-27T04:27:59+08:00,53f8bd1c270d
2018-11-27T04:33:04+08:00,58f8f71c2a0d
2018-11-27T04:38:07+08:00,5ff83b1d270d
2018-11-27T04:43:10+08:00,5ff8511d270d
2018-11-27T04:48:11+08:00,51f8da1c270d
2018-11-27T04:53:15+08:00,51f8d01c270d
2018-11-27T04:58:16+08:00,59f80b1d270d
2018-11-27T05:03:20+08:00,5df8511d270d
2018-11-27T05:08:25+08:00,57f82b1d270d
2018-11-27T05:13:27+08:00,4df8c11c270d
2018-11-27T05:18:28+08:00,4ff8d91c270d
2018-11-27T05:23:33+08:00,56f81f1d270d
2018-11-27T05:28:37+08:00,5df85b1d270d
2018-11-27T05:33:42+08:00,50f8141d270d
2018-11-27T05:38:47+08:00,4af8c01c270d
2018-11-27T05:43:49+08:00,4ff8e31c270d
2018-11-27T05:48:54+08:00,56f82b1d300d
2018-11-27T05:53:59+08:00,5af85d1d270d
2018-11-27T05:59:02+08:00,4af8f71c270d
2018-11-27T06:04:07+08:00,48f8c61c270d
2018-11-27T06:09:10+08:00,4ff8f71c270d
2018-11-27T06:14:15+08:00,58f8411d300d
2018-11-27T06:19:18+08:00,58f8581d300d
2018-11-27T06:24:20+08:00,45f8e11c270d
2018-11-27T06:29:23+08:00,48f8d61c270d
2018-11-27T06:34:26+08:00,4ff8111d270d
2018-11-27T06:39:31+08:00,56f8541d300d
2018-11-27T06:44:34+08:00,50f83b1d270d
2018-11-27T06:49:36+08:00,45f8ce1c270d
2018-11-27T06:54:39+08:00,49f8e21c270d
2018-11-27T06:59:40+08:00,52f8271d270d
2018-11-27T07:04:43+08:00,54f8621d270d
2018-11-27T07:09:43+08:00,4af8151d2a0d
2018-11-27T07:14:45+08:00,43f8cd1c270d
2018-11-27T07:19:47+08:00,4af8f41c270d
2018-11-27T07:24:49+08:00,51f83a1d300d
2018-11-27T07:29:52+08:00,56f86d1d300d
2018-11-27T07:34:57+08:00,45f8071d300d
2018-11-27T07:40:00+08:00,40f8ca1c300d
2018-11-27T07:45:02+08:00,49f8f91c300d
2018-11-27T07:50:02+08:00,4ff83f1d270d
2018-11-27T07:55:03+08:00,54f86d1d300d
2018-11-27T09:31:08+08:00,56f8a11d270d
2018-11-27T09:36:11+08:00,4ef8781d270d
2018-11-27T09:41:16+08:00,49f8171d270d
2018-11-27T09:46:19+08:00,4ef8371d270d
2018-11-27T09:51:20+08:00,54f8781d270d
2018-11-27T09:56:25+08:00,5bf8951d2a0d
2018-11-27T10:01:26+08:00,49f8221d270d
2018-11-27T10:06:27+08:00,4df82a1d270d
2018-11-27T10:11:32+08:00,5bf8741d300d
2018-11-27T10:16:36+08:00,71f8d41d270d
2018-11-27T10:21:38+08:00,7bf8ac1e270d
2018-11-27T10:26:43+08:00,80f8b01e2a0d
2018-11-27T10:31:47+08:00,88f8ab1e270d
2018-11-27T10:36:49+08:00,8df8a61e270d
2018-11-27T10:41:54+08:00,89f8471e270d
2018-11-27T10:46:56+08:00,8bf8121e2a0d
2018-11-27T10:51:59+08:00,93f8211e2a0d
2018-11-27T10:57:03+08:00,88f8ab1d270d
2018-11-27T11:02:04+08:00,80f8441d2a0d
2018-11-27T11:07:05+08:00,88f8671d270d
2018-11-27T11:12:10+08:00,8ff8a51d2a0d
2018-11-27T11:17:15+08:00,8af89a1d270d
2018-11-27T11:22:16+08:00,7ff82a1d2a0d
2018-11-27T11:27:19+08:00,82f8341d2a0d
2018-11-27T11:32:24+08:00,87f86f1d270d
2018-11-27T11:37:25+08:00,8ef8a81d270d
2018-11-27T11:42:29+08:00,7ff85d1d270d
2018-11-27T11:47:33+08:00,79f80b1d270d
2018-11-27T11:52:37+08:00,7df8341d270d
2018-11-27T11:57:39+08:00,84f8791d270d
2018-11-27T12:02:42+08:00,7ff8811d2a0d
2018-11-27T12:07:44+08:00,71f8021d270d
2018-11-27T12:12:45+08:00,75f8081d270d
2018-11-27T12:17:50+08:00,7af84c1d2a0d
2018-11-27T12:22:53+08:00,7df8811d270d
2018-11-27T12:32:54+08:00,6cf8ea1c300d
2018-11-27T12:37:57+08:00,6ff8281d270d
2018-11-27T12:42:58+08:00,79f86d1d2a0d
2018-11-27T12:48:00+08:00,6df83f1d270d
2018-11-27T12:53:02+08:00,65f8d71c2a0d
2018-11-27T12:58:03+08:00,68f8001d2a0d
2018-11-27T13:03:04+08:00,6df8491d270d
2018-11-27T13:08:06+08:00,71f8711d270d
2018-11-27T13:13:11+08:00,5ff8fa1c270d
2018-11-27T13:18:15+08:00,60f8e21c2a0d
2018-11-27T13:23:17+08:00,66f8211d2a0d
2018-11-27T13:28:20+08:00,6ff8681d270d
2018-11-27T13:33:25+08:00,67f84e1d270d
2018-11-27T13:38:30+08:00,59f8db1c270d
2018-11-27T13:43:31+08:00,5bf8f41c270d
2018-11-27T13:48:32+08:00,66f8391d270d
2018-11-27T13:53:34+08:00,69f8721d270d
2018-11-27T13:58:38+08:00,5af80e1d270d
2018-11-27T14:03:40+08:00,59f8d71c270d
2018-11-27T14:08:40+08:00,5ff8211d2a0d
2018-11-27T14:13:42+08:00,6ff89e1d270d
2018-11-27T14:18:45+08:00,79f8fb1d2a0d
2018-11-27T14:23:49+08:00,7ef8cb1d270d
2018-11-27T14:28:51+08:00,86f8c01d270d
2018-11-27T14:33:52+08:00,8ef8f11d2a0d
2018-11-27T14:38:52+08:00,94f8ee1d270d
2018-11-27T14:43:57+08:00,8df8891d2a0d
2018-11-27T14:49:00+08:00,8ff88c1d270d
