humidity,temp,time
72.64,-16.92,2018-11-29 00:01
73.16,-16.93,2018-11-29 00:06
73.55,-16.94,2018-11-29 00:11
72.94,-17.05,2018-11-29 00:17
72.6,-17.09,2018-11-29 00:22
72.94,-17.12,2018-11-29 00:27
73.44,-17.12,2018-11-29 00:32
73.21,-17.19,2018-11-29 00:37
72.6,-17.27,2018-11-29 00:42
72.77,-17.29,2018-11-29 00:47
73.22,-17.26,2018-11-29 00:52
73.51,-17.3,2018-11-29 00:57
72.86,-17.39,2018-11-29 01:02
72.62,-17.41,2018-11-29 01:07
72.99,-17.42,2018-11-29 01:12
73.44,-17.39,2018-11-29 01:17
73.32,-17.48,2018-11-29 01:22
72.65,-17.51,2018-11-29 01:27
72.76,-17.56,2018-11-29 01:32
73.18,-17.52,2018-11-29 01:37
73.5,-17.53,2018-11-29 01:42
72.96,-17.62,2018-11-29 01:47
72.64,-17.66,2018-11-29 01:52
72.93,-17.63,2018-11-29 01:57
73.32,-17.62,2018-11-29 02:03
73.31,-17.64,2018-11-29 02:08
72.66,-17.73,2018-11-29 02:13
72.7,-17.72,2018-11-29 02:18
73.08,-17.71,2018-11-29 02:23
73.43,-17.69,2018-11-29 02:28
73.04,-17.74,2018-11-29 02:33
72.63,-17.78,2018-11-29 02:38
72.87,-17.78,2018-11-29 02:43
73.28,-17.78,2018-11-29 02:48
73.48,-17.76,2018-11-29 02:53
72.85,-17.85,2018-11-29 02:58
72.57,-17.86,2018-11-29 03:03
72.86,-17.83,2018-11-29 03:08
73.25,-17.82,2018-11-29 03:13
73.34,-17.83,2018-11-29 03:18
72.65,-17.89,2018-11-29 03:23
72.57,-17.91,2018-11-29 03:28
72.89,-17.89,2018-11-29 03:33
73.25,-17.88,2018-11-29 03:38
73.16,-17.9,2018-11-29 03:43
72.49,-17.97,2018-11-29 03:48
72.55,-17.95,2018-11-29 03:53
72.9,-17.95,2018-11-29 03:59
73.28,-17.91,2018-11-29 04:04
72.96,-17.97,2018-11-29 04:09
72.42,-18.01,2018-11-29 04:14
72.55,-18.01,2018-11-29 04:19
72.89,-17.98,2018-11-29 04:24
73.25,-17.96,2018-11-29 04:29
72.8,-18.01,2018-11-29 04:34
72.35,-18.08,2018-11-29 04:39
72.54,-18.04,2018-11-29 04:44
72.91,-18.02,2018-11-29 04:49
73.18,-17.98,2018-11-29 04:54
72.64,-18.06,2018-11-29 04:59
72.31,-18.09,2018-11-29 05:04
72.56,-18.09,2018-11-29 05:09
72.96,-18.06,2018-11-29 05:14
73.11,-18.04,2018-11-29 05:19
72.46,-18.08,2018-11-29 05:24
72.32,-18.09,2018-11-29 05:29
72.6,-18.09,2018-11-29 05:34
73.0,-18.08,2018-11-29 05:39
72.98,-18.06,2018-11-29 05:44
72.31,-18.11,2018-11-29 05:49
72.3,-18.11,2018-11-29 05:54
72.62,-18.13,2018-11-29 06:00
73.01,-18.09,2018-11-29 06:05
72.83,-18.15,2018-11-29 06:10
72.22,-18.18,2018-11-29 06:15
72.3,-18.15,2018-11-29 06:20
72.63,-18.15,2018-11-29 06:25
73.01,-18.09,2018-11-29 06:30
72.76,-18.15,2018-11-29 06:35
72.16,-18.17,2018-11-29 06:40
72.29,-18.17,2018-11-29 06:45
72.65,-18.17,2018-11-29 06:50
73.01,-18.09,2018-11-29 06:55
72.59,-18.18,2018-11-29 07:00
72.11,-18.2,2018-11-29 07:05
72.28,-18.2,2018-11-29 07:10
72.65,-18.17,2018-11-29 07:15
72.99,-18.13,2018-11-29 07:20
72.51,-18.19,2018-11-29 07:25
72.06,-18.21,2018-11-29 07:30
72.29,-18.19,2018-11-29 07:35
72.67,-18.15,2018-11-29 07:40
72.9,-18.15,2018-11-29 07:45
72.26,-18.22,2018-11-29 07:50
72.04,-18.23,2018-11-29 07:55
72.31,-18.2,2018-11-29 08:00
72.7,-18.18,2018-11-29 08:05
72.86,-18.2,2018-11-29 08:11
72.11,-18.24,2018-11-29 08:16
71.97,-18.23,2018-11-29 08:21
72.31,-18.25,2018-11-29 08:26
72.73,-18.17,2018-11-29 08:31
72.83,-18.19,2018-11-29 08:36
72.11,-18.25,2018-11-29 08:41
71.99,-18.25,2018-11-29 08:46
72.32,-18.23,2018-11-29 08:51
72.74,-18.19,2018-11-29 08:56
72.73,-18.21,2018-11-29 09:01
72.04,-18.25,2018-11-29 09:06
72.04,-18.25,2018-11-29 09:11
72.36,-18.24,2018-11-29 09:16
73.75,-17.89,2018-11-29 09:21
77.74,-17.83,2018-11-29 09:26
77.65,-17.82,2018-11-29 09:31
76.81,-17.75,2018-11-29 09:36
76.08,-17.66,2018-11-29 09:41
75.35,-17.65,2018-11-29 09:46
74.05,-17.76,2018-11-29 09:52
73.52,-17.74,2018-11-29 09:57
73.86,-17.65,2018-11-29 10:02
74.07,-17.6,2018-11-29 10:07
73.51,-17.65,2018-11-29 10:12
72.73,-17.69,2018-11-29 10:17
72.8,-17.69,2018-11-29 10:22
73.5,-17.57,2018-11-29 10:27
73.72,-17.53,2018-11-29 10:32
72.8,-17.6,2018-11-29 10:37
72.57,-17.57,2018-11-29 10:42
72.97,-17.51,2018-11-29 10:47
73.99,-17.37,2018-11-29 10:52
73.4,-17.37,2018-11-29 10:57
72.8,-17.37,2018-11-29 11:02
73.21,-17.26,2018-11-29 11:07
73.44,-17.19,2018-11-29 11:12
72.84,-17.24,2018-11-29 11:17
78.56,-15.87,2018-11-29 11:22
81.51,-15.83,2018-11-29 11:27
81.35,-16.0,2018-11-29 11:32
80.83,-16.12,2018-11-29 11:37
88.79,-12.0,2018-11-29 11:48
87.84,-12.34,2018-11-29 11:53
83.61,-13.56,2018-11-29 12:03
82.39,-14.01,2018-11-29 12:08
80.85,-14.81,2018-11-29 12:18
80.13,-15.16,2018-11-29 12:23
79.83,-15.39,2018-11-29 12:28
79.65,-15.6,2018-11-29 12:33
79.11,-15.86,2018-11-29 12:38
78.69,-16.06,2018-11-29 12:43
78.64,-16.21,2018-11-29 12:48
78.74,-16.29,2018-11-29 12:53
79.83,-16.14,2018-11-29 12:58
80.65,-16.19,2018-11-29 13:03
80.66,-16.2,2018-11-29 13:08
80.46,-16.21,2018-11-29 13:13
79.72,-16.39,2018-11-29 13:19
79.23,-16.47,2018-11-29 13:24
79.17,-16.52,2018-11-29 13:29
79.02,-16.59,2018-11-29 13:34
78.23,-16.78,2018-11-29 13:39
77.82,-16.85,2018-11-29 13:44
77.91,-16.91,2018-11-29 13:49
78.02,-16.93,2018-11-29 13:54
77.36,-17.08,2018-11-29 13:59
76.95,-17.18,2018-11-29 14:04
78.12,-17.01,2018-11-29 14:09
78.89,-16.85,2018-11-29 14:14
78.65,-16.87,2018-11-29 14:19
78.11,-16.92,2018-11-29 14:24
78.05,-16.92,2018-11-29 14:29
78.73,-16.72,2018-11-29 14:34
80.0,-16.7,2018-11-29 14:39
80.36,-16.54,2018-11-29 14:44
80.07,-16.41,2018-11-29 14:49
79.81,-16.36,2018-11-29 14:55
79.36,-16.4,2018-11-29 15:00
78.73,-16.46,2018-11-29 15:05
79.2,-16.02,2018-11-29 15:10
84.65,-14.68,2018-11-29 15:15
84.49,-14.48,2018-11-29 15:20
85.83,-13.64,2018-11-29 15:25
86.73,-13.12,2018-11-29 15:30
85.92,-13.39,2018-11-29 15:35
84.72,-13.78,2018-11-29 15:40
84.9,-13.65,2018-11-29 15:45
86.19,-13.22,2018-11-29 15:50
85.79,-13.49,2018-11-29 15:55
85.11,-13.74,2018-11-29 16:00
85.11,-13.77,2018-11-29 16:05
84.94,-13.9,2018-11-29 16:10
84.16,-14.23,2018-11-29 16:15
83.77,-14.4,2018-11-29 16:20
83.59,-14.54,2018-11-29 16:25
83.08,-14.8,2018-11-29 16:30
82.28,-15.06,2018-11-29 16:35
82.06,-15.2,2018-11-29 16:40
81.98,-15.27,2018-11-29 16:45
81.3,-15.54,2018-11-29 16:51
80.62,-15.75,2018-11-29 16:56
80.58,-15.8,2018-11-29 17:01
80.63,-15.87,2018-11-29 17:06
79.97,-16.11,2018-11-29 17:11
79.42,-16.12,2018-11-29 17:16
82.15,-15.57,2018-11-29 17:21
83.36,-15.52,2018-11-29 17:26
82.75,-15.7,2018-11-29 17:31
81.75,-15.85,2018-11-29 17:36
81.07,-15.87,2018-11-29 17:41
80.55,-15.94,2018-11-29 17:46
79.39,-16.14,2018-11-29 17:51
78.36,-16.3,2018-11-29 17:56
78.33,-16.34,2018-11-29 18:01
78.6,-16.41,2018-11-29 18:06
77.98,-16.59,2018-11-29 18:11
77.11,-16.77,2018-11-29 18:16
77.3,-16.8,2018-11-29 18:21
77.82,-16.78,2018-11-29 18:26
77.5,-16.95,2018-11-29 18:31
79.12,-16.34,2018-11-29 18:36
81.28,-16.33,2018-11-29 18:42
81.36,-16.43,2018-11-29 18:47
81.1,-16.56,2018-11-29 18:52
80.4,-16.77,2018-11-29 18:57
79.94,-16.87,2018-11-29 19:02
79.57,-16.89,2018-11-29 19:07
78.93,-16.95,2018-11-29 19:12
77.59,-17.14,2018-11-29 19:17
77.16,-17.19,2018-11-29 19:22
77.31,-17.2,2018-11-29 19:27
77.47,-17.18,2018-11-29 19:32
76.69,-17.38,2018-11-29 19:37
76.38,-17.43,2018-11-29 19:42
76.69,-17.41,2018-11-29 19:47
77.06,-17.41,2018-11-29 19:52
76.61,-17.52,2018-11-29 19:57
76.08,-17.63,2018-11-29 20:02
76.27,-17.6,2018-11-29 20:07
76.63,-17.57,2018-11-29 20:12
76.57,-17.63,2018-11-29 20:17
75.87,-17.78,2018-11-29 20:22
75.87,-17.77,2018-11-29 20:28
76.16,-17.75,2018-11-29 20:33
76.46,-17.74,2018-11-29 20:38
75.63,-17.88,2018-11-29 20:48
75.85,-17.89,2018-11-29 20:53
76.23,-17.83,2018-11-29 20:58
76.11,-17.9,2018-11-29 21:03
75.56,-18.01,2018-11-29 21:08
75.63,-18.01,2018-11-29 21:13
75.92,-17.94,2018-11-29 21:18
76.21,-17.92,2018-11-29 21:23
75.74,-18.04,2018-11-29 21:28
75.47,-18.04,2018-11-29 21:33
75.68,-18.05,2018-11-29 21:38
76.03,-17.96,2018-11-29 21:43
75.91,-18.03,2018-11-29 21:48
75.4,-18.1,2018-11-29 21:53
75.45,-18.09,2018-11-29 21:58
75.78,-18.05,2018-11-29 22:03
76.05,-18.04,2018-11-29 22:09
75.5,-18.13,2018-11-29 22:14
75.27,-18.17,2018-11-29 22:19
75.5,-18.13,2018-11-29 22:24
75.89,-18.08,2018-11-29 22:29
75.84,-18.12,2018-11-29 22:34
75.59,-18.11,2018-11-29 22:39
75.65,-18.03,2018-11-29 22:44
75.89,-17.95,2018-11-29 22:49
76.3,-17.87,2018-11-29 22:54
75.7,-17.93,2018-11-29 22:59
75.35,-17.92,2018-11-29 23:04
75.64,-17.89,2018-11-29 23:09
76.07,-17.81,2018-11-29 23:14
75.74,-17.91,2018-11-29 23:19
75.16,-17.95,2018-11-29 23:24
75.32,-17.92,2018-11-29 23:29
75.71,-17.91,2018-11-29 23:34
75.86,-17.93,2018-11-29 23:39
75.14,-18.05,2018-11-29 23:44
75.03,-18.07,2018-11-29 23:49
75.4,-18.03,2018-11-29 23:54
75.79,-18.03,2018-11-29 23:59
75.31,-18.11,2018-11-30 00:04
74.97,-18.15,2018-11-30 00:09
75.14,-18.11,2018-11-30 00:14
75.86,-18.02,2018-11-30 00:20
76.27,-17.91,2018-11-30 00:25
75.46,-17.93,2018-11-30 00:30
75.4,-17.87,2018-11-30 00:35
75.76,-17.83,2018-11-30 00:40
75.95,-17.78,2018-11-30 00:45
75.24,-17.9,2018-11-30 00:50
75.02,-17.9,2018-11-30 00:55
75.35,-17.89,2018-11-30 01:00
75.76,-17.87,2018-11-30 01:05
75.33,-17.97,2018-11-30 01:10
74.83,-18.04,2018-11-30 01:15
75.05,-18.01,2018-11-30 01:20
75.5,-17.98,2018-11-30 01:25
75.5,-18.03,2018-11-30 01:30
74.77,-18.11,2018-11-30 01:35
74.79,-18.12,2018-11-30 01:40
75.18,-18.1,2018-11-30 01:45
75.56,-18.07,2018-11-30 01:50
75.07,-18.18,2018-11-30 01:55
74.7,-18.23,2018-11-30 02:00
74.89,-18.2,2018-11-30 02:05
75.27,-18.18,2018-11-30 02:11
75.42,-18.18,2018-11-30 02:16
74.82,-18.26,2018-11-30 02:21
74.76,-18.26,2018-11-30 02:26
75.01,-18.23,2018-11-30 02:31
75.34,-18.19,2018-11-30 02:36
75.02,-18.26,2018-11-30 02:41
74.63,-18.3,2018-11-30 02:46
74.81,-18.28,2018-11-30 02:51
75.13,-18.23,2018-11-30 02:56
75.27,-18.25,2018-11-30 03:01
74.72,-18.34,2018-11-30 03:06
74.63,-18.36,2018-11-30 03:11
74.86,-18.31,2018-11-30 03:16
75.21,-18.27,2018-11-30 03:21
75.07,-18.31,2018-11-30 03:26
74.58,-18.38,2018-11-30 03:31
74.65,-18.35,2018-11-30 03:36
74.96,-18.31,2018-11-30 03:41
75.21,-18.27,2018-11-30 03:46
74.7,-18.38,2018-11-30 03:52
74.47,-18.41,2018-11-30 03:57
74.68,-18.38,2018-11-30 04:02
75.03,-18.33,2018-11-30 04:07
75.07,-18.34,2018-11-30 04:12
74.5,-18.43,2018-11-30 04:17
74.47,-18.43,2018-11-30 04:22
74.76,-18.41,2018-11-30 04:27
75.09,-18.34,2018-11-30 04:32
74.79,-18.43,2018-11-30 04:37
74.41,-18.47,2018-11-30 04:42
74.53,-18.43,2018-11-30 04:47
74.86,-18.38,2018-11-30 04:52
75.08,-18.37,2018-11-30 04:57
74.55,-18.43,2018-11-30 05:02
74.37,-18.47,2018-11-30 05:07
74.62,-18.45,2018-11-30 05:12
74.95,-18.39,2018-11-30 05:17
74.9,-18.41,2018-11-30 05:22
74.37,-18.5,2018-11-30 05:27
74.39,-18.48,2018-11-30 05:32
74.69,-18.43,2018-11-30 05:37
75.02,-18.39,2018-11-30 05:42
74.65,-18.47,2018-11-30 05:48
74.3,-18.51,2018-11-30 05:53
74.43,-18.49,2018-11-30 05:58
74.77,-18.43,2018-11-30 06:03
74.98,-18.39,2018-11-30 06:08
74.39,-18.51,2018-11-30 06:13
74.28,-18.51,2018-11-30 06:18
74.5,-18.49,2018-11-30 06:23
74.86,-18.41,2018-11-30 06:28
74.85,-18.43,2018-11-30 06:33
74.28,-18.54,2018-11-30 06:38
74.29,-18.51,2018-11-30 06:43
74.57,-18.45,2018-11-30 06:48
74.93,-18.43,2018-11-30 06:53
74.62,-18.49,2018-11-30 06:58
74.21,-18.55,2018-11-30 07:03
74.32,-18.52,2018-11-30 07:08
74.66,-18.48,2018-11-30 07:13
74.92,-18.43,2018-11-30 07:18
74.44,-18.51,2018-11-30 07:23
74.2,-18.55,2018-11-30 07:28
74.39,-18.52,2018-11-30 07:33
74.75,-18.43,2018-11-30 07:38
74.78,-18.49,2018-11-30 07:43
74.15,-18.55,2018-11-30 07:54
74.43,-18.52,2018-11-30 07:59
74.83,-18.43,2018-11-30 08:04
74.66,-18.52,2018-11-30 08:09
74.18,-18.57,2018-11-30 08:14
74.22,-18.53,2018-11-30 08:19
74.55,-18.5,2018-11-30 08:24
74.9,-18.45,2018-11-30 08:29
74.35,-18.59,2018-11-30 08:34
73.89,-18.49,2018-11-30 08:39
74.41,-18.37,2018-11-30 08:44
74.76,-18.37,2018-11-30 08:49
73.95,-18.47,2018-11-30 08:54
73.69,-18.5,2018-11-30 08:59
74.08,-18.47,2018-11-30 09:04
74.54,-18.43,2018-11-30 09:09
74.0,-18.55,2018-11-30 09:14
73.4,-18.59,2018-11-30 09:19
73.62,-18.59,2018-11-30 09:24
74.09,-18.54,2018-11-30 09:30
74.19,-18.59,2018-11-30 09:35
73.15,-18.68,2018-11-30 09:40
73.05,-18.74,2018-11-30 09:45
73.48,-18.68,2018-11-30 09:50
74.81,-18.41,2018-11-30 09:55
75.77,-18.23,2018-11-30 10:00
75.4,-18.18,2018-11-30 10:05
75.52,-18.09,2018-11-30 10:10
75.85,-18.03,2018-11-30 10:15
75.45,-18.13,2018-11-30 10:20
74.44,-18.19,2018-11-30 10:25
74.35,-18.21,2018-11-30 10:30
74.79,-18.18,2018-11-30 10:35
74.88,-18.21,2018-11-30 10:40
74.05,-18.33,2018-11-30 10:45
73.9,-18.35,2018-11-30 10:50
74.34,-18.34,2018-11-30 10:55
74.64,-18.33,2018-11-30 11:00
73.7,-18.46,2018-11-30 11:05
73.28,-18.5,2018-11-30 11:10
73.55,-18.46,2018-11-30 11:16
74.18,-18.45,2018-11-30 11:21
74.15,-18.5,2018-11-30 11:26
73.23,-18.57,2018-11-30 11:31
73.3,-18.57,2018-11-30 11:36
73.76,-18.54,2018-11-30 11:41
74.21,-18.54,2018-11-30 11:46
73.57,-18.65,2018-11-30 11:51
73.18,-18.68,2018-11-30 11:56
73.52,-18.63,2018-11-30 12:01
74.03,-18.62,2018-11-30 12:06
74.31,-18.62,2018-11-30 12:11
73.54,-18.7,2018-11-30 12:16
73.37,-18.7,2018-11-30 12:21
73.7,-18.68,2018-11-30 12:26
74.34,-18.59,2018-11-30 12:31
74.7,-18.53,2018-11-30 12:36
75.1,-18.32,2018-11-30 12:41
76.5,-17.97,2018-11-30 12:46
77.34,-17.72,2018-11-30 12:51
77.04,-17.62,2018-11-30 12:56
76.35,-17.58,2018-11-30 13:01
76.46,-17.51,2018-11-30 13:07
76.75,-17.46,2018-11-30 13:12
76.02,-17.57,2018-11-30 13:17
75.05,-17.61,2018-11-30 13:22
75.21,-17.6,2018-11-30 13:27
76.98,-17.41,2018-11-30 13:32
77.83,-17.33,2018-11-30 13:37
77.62,-17.22,2018-11-30 13:42
79.36,-16.92,2018-11-30 13:47
79.96,-16.73,2018-11-30 13:52
79.47,-16.71,2018-11-30 13:57
78.18,-16.75,2018-11-30 14:02
77.75,-16.72,2018-11-30 14:07
77.96,-16.69,2018-11-30 14:12
77.8,-16.73,2018-11-30 14:17
76.61,-16.87,2018-11-30 14:22
76.46,-16.9,2018-11-30 14:27
76.79,-16.89,2018-11-30 14:32
76.98,-16.97,2018-11-30 14:37
77.98,-16.77,2018-11-30 14:47
78.27,-16.64,2018-11-30 14:52
78.07,-16.67,2018-11-30 14:58
76.69,-16.82,2018-11-30 15:03
76.23,-16.89,2018-11-30 15:08
77.3,-16.75,2018-11-30 15:13
78.62,-16.57,2018-11-30 15:18
78.61,-16.48,2018-11-30 15:23
78.4,-16.41,2018-11-30 15:28
78.69,-16.32,2018-11-30 15:33
78.65,-16.3,2018-11-30 15:38
77.2,-16.45,2018-11-30 15:48
78.75,-16.18,2018-11-30 15:53
79.67,-15.91,2018-11-30 15:58
79.62,-15.78,2018-11-30 16:03
80.12,-15.58,2018-11-30 16:08
80.47,-15.45,2018-11-30 16:13
79.12,-15.6,2018-11-30 16:18
79.38,-15.47,2018-11-30 16:23
79.93,-15.39,2018-11-30 16:28
79.85,-15.4,2018-11-30 16:33
78.33,-15.52,2018-11-30 16:38
79.18,-15.28,2018-11-30 16:43
79.42,-15.2,2018-11-30 16:49
78.66,-15.25,2018-11-30 16:54
77.66,-15.36,2018-11-30 16:59
77.88,-15.36,2018-11-30 17:04
77.98,-15.41,2018-11-30 17:09
77.24,-15.56,2018-11-30 17:14
76.66,-15.66,2018-11-30 17:19
76.93,-15.69,2018-11-30 17:24
76.98,-15.81,2018-11-30 17:29
75.94,-16.01,2018-11-30 17:34
75.6,-16.14,2018-11-30 17:39
76.05,-16.23,2018-11-30 17:44
76.27,-16.34,2018-11-30 17:49
75.52,-16.5,2018-11-30 17:54
75.37,-16.58,2018-11-30 17:59
75.84,-16.61,2018-11-30 18:04
76.09,-16.69,2018-11-30 18:09
75.51,-16.82,2018-11-30 18:14
75.94,-16.78,2018-11-30 18:19
76.71,-16.73,2018-11-30 18:24
75.76,-16.92,2018-11-30 18:34
75.62,-16.98,2018-11-30 18:39
76.04,-16.98,2018-11-30 18:44
76.17,-17.05,2018-11-30 18:49
75.05,-17.21,2018-11-30 18:54
74.86,-17.28,2018-11-30 18:59
75.33,-17.3,2018-11-30 19:05
75.64,-17.32,2018-11-30 19:10
74.99,-17.43,2018-11-30 19:15
74.6,-17.52,2018-11-30 19:20
74.93,-17.52,2018-11-30 19:25
75.46,-17.52,2018-11-30 19:30
75.12,-17.63,2018-11-30 19:35
74.47,-17.72,2018-11-30 19:40
74.57,-17.72,2018-11-30 19:45
75.1,-17.71,2018-11-30 19:50
75.27,-17.75,2018-11-30 19:55
74.37,-17.86,2018-11-30 20:00
74.17,-17.87,2018-11-30 20:05
74.6,-17.89,2018-11-30 20:10
75.15,-17.86,2018-11-30 20:15
74.67,-17.98,2018-11-30 20:20
73.95,-18.04,2018-11-30 20:25
74.09,-18.04,2018-11-30 20:30
91.13,-8.89,2018-11-30 20:41
90.59,-9.15,2018-11-30 20:46
85.73,-9.46,2018-11-30 20:51
80.4,-9.85,2018-11-30 20:56
75.88,-10.28,2018-11-30 21:01
71.77,-10.75,2018-11-30 21:06
69.43,-11.1,2018-11-30 21:11
67.97,-11.41,2018-11-30 21:16
66.97,-11.73,2018-11-30 21:21
66.2,-12.03,2018-11-30 21:26
65.85,-12.34,2018-11-30 21:31
65.74,-12.57,2018-11-30 21:36
65.79,-12.79,2018-11-30 21:41
65.62,-13.05,2018-11-30 21:46
65.68,-13.24,2018-11-30 21:51
65.91,-13.42,2018-11-30 21:56
66.19,-13.59,2018-11-30 22:01
66.26,-13.75,2018-11-30 22:06
66.32,-13.9,2018-11-30 22:11
66.58,-14.02,2018-11-30 22:16
66.95,-14.12,2018-11-30 22:21
67.19,-14.22,2018-11-30 22:26
67.2,-14.35,2018-11-30 22:31
67.37,-14.42,2018-11-30 22:36
67.66,-14.51,2018-11-30 22:42
68.0,-14.55,2018-11-30 22:47
68.05,-14.64,2018-11-30 22:52
68.08,-14.7,2018-11-30 22:57
68.3,-14.75,2018-11-30 23:02
68.58,-14.79,2018-11-30 23:07
68.78,-14.84,2018-11-30 23:12
68.67,-14.88,2018-11-30 23:17
68.75,-14.93,2018-11-30 23:22
68.97,-14.95,2018-11-30 23:27
69.23,-14.99,2018-11-30 23:32
69.2,-15.02,2018-11-30 23:37
69.14,-15.04,2018-11-30 23:42
69.23,-15.06,2018-11-30 23:47
69.44,-15.09,2018-11-30 23:52
69.55,-15.1,2018-11-30 23:57
69.35,-15.12,2018-12-01 00:02
69.31,-15.19,2018-12-01 00:07
69.45,-15.16,2018-12-01 00:12
69.63,-15.17,2018-12-01 00:17
69.55,-15.2,2018-12-01 00:22
69.36,-15.22,2018-12-01 00:27
69.37,-15.24,2018-12-01 00:32
69.51,-15.25,2018-12-01 00:37
69.69,-15.26,2018-12-01 00:42
69.46,-15.29,2018-12-01 00:48
69.3,-15.28,2018-12-01 00:53
69.32,-15.31,2018-12-01 00:58
69.46,-15.3,2018-12-01 01:03
69.47,-15.31,2018-12-01 01:08
69.16,-15.36,2018-12-01 01:13
69.05,-15.38,2018-12-01 01:18
69.09,-15.4,2018-12-01 01:23
69.22,-15.36,2018-12-01 01:28
69.13,-15.4,2018-12-01 01:33
68.83,-15.41,2018-12-01 01:38
68.75,-15.44,2018-12-01 01:43
68.84,-15.46,2018-12-01 01:48
68.97,-15.49,2018-12-01 01:53
68.71,-15.5,2018-12-01 01:58
68.46,-15.52,2018-12-01 02:03
68.52,-15.56,2018-12-01 02:08
68.63,-15.56,2018-12-01 02:13
68.66,-15.55,2018-12-01 02:18
68.35,-15.58,2018-12-01 02:24
68.26,-15.61,2018-12-01 02:29
68.3,-15.62,2018-12-01 02:34
68.45,-15.6,2018-12-01 02:39
68.39,-15.67,2018-12-01 02:44
68.12,-15.69,2018-12-01 02:49
68.04,-15.71,2018-12-01 02:54
68.15,-15.71,2018-12-01 02:59
68.26,-15.71,2018-12-01 03:04
68.16,-15.72,2018-12-01 03:09
67.88,-15.78,2018-12-01 03:14
67.87,-15.78,2018-12-01 03:19
67.98,-15.8,2018-12-01 03:24
68.1,-15.8,2018-12-01 03:29
67.87,-15.83,2018-12-01 03:34
67.68,-15.83,2018-12-01 03:39
67.76,-15.85,2018-12-01 03:44
67.91,-15.84,2018-12-01 03:49
68.05,-15.86,2018-12-01 03:54
67.9,-15.87,2018-12-01 03:59
67.83,-15.88,2018-12-01 04:04
67.97,-15.87,2018-12-01 04:09
68.19,-15.88,2018-12-01 04:20
67.99,-15.87,2018-12-01 04:25
67.92,-15.91,2018-12-01 04:30
68.05,-15.91,2018-12-01 04:35
68.22,-15.89,2018-12-01 04:40
68.2,-15.89,2018-12-01 04:45
68.0,-15.89,2018-12-01 04:50
68.03,-15.89,2018-12-01 04:55
68.12,-15.91,2018-12-01 05:00
68.26,-15.89,2018-12-01 05:05
68.13,-15.89,2018-12-01 05:10
67.99,-15.88,2018-12-01 05:15
68.01,-15.88,2018-12-01 05:20
68.16,-15.86,2018-12-01 05:25
68.26,-15.87,2018-12-01 05:30
68.04,-15.87,2018-12-01 05:35
67.94,-15.88,2018-12-01 05:40
67.99,-15.88,2018-12-01 05:45
68.13,-15.85,2018-12-01 05:50
68.19,-15.85,2018-12-01 05:55
67.97,-15.88,2018-12-01 06:01
67.88,-15.87,2018-12-01 06:06
67.95,-15.89,2018-12-01 06:11
68.1,-15.87,2018-12-01 06:16
68.09,-15.85,2018-12-01 06:21
67.87,-15.89,2018-12-01 06:26
67.84,-15.88,2018-12-01 06:31
67.91,-15.89,2018-12-01 06:36
68.03,-15.85,2018-12-01 06:41
67.89,-15.89,2018-12-01 06:46
67.7,-15.9,2018-12-01 06:51
67.7,-15.88,2018-12-01 06:56
67.81,-15.88,2018-12-01 07:01
67.88,-15.87,2018-12-01 07:06
67.65,-15.89,2018-12-01 07:11
67.52,-15.93,2018-12-01 07:16
67.55,-15.93,2018-12-01 07:21
67.66,-15.89,2018-12-01 07:26
67.71,-15.9,2018-12-01 07:31
67.45,-15.94,2018-12-01 07:36
67.36,-15.97,2018-12-01 07:41
67.39,-15.96,2018-12-01 07:47
67.5,-15.93,2018-12-01 07:52
67.49,-15.96,2018-12-01 07:57
67.24,-15.97,2018-12-01 08:02
67.18,-15.98,2018-12-01 08:07
67.26,-15.98,2018-12-01 08:12
67.45,-15.91,2018-12-01 08:17
67.31,-15.85,2018-12-01 08:22
66.94,-15.81,2018-12-01 08:27
66.78,-15.76,2018-12-01 08:32
66.72,-15.7,2018-12-01 08:37
66.68,-15.68,2018-12-01 08:42
66.32,-15.62,2018-12-01 08:47
65.97,-15.58,2018-12-01 08:52
65.85,-15.54,2018-12-01 08:57
66.09,-15.36,2018-12-01 09:02
65.79,-14.97,2018-12-01 09:07
64.74,-14.86,2018-12-01 09:12
64.03,-14.85,2018-12-01 09:17
63.77,-14.81,2018-12-01 09:22
63.79,-14.81,2018-12-01 09:28
63.69,-14.86,2018-12-01 09:33
63.56,-14.86,2018-12-01 09:38
63.7,-14.54,2018-12-01 09:43
63.3,-14.37,2018-12-01 09:48
62.95,-14.35,2018-12-01 09:53
62.47,-14.38,2018-12-01 09:58
62.34,-14.43,2018-12-01 10:03
62.53,-14.5,2018-12-01 10:08
62.85,-14.55,2018-12-01 10:13
62.92,-14.61,2018-12-01 10:18
62.88,-14.7,2018-12-01 10:23
63.1,-14.73,2018-12-01 10:28
63.41,-14.79,2018-12-01 10:33
63.66,-14.83,2018-12-01 10:38
63.56,-14.88,2018-12-01 10:43
63.62,-14.93,2018-12-01 10:48
63.88,-14.97,2018-12-01 10:53
64.17,-14.97,2018-12-01 10:58
64.21,-14.99,2018-12-01 11:03
64.08,-15.04,2018-12-01 11:08
64.18,-15.06,2018-12-01 11:13
64.46,-15.08,2018-12-01 11:18
64.72,-15.09,2018-12-01 11:23
64.6,-15.14,2018-12-01 11:28
64.55,-15.16,2018-12-01 11:34
64.75,-15.19,2018-12-01 11:39
64.99,-15.2,2018-12-01 11:44
65.01,-15.25,2018-12-01 11:49
64.85,-15.27,2018-12-01 11:54
64.99,-14.88,2018-12-01 12:04
64.53,-14.79,2018-12-01 12:09
63.98,-14.81,2018-12-01 12:14
63.78,-14.71,2018-12-01 12:19
63.49,-14.6,2018-12-01 12:24
63.33,-14.6,2018-12-01 12:29
63.24,-14.64,2018-12-01 12:34
63.08,-14.73,2018-12-01 12:39
63.24,-14.8,2018-12-01 12:44
63.82,-14.93,2018-12-01 12:54
63.77,-14.99,2018-12-01 12:59
63.98,-15.13,2018-12-01 13:09
64.21,-15.16,2018-12-01 13:14
64.31,-15.22,2018-12-01 13:19
64.17,-15.31,2018-12-01 13:24
64.27,-15.36,2018-12-01 13:29
64.51,-15.4,2018-12-01 13:34
64.76,-15.43,2018-12-01 13:40
64.84,-15.36,2018-12-01 13:45
64.58,-15.25,2018-12-01 13:50
64.4,-15.21,2018-12-01 13:55
64.29,-15.16,2018-12-01 14:00
64.08,-14.99,2018-12-01 14:05
63.58,-14.79,2018-12-01 14:10
62.93,-14.76,2018-12-01 14:15
62.16,-14.8,2018-12-01 14:20
61.8,-14.88,2018-12-01 14:25
61.9,-14.95,2018-12-01 14:30
62.72,-14.95,2018-12-01 14:40
62.54,-14.91,2018-12-01 14:45
62.23,-14.93,2018-12-01 14:50
62.23,-14.99,2018-12-01 14:55
62.44,-15.01,2018-12-01 15:00
62.74,-15.07,2018-12-01 15:05
62.87,-15.02,2018-12-01 15:10
63.27,-14.32,2018-12-01 15:15
62.5,-13.51,2018-12-01 15:20
60.73,-13.12,2018-12-01 15:25
59.21,-13.05,2018-12-01 15:30
58.54,-13.14,2018-12-01 15:35
58.54,-13.21,2018-12-01 15:40
58.92,-13.19,2018-12-01 15:45
58.61,-13.24,2018-12-01 15:51
58.6,-13.28,2018-12-01 15:56
59.07,-13.04,2018-12-01 16:01
58.52,-13.0,2018-12-01 16:06
57.77,-13.1,2018-12-01 16:11
57.57,-13.24,2018-12-01 16:16
57.85,-13.36,2018-12-01 16:21
58.28,-13.49,2018-12-01 16:26
58.44,-13.63,2018-12-01 16:31
58.6,-13.79,2018-12-01 16:36
59.02,-13.92,2018-12-01 16:41
59.56,-14.02,2018-12-01 16:46
59.87,-14.13,2018-12-01 16:51
59.98,-14.25,2018-12-01 16:56
60.31,-14.37,2018-12-01 17:01
60.78,-14.41,2018-12-01 17:06
61.15,-14.51,2018-12-01 17:11
61.21,-14.61,2018-12-01 17:16
61.39,-14.68,2018-12-01 17:21
61.74,-14.73,2018-12-01 17:26
62.12,-14.8,2018-12-01 17:31
62.29,-14.85,2018-12-01 17:36
62.3,-14.95,2018-12-01 17:41
62.56,-15.0,2018-12-01 17:47
62.88,-15.04,2018-12-01 17:52
63.16,-15.1,2018-12-01 17:57
63.08,-15.16,2018-12-01 18:02
63.19,-15.22,2018-12-01 18:07
63.78,-15.29,2018-12-01 18:17
63.79,-15.34,2018-12-01 18:22
63.94,-15.42,2018-12-01 18:32
64.2,-15.43,2018-12-01 18:37
64.24,-15.54,2018-12-01 18:47
64.28,-15.6,2018-12-01 18:52
64.46,-15.6,2018-12-01 18:57
64.72,-15.6,2018-12-01 19:02
64.73,-15.65,2018-12-01 19:07
64.62,-15.71,2018-12-01 19:13
64.7,-15.75,2018-12-01 19:18
64.92,-15.75,2018-12-01 19:23
65.1,-15.76,2018-12-01 19:28
65.06,-15.78,2018-12-01 19:33
65.07,-15.61,2018-12-01 19:38
65.2,-14.76,2018-12-01 19:43
63.3,-13.86,2018-12-01 19:48
60.6,-13.21,2018-12-01 19:53
58.57,-12.97,2018-12-01 19:58
57.93,-12.66,2018-12-01 20:03
57.15,-12.47,2018-12-01 20:08
56.08,-12.55,2018-12-01 20:13
55.32,-12.75,2018-12-01 20:18
55.37,-12.93,2018-12-01 20:23
55.84,-13.12,2018-12-01 20:28
56.03,-13.31,2018-12-01 20:33
56.11,-13.53,2018-12-01 20:38
56.55,-13.72,2018-12-01 20:44
57.2,-13.87,2018-12-01 20:49
57.69,-13.96,2018-12-01 20:54
57.76,-14.17,2018-12-01 20:59
58.05,-14.28,2018-12-01 21:04
58.56,-14.41,2018-12-01 21:09
59.1,-14.48,2018-12-01 21:14
59.36,-14.73,2018-12-01 21:24
59.74,-14.82,2018-12-01 21:29
60.48,-14.99,2018-12-01 21:39
60.42,-15.09,2018-12-01 21:44
60.63,-15.15,2018-12-01 21:49
61.03,-15.23,2018-12-01 21:54
61.43,-15.28,2018-12-01 21:59
61.44,-15.38,2018-12-01 22:04
61.44,-15.43,2018-12-01 22:09
61.71,-15.49,2018-12-01 22:14
62.1,-15.47,2018-12-01 22:19
62.62,-15.25,2018-12-01 22:24
61.85,-15.08,2018-12-01 22:29
61.6,-14.8,2018-12-01 22:34
61.17,-14.56,2018-12-01 22:40
60.65,-14.48,2018-12-01 22:45
59.99,-14.55,2018-12-01 22:50
59.76,-14.63,2018-12-01 22:55
60.02,-14.7,2018-12-01 23:00
60.39,-14.79,2018-12-01 23:05
60.39,-14.91,2018-12-01 23:10
60.36,-15.01,2018-12-01 23:15
60.71,-15.09,2018-12-01 23:20
61.15,-15.12,2018-12-01 23:25
61.39,-15.19,2018-12-01 23:30
61.29,-15.28,2018-12-01 23:35
61.46,-15.34,2018-12-01 23:40
61.84,-15.39,2018-12-01 23:45
62.2,-15.42,2018-12-01 23:50
62.16,-15.46,2018-12-01 23:55
62.14,-15.54,2018-12-02 00:00
62.36,-15.59,2018-12-02 00:05
62.65,-15.6,2018-12-02 00:10
62.91,-15.64,2018-12-02 00:15
62.74,-15.69,2018-12-02 00:20
62.72,-15.71,2018-12-02 00:25
62.93,-15.73,2018-12-02 00:30
63.19,-15.73,2018-12-02 00:35
63.37,-15.78,2018-12-02 00:41
63.18,-15.8,2018-12-02 00:46
63.21,-15.84,2018-12-02 00:51
63.39,-15.85,2018-12-02 00:56
63.64,-15.85,2018-12-02 01:01
63.67,-15.87,2018-12-02 01:06
63.5,-15.91,2018-12-02 01:11
63.56,-15.93,2018-12-02 01:16
63.75,-15.94,2018-12-02 01:21
63.95,-15.95,2018-12-02 01:26
63.84,-15.97,2018-12-02 01:31
63.75,-15.98,2018-12-02 01:36
63.83,-16.0,2018-12-02 01:41
64.03,-16.01,2018-12-02 01:46
64.14,-16.03,2018-12-02 01:51
63.97,-16.08,2018-12-02 01:56
63.91,-16.06,2018-12-02 02:01
64.04,-16.06,2018-12-02 02:06
64.2,-16.06,2018-12-02 02:11
64.27,-16.1,2018-12-02 02:16
64.08,-16.11,2018-12-02 02:22
64.07,-16.12,2018-12-02 02:27
64.22,-16.12,2018-12-02 02:32
64.37,-16.12,2018-12-02 02:37
64.32,-16.15,2018-12-02 02:42
64.14,-16.17,2018-12-02 02:47
64.19,-16.15,2018-12-02 02:52
64.33,-16.19,2018-12-02 02:57
64.46,-16.19,2018-12-02 03:02
64.3,-16.2,2018-12-02 03:07
64.2,-16.2,2018-12-02 03:12
64.28,-16.23,2018-12-02 03:17
64.42,-16.2,2018-12-02 03:22
64.52,-16.2,2018-12-02 03:27
64.31,-16.23,2018-12-02 03:32
64.24,-16.25,2018-12-02 03:37
64.49,-16.24,2018-12-02 03:47
64.47,-16.26,2018-12-02 03:52
64.28,-16.27,2018-12-02 03:57
64.26,-16.29,2018-12-02 04:02
64.37,-16.27,2018-12-02 04:08
64.52,-16.26,2018-12-02 04:13
64.49,-16.28,2018-12-02 04:18
64.29,-16.29,2018-12-02 04:23
64.29,-16.29,2018-12-02 04:28
64.41,-16.29,2018-12-02 04:33
64.5,-16.29,2018-12-02 04:38
64.38,-16.3,2018-12-02 04:43
64.23,-16.31,2018-12-02 04:48
64.26,-16.33,2018-12-02 04:53
64.42,-16.3,2018-12-02 04:58
64.51,-16.32,2018-12-02 05:03
64.3,-16.32,2018-12-02 05:08
64.2,-16.34,2018-12-02 05:13
64.25,-16.33,2018-12-02 05:18
64.4,-16.33,2018-12-02 05:23
64.49,-16.32,2018-12-02 05:28
64.31,-16.35,2018-12-02 05:33
64.19,-16.35,2018-12-02 05:38
64.27,-16.35,2018-12-02 05:43
64.4,-16.35,2018-12-02 05:48
64.4,-16.34,2018-12-02 05:53
64.2,-16.35,2018-12-02 05:58
64.15,-16.38,2018-12-02 06:04
64.26,-16.36,2018-12-02 06:09
64.4,-16.36,2018-12-02 06:14
64.36,-16.38,2018-12-02 06:19
64.14,-16.39,2018-12-02 06:24
64.13,-16.41,2018-12-02 06:29
64.25,-16.38,2018-12-02 06:34
64.23,-16.4,2018-12-02 06:44
64.11,-16.42,2018-12-02 06:49
64.14,-16.42,2018-12-02 06:54
64.27,-16.41,2018-12-02 06:59
64.36,-16.4,2018-12-02 07:04
64.14,-16.42,2018-12-02 07:09
64.07,-16.43,2018-12-02 07:14
64.16,-16.43,2018-12-02 07:19
64.27,-16.42,2018-12-02 07:24
64.31,-16.4,2018-12-02 07:29
64.05,-16.44,2018-12-02 07:34
64.03,-16.44,2018-12-02 07:39
64.11,-16.43,2018-12-02 07:44
64.27,-16.43,2018-12-02 07:49
64.26,-16.42,2018-12-02 07:54
64.01,-16.47,2018-12-02 08:00
64.01,-16.44,2018-12-02 08:05
64.09,-16.46,2018-12-02 08:10
64.24,-16.43,2018-12-02 08:20
64.03,-16.44,2018-12-02 08:25
64.01,-16.44,2018-12-02 08:30
64.13,-16.44,2018-12-02 08:35
64.24,-16.42,2018-12-02 08:40
64.1,-16.42,2018-12-02 08:45
63.92,-16.46,2018-12-02 08:50
63.98,-16.46,2018-12-02 08:55
64.11,-16.45,2018-12-02 09:00
64.2,-16.42,2018-12-02 09:05
64.01,-16.43,2018-12-02 09:10
63.87,-16.46,2018-12-02 09:15
63.95,-16.47,2018-12-02 09:20
64.07,-16.45,2018-12-02 09:25
64.2,-16.43,2018-12-02 09:30
64.0,-16.45,2018-12-02 09:35
63.87,-16.44,2018-12-02 09:40
63.92,-16.45,2018-12-02 09:46
64.56,-15.79,2018-12-02 09:51
63.33,-15.11,2018-12-02 09:56
61.11,-14.85,2018-12-02 10:01
59.09,-14.08,2018-12-02 10:11
58.33,-14.03,2018-12-02 10:16
57.67,-13.94,2018-12-02 10:21
57.41,-13.43,2018-12-02 10:26
56.67,-13.24,2018-12-02 10:31
55.94,-13.22,2018-12-02 10:36
55.37,-13.34,2018-12-02 10:41
55.44,-13.49,2018-12-02 10:46
55.82,-13.59,2018-12-02 10:51
56.01,-13.72,2018-12-02 10:56
56.03,-13.9,2018-12-02 11:01
56.4,-14.03,2018-12-02 11:06
56.93,-14.12,2018-12-02 11:11
57.29,-14.24,2018-12-02 11:16
57.36,-14.39,2018-12-02 11:21
57.7,-14.53,2018-12-02 11:26
58.21,-14.61,2018-12-02 11:32
58.61,-14.7,2018-12-02 11:37
58.67,-14.81,2018-12-02 11:42
58.9,-14.94,2018-12-02 11:47
59.29,-14.99,2018-12-02 11:52
59.73,-15.04,2018-12-02 11:57
59.84,-15.14,2018-12-02 12:02
59.89,-15.22,2018-12-02 12:07
60.2,-15.27,2018-12-02 12:12
60.57,-15.3,2018-12-02 12:17
60.79,-15.37,2018-12-02 12:22
60.73,-15.44,2018-12-02 12:27
60.86,-15.49,2018-12-02 12:32
61.16,-15.52,2018-12-02 12:37
61.48,-15.54,2018-12-02 12:42
61.44,-15.59,2018-12-02 12:47
61.43,-15.62,2018-12-02 12:52
61.63,-15.68,2018-12-02 12:57
61.89,-15.69,2018-12-02 13:02
62.04,-15.73,2018-12-02 13:08
61.9,-15.79,2018-12-02 13:13
61.99,-15.8,2018-12-02 13:18
62.23,-15.8,2018-12-02 13:23
62.43,-15.82,2018-12-02 13:28
62.32,-15.87,2018-12-02 13:33
62.28,-15.88,2018-12-02 13:38
62.43,-15.94,2018-12-02 13:43
62.66,-15.91,2018-12-02 13:48
62.73,-15.94,2018-12-02 13:53
62.59,-16.0,2018-12-02 13:58
62.65,-16.0,2018-12-02 14:03
62.82,-15.97,2018-12-02 14:08
62.98,-15.98,2018-12-02 14:13
62.85,-16.02,2018-12-02 14:18
62.79,-16.04,2018-12-02 14:23
62.9,-16.04,2018-12-02 14:28
63.1,-16.03,2018-12-02 14:33
63.16,-16.04,2018-12-02 14:38
62.96,-16.08,2018-12-02 14:43
62.95,-16.06,2018-12-02 14:48
63.1,-16.08,2018-12-02 14:53
63.27,-16.09,2018-12-02 14:58
63.31,-15.75,2018-12-02 15:03
62.44,-15.36,2018-12-02 15:08
61.53,-15.12,2018-12-02 15:13
62.43,-14.92,2018-12-02 15:19
62.66,-14.4,2018-12-02 15:24
59.57,-14.04,2018-12-02 15:34
58.67,-14.1,2018-12-02 15:39
58.44,-13.93,2018-12-02 15:44
58.03,-13.87,2018-12-02 15:49
57.85,-13.91,2018-12-02 15:54
57.6,-14.02,2018-12-02 15:59
57.46,-14.13,2018-12-02 16:04
57.73,-14.24,2018-12-02 16:09
58.13,-14.33,2018-12-02 16:14
58.28,-14.45,2018-12-02 16:19
58.3,-14.56,2018-12-02 16:24
58.64,-14.67,2018-12-02 16:29
59.05,-14.73,2018-12-02 16:34
59.29,-14.83,2018-12-02 16:39
59.54,-15.01,2018-12-02 16:49
59.93,-15.07,2018-12-02 16:54
60.23,-15.13,2018-12-02 16:59
60.2,-15.23,2018-12-02 17:05
60.37,-15.28,2018-12-02 17:10
60.69,-15.36,2018-12-02 17:15
61.01,-15.37,2018-12-02 17:20
61.04,-15.42,2018-12-02 17:25
61.05,-15.5,2018-12-02 17:30
61.25,-15.54,2018-12-02 17:35
61.55,-15.56,2018-12-02 17:40
61.69,-15.61,2018-12-02 17:45
61.61,-15.65,2018-12-02 17:50
61.73,-15.71,2018-12-02 17:55
61.95,-15.71,2018-12-02 18:00
62.17,-15.73,2018-12-02 18:05
62.07,-15.8,2018-12-02 18:10
62.08,-15.81,2018-12-02 18:15
62.25,-15.83,2018-12-02 18:20
62.48,-15.84,2018-12-02 18:25
62.51,-15.84,2018-12-02 18:30
62.39,-15.88,2018-12-02 18:35
62.48,-15.9,2018-12-02 18:40
62.63,-15.91,2018-12-02 18:45
62.77,-15.88,2018-12-02 18:50
62.63,-15.93,2018-12-02 18:56
62.61,-15.94,2018-12-02 19:01
62.74,-15.94,2018-12-02 19:06
62.9,-15.98,2018-12-02 19:16
62.72,-16.0,2018-12-02 19:21
62.75,-16.01,2018-12-02 19:26
62.89,-16.01,2018-12-02 19:31
63.03,-16.0,2018-12-02 19:36
62.89,-16.01,2018-12-02 19:41
62.82,-16.02,2018-12-02 19:46
62.92,-16.04,2018-12-02 19:51
63.07,-16.01,2018-12-02 19:56
63.09,-16.05,2018-12-02 20:01
62.92,-16.06,2018-12-02 20:06
62.95,-16.06,2018-12-02 20:11
63.06,-16.06,2018-12-02 20:16
63.2,-16.08,2018-12-02 20:21
63.04,-16.06,2018-12-02 20:26
62.95,-16.11,2018-12-02 20:31
63.02,-16.09,2018-12-02 20:36
63.19,-16.09,2018-12-02 20:41
63.24,-16.1,2018-12-02 20:46
63.05,-16.1,2018-12-02 20:51
63.04,-16.12,2018-12-02 20:57
63.14,-16.13,2018-12-02 21:02
63.27,-16.12,2018-12-02 21:07
63.21,-16.12,2018-12-02 21:12
63.04,-16.16,2018-12-02 21:17
63.08,-16.15,2018-12-02 21:22
63.21,-16.12,2018-12-02 21:27
63.29,-16.15,2018-12-02 21:32
63.13,-16.17,2018-12-02 21:37
63.07,-16.17,2018-12-02 21:42
63.14,-16.16,2018-12-02 21:47
63.3,-16.17,2018-12-02 21:52
63.28,-16.17,2018-12-02 21:57
63.09,-16.18,2018-12-02 22:02
63.11,-16.19,2018-12-02 22:07
63.24,-16.19,2018-12-02 22:12
63.36,-16.15,2018-12-02 22:17
63.23,-16.2,2018-12-02 22:22
63.1,-16.18,2018-12-02 22:28
63.16,-16.2,2018-12-02 22:33
63.28,-16.18,2018-12-02 22:38
63.36,-16.18,2018-12-02 22:43
63.17,-16.2,2018-12-02 22:48
63.12,-16.2,2018-12-02 22:53
63.22,-16.2,2018-12-02 22:58
63.35,-16.18,2018-12-02 23:03
63.3,-16.21,2018-12-02 23:08
63.12,-16.21,2018-12-02 23:13
63.12,-16.23,2018-12-02 23:18
63.24,-16.21,2018-12-02 23:23
63.4,-16.2,2018-12-02 23:28
63.3,-16.2,2018-12-02 23:33
63.14,-16.25,2018-12-02 23:38
63.15,-16.24,2018-12-02 23:43
63.31,-16.21,2018-12-02 23:48
63.42,-16.2,2018-12-02 23:53
63.27,-16.24,2018-12-02 23:58
63.14,-16.25,2018-12-03 00:03
63.2,-16.25,2018-12-03 00:08
63.32,-16.24,2018-12-03 00:13
63.17,-16.26,2018-12-03 00:24
63.14,-16.25,2018-12-03 00:29
63.23,-16.25,2018-12-03 00:34
63.33,-16.26,2018-12-03 00:44
63.16,-16.26,2018-12-03 00:49
63.16,-16.26,2018-12-03 00:54
63.27,-16.25,2018-12-03 00:59
63.37,-16.25,2018-12-03 01:04
63.23,-16.26,2018-12-03 01:09
63.17,-16.27,2018-12-03 01:19
63.3,-16.24,2018-12-03 01:24
63.39,-16.24,2018-12-03 01:29
63.21,-16.28,2018-12-03 01:34
63.12,-16.28,2018-12-03 01:39
63.21,-16.29,2018-12-03 01:44
63.35,-16.25,2018-12-03 01:49
63.4,-16.24,2018-12-03 01:54
63.18,-16.27,2018-12-03 01:59
63.14,-16.29,2018-12-03 02:04
63.24,-16.27,2018-12-03 02:09
63.36,-16.25,2018-12-03 02:14
63.34,-16.25,2018-12-03 02:19
63.14,-16.28,2018-12-03 02:30
63.23,-16.29,2018-12-03 02:35
63.37,-16.24,2018-12-03 02:40
63.28,-16.27,2018-12-03 02:45
63.09,-16.3,2018-12-03 02:50
63.11,-16.27,2018-12-03 02:55
63.25,-16.27,2018-12-03 03:00
63.39,-16.27,2018-12-03 03:05
63.25,-16.29,2018-12-03 03:10
63.11,-16.29,2018-12-03 03:15
63.16,-16.28,2018-12-03 03:20
63.27,-16.28,2018-12-03 03:25
63.39,-16.26,2018-12-03 03:30
63.26,-16.28,2018-12-03 03:35
63.14,-16.31,2018-12-03 03:40
63.18,-16.29,2018-12-03 03:45
63.3,-16.29,2018-12-03 03:50
63.36,-16.27,2018-12-03 03:55
63.16,-16.3,2018-12-03 04:00
63.1,-16.29,2018-12-03 04:05
63.21,-16.29,2018-12-03 04:10
63.35,-16.27,2018-12-03 04:15
63.3,-16.28,2018-12-03 04:20
63.12,-16.3,2018-12-03 04:26
63.11,-16.29,2018-12-03 04:31
63.22,-16.3,2018-12-03 04:36
63.34,-16.27,2018-12-03 04:41
63.27,-16.3,2018-12-03 04:46
63.1,-16.3,2018-12-03 04:51
63.14,-16.3,2018-12-03 04:56
63.24,-16.29,2018-12-03 05:01
63.39,-16.28,2018-12-03 05:06
63.26,-16.32,2018-12-03 05:11
63.1,-16.31,2018-12-03 05:16
63.15,-16.29,2018-12-03 05:21
63.27,-16.29,2018-12-03 05:26
63.36,-16.29,2018-12-03 05:31
63.17,-16.29,2018-12-03 05:36
63.11,-16.32,2018-12-03 05:41
63.18,-16.3,2018-12-03 05:46
63.33,-16.29,2018-12-03 05:51
63.3,-16.29,2018-12-03 05:56
63.09,-16.31,2018-12-03 06:01
63.09,-16.31,2018-12-03 06:06
63.35,-16.3,2018-12-03 06:17
63.21,-16.3,2018-12-03 06:22
63.08,-16.32,2018-12-03 06:27
63.12,-16.3,2018-12-03 06:32
63.24,-16.3,2018-12-03 06:37
63.33,-16.28,2018-12-03 06:42
63.14,-16.31,2018-12-03 06:47
63.07,-16.33,2018-12-03 06:52
63.14,-16.31,2018-12-03 06:57
63.28,-16.3,2018-12-03 07:02
63.33,-16.3,2018-12-03 07:07
63.12,-16.3,2018-12-03 07:12
63.1,-16.31,2018-12-03 07:17
63.17,-16.32,2018-12-03 07:22
63.31,-16.29,2018-12-03 07:27
63.27,-16.32,2018-12-03 07:32
63.08,-16.34,2018-12-03 07:37
63.09,-16.32,2018-12-03 07:42
63.21,-16.32,2018-12-03 07:47
63.36,-16.3,2018-12-03 07:52
63.24,-16.28,2018-12-03 07:57
63.08,-16.33,2018-12-03 08:03
63.1,-16.33,2018-12-03 08:08
63.24,-16.33,2018-12-03 08:13
63.38,-16.29,2018-12-03 08:18
63.24,-16.33,2018-12-03 08:23
63.08,-16.33,2018-12-03 08:28
63.11,-16.34,2018-12-03 08:33
63.24,-16.32,2018-12-03 08:38
63.37,-16.3,2018-12-03 08:43
63.17,-16.3,2018-12-03 08:48
63.07,-16.34,2018-12-03 08:53
63.11,-16.32,2018-12-03 08:58
63.28,-16.31,2018-12-03 09:03
63.38,-16.29,2018-12-03 09:08
63.19,-16.32,2018-12-03 09:13
63.06,-16.34,2018-12-03 09:18
63.32,-16.25,2018-12-03 09:23
75.3,-14.55,2018-12-03 09:28
74.23,-14.3,2018-12-03 09:33
70.0,-14.17,2018-12-03 09:38
63.59,-13.83,2018-12-03 09:48
61.26,-13.67,2018-12-03 09:59
60.2,-13.6,2018-12-03 10:04
59.69,-13.66,2018-12-03 10:09
60.26,-13.15,2018-12-03 10:14
58.68,-12.91,2018-12-03 10:19
58.12,-12.64,2018-12-03 10:24
57.16,-12.47,2018-12-03 10:29
56.34,-12.54,2018-12-03 10:34
56.39,-12.45,2018-12-03 10:39
55.87,-12.21,2018-12-03 10:44
54.91,-12.33,2018-12-03 10:54
54.68,-12.53,2018-12-03 10:59
54.9,-12.72,2018-12-03 11:04
55.31,-12.9,2018-12-03 11:09
55.64,-13.09,2018-12-03 11:14
55.8,-13.3,2018-12-03 11:19
57.02,-13.53,2018-12-03 11:29
57.51,-13.34,2018-12-03 11:34
56.8,-13.31,2018-12-03 11:39
56.5,-13.35,2018-12-03 11:45
56.6,-13.45,2018-12-03 11:50
56.78,-13.59,2018-12-03 11:55
57.57,-13.27,2018-12-03 12:00
57.03,-12.87,2018-12-03 12:05
56.33,-12.57,2018-12-03 12:10
55.39,-12.51,2018-12-03 12:15
54.72,-12.61,2018-12-03 12:20
54.68,-12.75,2018-12-03 12:25
55.01,-12.87,2018-12-03 12:30
55.64,-12.8,2018-12-03 12:35
55.59,-12.54,2018-12-03 12:40
54.97,-12.42,2018-12-03 12:45
54.77,-12.41,2018-12-03 12:50
55.1,-11.98,2018-12-03 12:55
54.32,-11.6,2018-12-03 13:00
53.71,-11.24,2018-12-03 13:05
52.84,-11.02,2018-12-03 13:10
52.29,-10.84,2018-12-03 13:15
51.34,-10.84,2018-12-03 13:20
51.1,-10.98,2018-12-03 13:25
51.28,-11.16,2018-12-03 13:30
51.49,-11.4,2018-12-03 13:35
51.94,-11.42,2018-12-03 13:40
52.07,-11.47,2018-12-03 13:45
52.25,-11.64,2018-12-03 13:51
52.32,-11.87,2018-12-03 13:56
52.64,-12.09,2018-12-03 14:01
53.24,-12.28,2018-12-03 14:06
53.84,-12.47,2018-12-03 14:11
54.12,-12.69,2018-12-03 14:16
54.58,-12.88,2018-12-03 14:21
55.47,-13.01,2018-12-03 14:26
56.65,-12.51,2018-12-03 14:31
55.58,-11.92,2018-12-03 14:36
54.0,-11.73,2018-12-03 14:41
53.77,-11.7,2018-12-03 14:46
53.89,-11.55,2018-12-03 14:51
53.36,-11.32,2018-12-03 14:56
53.14,-10.94,2018-12-03 15:01
52.97,-10.28,2018-12-03 15:06
51.21,-10.01,2018-12-03 15:11
50.3,-9.84,2018-12-03 15:16
50.36,-9.42,2018-12-03 15:21
49.9,-8.88,2018-12-03 15:26
48.4,-8.63,2018-12-03 15:31
47.73,-8.42,2018-12-03 15:36
47.06,-8.39,2018-12-03 15:41
46.69,-8.56,2018-12-03 15:46
46.63,-8.84,2018-12-03 15:57
47.0,-9.09,2018-12-03 16:02
47.4,-9.46,2018-12-03 16:07
47.9,-9.79,2018-12-03 16:12
48.56,-9.95,2018-12-03 16:17
49.66,-9.81,2018-12-03 16:22
49.47,-9.52,2018-12-03 16:27
49.14,-9.28,2018-12-03 16:32
48.88,-8.94,2018-12-03 16:37
48.11,-8.83,2018-12-03 16:42
47.78,-8.49,2018-12-03 16:52
47.44,-8.34,2018-12-03 16:57
47.37,-8.12,2018-12-03 17:02
46.39,-8.14,2018-12-03 17:07
46.31,-8.32,2018-12-03 17:12
46.64,-8.39,2018-12-03 17:17
46.55,-8.62,2018-12-03 17:22
46.63,-8.98,2018-12-03 17:27
47.21,-9.31,2018-12-03 17:32
48.02,-9.62,2018-12-03 17:37
48.55,-9.98,2018-12-03 17:43
49.16,-10.31,2018-12-03 17:48
49.99,-10.64,2018-12-03 17:53
50.81,-10.9,2018-12-03 17:58
72.22,-9.98,2018-12-03 18:03
63.79,-10.03,2018-12-03 18:08
56.84,-10.14,2018-12-03 18:13
54.58,-10.4,2018-12-03 18:18
53.72,-10.69,2018-12-03 18:23
53.68,-11.02,2018-12-03 18:28
54.04,-11.29,2018-12-03 18:33
54.39,-11.54,2018-12-03 18:38
54.73,-11.85,2018-12-03 18:43
55.29,-12.07,2018-12-03 18:48
55.9,-12.28,2018-12-03 18:53
56.38,-12.5,2018-12-03 18:58
56.68,-12.71,2018-12-03 19:03
57.17,-12.88,2018-12-03 19:08
57.7,-13.04,2018-12-03 19:13
58.12,-13.19,2018-12-03 19:18
58.35,-13.36,2018-12-03 19:23
58.77,-13.53,2018-12-03 19:29
59.21,-13.65,2018-12-03 19:34
59.63,-13.77,2018-12-03 19:39
59.79,-13.9,2018-12-03 19:44
60.05,-14.03,2018-12-03 19:49
60.41,-14.1,2018-12-03 19:54
60.76,-14.18,2018-12-03 19:59
60.89,-14.31,2018-12-03 20:04
61.02,-14.4,2018-12-03 20:09
61.24,-14.46,2018-12-03 20:14
73.27,-12.43,2018-12-03 20:19
89.64,-6.21,2018-12-03 20:24
88.12,-7.09,2018-12-03 20:29
79.06,-7.37,2018-12-03 20:34
71.21,-7.6,2018-12-03 20:39
63.79,-7.89,2018-12-03 20:44
59.99,-8.32,2018-12-03 20:49
58.38,-8.77,2018-12-03 20:54
57.46,-9.36,2018-12-03 21:00
57.39,-9.89,2018-12-03 21:05
57.87,-10.25,2018-12-03 21:10
58.28,-10.63,2018-12-03 21:15
58.73,-11.4,2018-12-03 21:25
59.44,-11.67,2018-12-03 21:30
59.86,-11.89,2018-12-03 21:35
59.75,-12.18,2018-12-03 21:40
60.16,-12.42,2018-12-03 21:45
60.76,-12.61,2018-12-03 21:50
61.15,-12.79,2018-12-03 21:55
61.16,-12.86,2018-12-03 22:00
61.17,-11.51,2018-12-03 22:05
58.74,-10.94,2018-12-03 22:10
57.19,-10.86,2018-12-03 22:15
56.43,-10.99,2018-12-03 22:20
56.61,-11.17,2018-12-03 22:25
57.18,-11.38,2018-12-03 22:30
57.48,-11.62,2018-12-03 22:35
57.59,-11.89,2018-12-03 22:40
58.31,-12.04,2018-12-03 22:46
58.86,-12.02,2018-12-03 22:51
58.72,-12.15,2018-12-03 22:56
58.54,-12.36,2018-12-03 23:01
59.02,-12.54,2018-12-03 23:06
59.56,-12.7,2018-12-03 23:11
59.6,-12.88,2018-12-03 23:16
59.7,-13.07,2018-12-03 23:21
60.24,-13.23,2018-12-03 23:26
60.78,-13.34,2018-12-03 23:31
60.84,-13.49,2018-12-03 23:36
60.81,-13.63,2018-12-03 23:41
61.26,-13.76,2018-12-03 23:46
61.74,-13.88,2018-12-03 23:51
61.89,-13.95,2018-12-03 23:56
61.72,-14.1,2018-12-04 00:01
62.03,-14.2,2018-12-04 00:06
62.46,-14.27,2018-12-04 00:11
62.69,-14.33,2018-12-04 00:16
62.43,-14.45,2018-12-04 00:21
62.63,-14.53,2018-12-04 00:26
63.0,-14.55,2018-12-04 00:31
63.23,-14.64,2018-12-04 00:36
62.94,-14.75,2018-12-04 00:41
63.0,-14.8,2018-12-04 00:46
63.35,-14.83,2018-12-04 00:52
63.68,-14.85,2018-12-04 00:57
63.41,-14.9,2018-12-04 01:02
63.29,-14.98,2018-12-04 01:07
63.56,-15.0,2018-12-04 01:12
63.85,-15.01,2018-12-04 01:17
63.66,-15.07,2018-12-04 01:22
63.4,-15.12,2018-12-04 01:27
63.6,-15.17,2018-12-04 01:32
63.92,-15.2,2018-12-04 01:37
63.98,-15.22,2018-12-04 01:42
63.62,-15.3,2018-12-04 01:47
63.69,-15.32,2018-12-04 01:52
63.97,-15.34,2018-12-04 01:57
64.2,-15.35,2018-12-04 02:02
63.85,-15.4,2018-12-04 02:07
63.79,-15.42,2018-12-04 02:12
64.04,-15.43,2018-12-04 02:17
64.3,-15.44,2018-12-04 02:22
64.09,-15.51,2018-12-04 02:27
63.84,-15.54,2018-12-04 02:33
64.01,-15.56,2018-12-04 02:38
64.28,-15.55,2018-12-04 02:43
64.33,-15.57,2018-12-04 02:48
63.95,-15.62,2018-12-04 02:53
63.99,-15.66,2018-12-04 02:58
64.27,-15.65,2018-12-04 03:03
64.47,-15.66,2018-12-04 03:08
64.07,-15.71,2018-12-04 03:13
63.98,-15.73,2018-12-04 03:18
64.17,-15.74,2018-12-04 03:23
64.3,-15.78,2018-12-04 03:33
63.98,-15.8,2018-12-04 03:38
64.1,-15.8,2018-12-04 03:43
64.36,-15.83,2018-12-04 03:48
64.46,-15.83,2018-12-04 03:53
64.02,-15.86,2018-12-04 03:58
63.99,-15.87,2018-12-04 04:03
64.21,-15.88,2018-12-04 04:08
64.47,-15.88,2018-12-04 04:13
64.2,-15.91,2018-12-04 04:18
63.91,-15.91,2018-12-04 04:23
64.05,-15.95,2018-12-04 04:28
64.31,-15.93,2018-12-04 04:33
64.36,-15.91,2018-12-04 04:39
63.88,-15.98,2018-12-04 04:44
63.85,-15.98,2018-12-04 04:49
64.06,-15.98,2018-12-04 04:54
64.33,-15.98,2018-12-04 04:59
64.13,-15.99,2018-12-04 05:04
63.79,-16.04,2018-12-04 05:09
63.9,-16.0,2018-12-04 05:14
64.15,-16.02,2018-12-04 05:19
64.27,-16.02,2018-12-04 05:24
63.82,-16.04,2018-12-04 05:29
63.72,-16.06,2018-12-04 05:34
63.98,-16.06,2018-12-04 05:39
64.21,-16.04,2018-12-04 05:44
64.01,-16.09,2018-12-04 05:49
63.65,-16.11,2018-12-04 05:54
63.75,-16.11,2018-12-04 05:59
64.06,-16.09,2018-12-04 06:04
64.17,-16.09,2018-12-04 06:09
63.7,-16.16,2018-12-04 06:14
63.59,-16.17,2018-12-04 06:19
63.82,-16.14,2018-12-04 06:24
64.08,-16.13,2018-12-04 06:29
64.07,-16.14,2018-12-04 06:34
63.62,-16.16,2018-12-04 06:39
63.66,-16.2,2018-12-04 06:44
63.89,-16.18,2018-12-04 06:50
64.14,-16.16,2018-12-04 06:55
63.88,-16.2,2018-12-04 07:00
63.59,-16.23,2018-12-04 07:05
63.73,-16.2,2018-12-04 07:10
63.97,-16.21,2018-12-04 07:15
64.13,-16.2,2018-12-04 07:20
63.66,-16.25,2018-12-04 07:25
63.56,-16.25,2018-12-04 07:30
63.75,-16.25,2018-12-04 07:35
64.02,-16.23,2018-12-04 07:40
64.0,-16.23,2018-12-04 07:45
63.54,-16.26,2018-12-04 07:50
63.55,-16.27,2018-12-04 07:55
63.81,-16.25,2018-12-04 08:00
63.82,-16.27,2018-12-04 08:10
63.48,-16.31,2018-12-04 08:15
63.61,-16.28,2018-12-04 08:20
63.85,-16.29,2018-12-04 08:25
64.01,-16.27,2018-12-04 08:30
63.55,-16.3,2018-12-04 08:35
63.43,-16.29,2018-12-04 08:40
63.65,-16.29,2018-12-04 08:45
63.89,-16.27,2018-12-04 08:51
63.84,-16.29,2018-12-04 08:56
63.4,-16.32,2018-12-04 09:01
63.45,-16.32,2018-12-04 09:06
63.69,-16.32,2018-12-04 09:11
63.94,-16.3,2018-12-04 09:16
63.68,-16.33,2018-12-04 09:21
63.33,-16.34,2018-12-04 09:26
63.45,-16.34,2018-12-04 09:31
63.7,-16.32,2018-12-04 09:36
63.89,-16.31,2018-12-04 09:41
63.5,-16.33,2018-12-04 09:46
63.29,-16.35,2018-12-04 09:51
63.47,-16.36,2018-12-04 09:56
64.05,-16.02,2018-12-04 10:01
63.85,-15.56,2018-12-04 10:06
63.01,-13.84,2018-12-04 10:11
59.25,-12.74,2018-12-04 10:16
56.7,-12.39,2018-12-04 10:21
55.56,-12.38,2018-12-04 10:27
54.96,-12.55,2018-12-04 10:32
55.19,-12.7,2018-12-04 10:37
55.73,-12.9,2018-12-04 10:42
56.43,-12.63,2018-12-04 10:47
55.52,-11.71,2018-12-04 10:52
54.04,-11.21,2018-12-04 10:57
53.32,-11.0,2018-12-04 11:02
52.71,-10.8,2018-12-04 11:07
51.91,-10.92,2018-12-04 11:12
52.07,-11.09,2018-12-04 11:17
52.52,-11.28,2018-12-04 11:22
52.8,-11.4,2018-12-04 11:27
52.73,-11.22,2018-12-04 11:32
52.67,-11.2,2018-12-04 11:37
52.66,-11.32,2018-12-04 11:42
52.42,-11.59,2018-12-04 11:47
52.84,-11.74,2018-12-04 11:52
53.35,-11.68,2018-12-04 11:57
53.47,-11.77,2018-12-04 12:02
53.19,-12.03,2018-12-04 12:07
53.48,-12.29,2018-12-04 12:13
54.15,-12.46,2018-12-04 12:18
54.79,-12.66,2018-12-04 12:23
54.82,-12.92,2018-12-04 12:28
55.3,-12.84,2018-12-04 12:33
55.51,-12.83,2018-12-04 12:38
55.77,-12.92,2018-12-04 12:43
55.66,-13.07,2018-12-04 12:48
56.19,-13.46,2018-12-04 12:58
57.24,-13.74,2018-12-04 13:08
57.18,-13.87,2018-12-04 13:13
57.54,-13.78,2018-12-04 13:18
57.72,-13.75,2018-12-04 13:23
57.93,-13.79,2018-12-04 13:28
57.71,-13.94,2018-12-04 13:33
57.64,-14.07,2018-12-04 13:38
58.1,-14.21,2018-12-04 13:43
58.65,-14.31,2018-12-04 13:48
59.09,-14.24,2018-12-04 13:53
58.82,-14.1,2018-12-04 13:58
58.5,-13.94,2018-12-04 14:04
58.41,-13.91,2018-12-04 14:09
58.48,-13.97,2018-12-04 14:14
58.15,-14.1,2018-12-04 14:19
58.14,-14.24,2018-12-04 14:24
58.58,-14.32,2018-12-04 14:29
59.1,-14.4,2018-12-04 14:34
59.34,-14.51,2018-12-04 14:39
59.31,-14.45,2018-12-04 14:44
59.21,-14.28,2018-12-04 14:49
59.16,-14.22,2018-12-04 14:54
59.44,-13.82,2018-12-04 14:59
58.38,-13.66,2018-12-04 15:04
57.7,-13.49,2018-12-04 15:09
57.61,-13.33,2018-12-04 15:14
57.54,-13.08,2018-12-04 15:19
56.83,-12.89,2018-12-04 15:24
56.0,-12.95,2018-12-04 15:29
56.19,-12.97,2018-12-04 15:34
56.65,-12.68,2018-12-04 15:39
56.16,-12.5,2018-12-04 15:44
55.56,-12.17,2018-12-04 15:49
54.84,-11.75,2018-12-04 15:55
54.3,-11.6,2018-12-04 16:00
53.89,-11.62,2018-12-04 16:05
53.51,-11.74,2018-12-04 16:10
53.81,-11.4,2018-12-04 16:15
53.81,-10.73,2018-12-04 16:20
52.56,-10.49,2018-12-04 16:25
57.89,-9.77,2018-12-04 16:30
56.17,-9.31,2018-12-04 16:35
54.68,-8.44,2018-12-04 16:40
51.75,-7.89,2018-12-04 16:45
50.91,-7.27,2018-12-04 16:50
48.48,-6.97,2018-12-04 16:55
47.16,-6.93,2018-12-04 17:00
46.78,-7.07,2018-12-04 17:05
47.5,-6.98,2018-12-04 17:10
46.47,-7.02,2018-12-04 17:15
46.03,-7.36,2018-12-04 17:20
46.13,-7.84,2018-12-04 17:25
46.73,-8.28,2018-12-04 17:30
47.53,-8.68,2018-12-04 17:35
48.16,-9.14,2018-12-04 17:40
48.74,-9.59,2018-12-04 17:45
49.65,-9.97,2018-12-04 17:50
53.48,-10.03,2018-12-04 17:55
53.7,-9.88,2018-12-04 18:00
51.88,-9.9,2018-12-04 18:06
51.43,-10.06,2018-12-04 18:11
51.53,-10.27,2018-12-04 18:16
51.64,-10.61,2018-12-04 18:21
52.04,-10.9,2018-12-04 18:26
52.76,-11.17,2018-12-04 18:31
70.07,-9.54,2018-12-04 18:36
62.95,-9.45,2018-12-04 18:41
56.0,-9.52,2018-12-04 18:46
54.23,-9.57,2018-12-04 18:51
53.24,-9.8,2018-12-04 18:56
52.59,-10.12,2018-12-04 19:01
52.85,-10.43,2018-12-04 19:06
53.45,-10.73,2018-12-04 19:11
53.8,-10.92,2018-12-04 19:16
53.62,-11.17,2018-12-04 19:21
54.14,-11.41,2018-12-04 19:26
54.84,-11.64,2018-12-04 19:31
55.14,-11.89,2018-12-04 19:36
55.17,-12.16,2018-12-04 19:41
55.81,-12.38,2018-12-04 19:47
56.56,-12.57,2018-12-04 19:52
57.04,-12.74,2018-12-04 19:57
56.99,-13.0,2018-12-04 20:02
57.48,-13.15,2018-12-04 20:07
58.12,-13.3,2018-12-04 20:12
58.71,-13.42,2018-12-04 20:17
58.71,-13.6,2018-12-04 20:22
58.83,-13.77,2018-12-04 20:27
59.76,-13.54,2018-12-04 20:32
59.71,-13.33,2018-12-04 20:37
59.15,-13.28,2018-12-04 20:42
58.49,-13.39,2018-12-04 20:47
58.62,-13.48,2018-12-04 20:52
59.13,-13.5,2018-12-04 20:57
59.34,-13.23,2018-12-04 21:02
58.47,-13.23,2018-12-04 21:07
58.26,-13.2,2018-12-04 21:12
58.53,-12.78,2018-12-04 21:17
57.89,-12.53,2018-12-04 21:22
57.06,-11.96,2018-12-04 21:27
55.19,-10.42,2018-12-04 21:33
52.4,-9.62,2018-12-04 21:38
50.44,-9.29,2018-12-04 21:43
49.62,-9.32,2018-12-04 21:48
49.8,-9.6,2018-12-04 21:53
50.04,-9.94,2018-12-04 21:58
50.53,-10.36,2018-12-04 22:03
51.44,-10.69,2018-12-04 22:08
52.31,-10.99,2018-12-04 22:13
52.65,-11.31,2018-12-04 22:18
53.13,-11.61,2018-12-04 22:23
53.96,-11.82,2018-12-04 22:28
54.68,-12.05,2018-12-04 22:33
54.82,-12.27,2018-12-04 22:38
55.4,-11.24,2018-12-04 22:43
53.88,-10.76,2018-12-04 22:48
53.07,-10.63,2018-12-04 22:53
52.24,-10.46,2018-12-04 22:58
51.82,-10.52,2018-12-04 23:03
52.17,-10.72,2018-12-04 23:08
52.5,-10.98,2018-12-04 23:14
52.68,-11.31,2018-12-04 23:19
53.35,-11.57,2018-12-04 23:24
54.16,-11.82,2018-12-04 23:29
54.77,-11.88,2018-12-04 23:34
54.6,-12.03,2018-12-04 23:39
54.9,-12.19,2018-12-04 23:44
55.51,-12.36,2018-12-04 23:49
55.96,-12.57,2018-12-04 23:54
55.92,-12.77,2018-12-04 23:59
56.34,-12.99,2018-12-05 00:04
57.04,-13.14,2018-12-05 00:09
57.67,-13.3,2018-12-05 00:14
57.7,-13.48,2018-12-05 00:19
57.89,-13.68,2018-12-05 00:24
58.51,-13.82,2018-12-05 00:29
59.14,-13.93,2018-12-05 00:34
59.41,-14.08,2018-12-05 00:39
59.31,-14.22,2018-12-05 00:44
59.75,-14.36,2018-12-05 00:49
60.31,-14.46,2018-12-05 00:54
60.79,-14.55,2018-12-05 00:59
60.66,-14.67,2018-12-05 01:04
60.78,-14.8,2018-12-05 01:10
61.24,-14.86,2018-12-05 01:15
61.74,-14.93,2018-12-05 01:20
61.82,-15.04,2018-12-05 01:25
61.64,-15.1,2018-12-05 01:30
61.93,-15.17,2018-12-05 01:35
62.35,-15.24,2018-12-05 01:40
62.69,-15.27,2018-12-05 01:45
62.4,-15.36,2018-12-05 01:50
62.47,-15.42,2018-12-05 01:55
62.79,-15.46,2018-12-05 02:00
63.15,-15.5,2018-12-05 02:05
63.07,-15.58,2018-12-05 02:10
62.88,-15.62,2018-12-05 02:15
63.13,-15.67,2018-12-05 02:20
63.46,-15.68,2018-12-05 02:25
63.62,-15.71,2018-12-05 02:30
63.31,-15.78,2018-12-05 02:35
63.37,-15.8,2018-12-05 02:40
63.66,-15.83,2018-12-05 02:45
63.95,-15.86,2018-12-05 02:50
63.73,-15.9,2018-12-05 02:55
63.56,-15.94,2018-12-05 03:00
63.74,-15.96,2018-12-05 03:05
64.03,-15.98,2018-12-05 03:10
64.17,-15.98,2018-12-05 03:15
63.79,-16.01,2018-12-05 03:21
63.8,-16.06,2018-12-05 03:26
64.04,-16.06,2018-12-05 03:31
64.3,-16.04,2018-12-05 03:36
64.23,-16.06,2018-12-05 03:41
63.88,-16.12,2018-12-05 03:46
63.98,-16.12,2018-12-05 03:51
64.43,-16.11,2018-12-05 04:01
64.07,-16.16,2018-12-05 04:06
63.95,-16.19,2018-12-05 04:11
64.14,-16.15,2018-12-05 04:16
64.39,-16.19,2018-12-05 04:21
64.41,-16.18,2018-12-05 04:26
64.01,-16.23,2018-12-05 04:31
64.02,-16.26,2018-12-05 04:36
64.27,-16.26,2018-12-05 04:41
64.52,-16.26,2018-12-05 04:46
64.27,-16.28,2018-12-05 04:51
63.98,-16.31,2018-12-05 04:57
64.12,-16.32,2018-12-05 05:02
64.34,-16.3,2018-12-05 05:07
64.56,-16.3,2018-12-05 05:12
64.2,-16.33,2018-12-05 05:17
64.01,-16.36,2018-12-05 05:22
64.2,-16.36,2018-12-05 05:27
64.44,-16.36,2018-12-05 05:32
64.56,-16.33,2018-12-05 05:37
64.13,-16.4,2018-12-05 05:42
64.04,-16.42,2018-12-05 05:47
64.24,-16.41,2018-12-05 05:52
64.49,-16.39,2018-12-05 05:57
64.51,-16.39,2018-12-05 06:02
64.05,-16.42,2018-12-05 06:07
64.08,-16.43,2018-12-05 06:12
64.27,-16.43,2018-12-05 06:17
64.54,-16.43,2018-12-05 06:22
64.39,-16.43,2018-12-05 06:27
64.04,-16.47,2018-12-05 06:32
64.12,-16.46,2018-12-05 06:37
64.32,-16.48,2018-12-05 06:42
64.59,-16.45,2018-12-05 06:47
64.31,-16.47,2018-12-05 06:52
64.0,-16.5,2018-12-05 06:57
64.12,-16.5,2018-12-05 07:02
64.36,-16.5,2018-12-05 07:08
64.59,-16.49,2018-12-05 07:13
64.24,-16.52,2018-12-05 07:18
63.98,-16.54,2018-12-05 07:23
64.14,-16.54,2018-12-05 07:28
64.38,-16.52,2018-12-05 07:33
64.57,-16.53,2018-12-05 07:38
64.17,-16.56,2018-12-05 07:43
63.99,-16.55,2018-12-05 07:48
64.17,-16.54,2018-12-05 07:53
64.41,-16.55,2018-12-05 07:58
64.51,-16.54,2018-12-05 08:03
64.05,-16.58,2018-12-05 08:08
63.96,-16.6,2018-12-05 08:13
64.16,-16.58,2018-12-05 08:18
64.43,-16.57,2018-12-05 08:23
64.5,-16.58,2018-12-05 08:28
64.03,-16.6,2018-12-05 08:33
64.81,-16.5,2018-12-05 08:38
66.29,-16.18,2018-12-05 08:43
66.29,-16.02,2018-12-05 08:48
65.59,-16.0,2018-12-05 08:53
64.71,-16.0,2018-12-05 08:58
64.46,-16.02,2018-12-05 09:03
64.49,-16.05,2018-12-05 09:08
64.57,-16.05,2018-12-05 09:13
64.19,-16.11,2018-12-05 09:18
63.86,-16.17,2018-12-05 09:23
63.98,-16.19,2018-12-05 09:28
64.23,-16.2,2018-12-05 09:34
64.77,-16.16,2018-12-05 09:39
65.43,-15.78,2018-12-05 09:44
66.16,-14.92,2018-12-05 09:49
63.72,-14.19,2018-12-05 09:54
61.44,-13.91,2018-12-05 09:59
60.71,-13.74,2018-12-05 10:04
60.76,-12.72,2018-12-05 10:09
57.73,-12.19,2018-12-05 10:14
57.21,-11.92,2018-12-05 10:19
55.99,-11.38,2018-12-05 10:24
54.54,-11.17,2018-12-05 10:29
53.9,-11.08,2018-12-05 10:34
53.88,-10.87,2018-12-05 10:39
53.19,-10.85,2018-12-05 10:44
52.62,-10.43,2018-12-05 10:49
51.91,-10.4,2018-12-05 10:54
51.93,-10.05,2018-12-05 10:59
50.71,-10.09,2018-12-05 11:04
50.54,-10.37,2018-12-05 11:09
51.08,-10.64,2018-12-05 11:14
51.61,-10.91,2018-12-05 11:19
51.62,-11.16,2018-12-05 11:25
52.44,-11.38,2018-12-05 11:30
53.0,-11.46,2018-12-05 11:35
53.12,-11.62,2018-12-05 11:40
53.71,-11.38,2018-12-05 11:45
53.45,-10.98,2018-12-05 11:50
52.66,-10.84,2018-12-05 11:55
51.88,-11.0,2018-12-05 12:00
51.99,-11.23,2018-12-05 12:05
52.63,-11.49,2018-12-05 12:10
53.12,-11.74,2018-12-05 12:15
53.23,-12.06,2018-12-05 12:20
53.89,-12.31,2018-12-05 12:25
54.84,-12.5,2018-12-05 12:30
55.32,-12.57,2018-12-05 12:35
55.8,-12.47,2018-12-05 12:40
55.56,-11.7,2018-12-05 12:45
54.5,-11.45,2018-12-05 12:50
54.69,-11.23,2018-12-05 12:55
53.44,-10.96,2018-12-05 13:00
52.77,-10.99,2018-12-05 13:05
52.87,-11.17,2018-12-05 13:10
52.93,-11.42,2018-12-05 13:16
53.01,-11.69,2018-12-05 13:21
53.71,-11.96,2018-12-05 13:26
54.74,-12.05,2018-12-05 13:31
54.7,-12.15,2018-12-05 13:36
58.3,-12.03,2018-12-05 13:41
58.65,-11.77,2018-12-05 13:46
59.25,-11.35,2018-12-05 13:51
57.54,-10.79,2018-12-05 13:56
54.68,-10.69,2018-12-05 14:01
53.8,-10.78,2018-12-05 14:06
53.75,-10.98,2018-12-05 14:11
53.57,-11.26,2018-12-05 14:16
53.74,-11.57,2018-12-05 14:21
54.39,-11.83,2018-12-05 14:26
55.95,-11.71,2018-12-05 14:31
55.42,-11.68,2018-12-05 14:36
54.88,-11.67,2018-12-05 14:41
54.77,-11.76,2018-12-05 14:46
55.78,-11.85,2018-12-05 14:51
56.29,-11.22,2018-12-05 14:56
54.24,-11.0,2018-12-05 15:01
53.68,-11.06,2018-12-05 15:06
53.82,-11.21,2018-12-05 15:11
60.44,-11.31,2018-12-05 15:17
60.26,-11.47,2018-12-05 15:22
61.15,-11.22,2018-12-05 15:27
61.59,-10.84,2018-12-05 15:32
59.65,-10.47,2018-12-05 15:37
56.34,-10.36,2018-12-05 15:42
54.73,-10.47,2018-12-05 15:47
54.16,-10.7,2018-12-05 15:52
53.45,-11.0,2018-12-05 15:57
53.26,-11.33,2018-12-05 16:02
53.57,-11.6,2018-12-05 16:07
54.17,-11.82,2018-12-05 16:12
58.78,-11.35,2018-12-05 16:17
56.67,-11.33,2018-12-05 16:22
54.77,-11.49,2018-12-05 16:27
54.23,-11.69,2018-12-05 16:32
53.91,-11.91,2018-12-05 16:37
53.99,-12.21,2018-12-05 16:42
56.83,-12.24,2018-12-05 16:47
55.62,-12.23,2018-12-05 16:52
54.83,-12.39,2018-12-05 16:58
54.68,-12.6,2018-12-05 17:03
55.17,-12.81,2018-12-05 17:08
55.81,-12.99,2018-12-05 17:13
56.19,-13.21,2018-12-05 17:18
58.15,-13.28,2018-12-05 17:23
71.4,-10.75,2018-12-05 17:28
62.15,-9.77,2018-12-05 17:33
53.18,-9.18,2018-12-05 17:38
49.3,-9.17,2018-12-05 17:43
48.59,-9.21,2018-12-05 17:48
48.14,-9.18,2018-12-05 17:53
47.54,-9.44,2018-12-05 17:58
47.56,-9.83,2018-12-05 18:03
48.33,-10.2,2018-12-05 18:08
49.22,-10.54,2018-12-05 18:13
49.71,-10.85,2018-12-05 18:18
50.29,-11.21,2018-12-05 18:23
51.2,-11.49,2018-12-05 18:28
52.03,-11.73,2018-12-05 18:33
52.36,-12.03,2018-12-05 18:38
52.87,-12.26,2018-12-05 18:43
53.68,-12.46,2018-12-05 18:48
54.99,-12.34,2018-12-05 18:54
54.81,-12.29,2018-12-05 18:59
54.3,-11.94,2018-12-05 19:04
53.52,-11.64,2018-12-05 19:09
52.75,-11.24,2018-12-05 19:14
51.38,-11.15,2018-12-05 19:19
50.74,-11.3,2018-12-05 19:24
51.03,-11.46,2018-12-05 19:29
51.93,-11.54,2018-12-05 19:34
52.05,-11.71,2018-12-05 19:39
52.07,-11.85,2018-12-05 19:44
52.39,-11.96,2018-12-05 19:49
52.94,-12.12,2018-12-05 19:54
53.25,-12.36,2018-12-05 19:59
53.94,-12.46,2018-12-05 20:04
54.05,-12.31,2018-12-05 20:09
54.15,-12.33,2018-12-05 20:14
54.77,-12.2,2018-12-05 20:19
53.93,-12.04,2018-12-05 20:24
53.39,-11.91,2018-12-05 20:29
53.13,-11.96,2018-12-05 20:34
53.25,-12.06,2018-12-05 20:39
53.19,-12.28,2018-12-05 20:44
53.63,-12.48,2018-12-05 20:50
54.39,-12.68,2018-12-05 20:55
55.06,-12.84,2018-12-05 21:00
55.22,-13.08,2018-12-05 21:05
55.58,-13.3,2018-12-05 21:10
56.43,-13.39,2018-12-05 21:15
56.99,-13.34,2018-12-05 21:20
56.89,-13.4,2018-12-05 21:25
56.78,-13.32,2018-12-05 21:30
56.89,-13.24,2018-12-05 21:35
56.94,-13.18,2018-12-05 21:40
56.8,-13.28,2018-12-05 21:45
56.54,-13.43,2018-12-05 21:50
56.87,-13.59,2018-12-05 21:55
57.51,-13.71,2018-12-05 22:00
58.15,-13.82,2018-12-05 22:05
58.02,-13.76,2018-12-05 22:10
57.91,-13.8,2018-12-05 22:15
58.51,-13.81,2018-12-05 22:20
58.62,-13.8,2018-12-05 22:25
58.38,-13.63,2018-12-05 22:30
57.86,-13.61,2018-12-05 22:36
57.94,-13.66,2018-12-05 22:41
58.09,-13.75,2018-12-05 22:46
57.93,-13.94,2018-12-05 22:51
58.2,-14.06,2018-12-05 22:56
58.79,-14.2,2018-12-05 23:01
59.31,-14.3,2018-12-05 23:06
59.32,-14.45,2018-12-05 23:11
59.52,-14.55,2018-12-05 23:16
60.05,-14.65,2018-12-05 23:21
60.81,-14.35,2018-12-05 23:26
59.91,-14.24,2018-12-05 23:31
59.25,-14.22,2018-12-05 23:36
59.3,-14.26,2018-12-05 23:41
59.64,-14.34,2018-12-05 23:46
59.68,-14.45,2018-12-05 23:51
59.55,-14.56,2018-12-05 23:56
