time,data
2018-12-21T00:02:46+08:00,14fa161c1a0d
2018-12-21T00:07:49+08:00,09fa291c1e0d
2018-12-21T00:12:51+08:00,fff9211c1e0d
2018-12-21T00:17:52+08:00,f7f91e1c1a0d
2018-12-21T00:22:55+08:00,edf9241c1a0d
2018-12-21T00:27:57+08:00,e8f9371c160d
2018-12-21T00:32:59+08:00,e0f93a1c160d
2018-12-21T00:38:03+08:00,d8f9301c160d
2018-12-21T00:43:08+08:00,d2f9351c160d
2018-12-21T00:48:09+08:00,ccf93f1c1a0d
2018-12-21T00:53:10+08:00,c8f94e1c1a0d
2018-12-21T00:58:13+08:00,c2f9481c160d
2018-12-21T01:03:15+08:00,bdf9401c160d
2018-12-21T01:08:18+08:00,b9f94b1c160d
2018-12-21T01:13:19+08:00,b5f9591c160d
2018-12-21T01:18:23+08:00,b2f9591c160d
2018-12-21T01:23:28+08:00,acf94f1c160d
2018-12-21T01:28:31+08:00,a6f94c1c0d0d
2018-12-21T01:33:32+08:00,a2f9571c160d
2018-12-21T01:38:33+08:00,a2f9651c0d0d
2018-12-21T01:43:38+08:00,9ef95c1c1a0d
2018-12-21T01:48:39+08:00,99f9531c110d
2018-12-21T01:53:40+08:00,97f9561c160d
2018-12-21T01:58:45+08:00,96f9601c160d
2018-12-21T02:03:48+08:00,93f9681c0d0d
2018-12-21T02:08:49+08:00,91f95c1c0d0d
2018-12-21T02:13:53+08:00,8ef9561c110d
2018-12-21T02:18:54+08:00,8af95e1c0d0d
2018-12-21T02:23:57+08:00,88f9691c0d0d
2018-12-21T02:28:59+08:00,86f9661c0d0d
2018-12-21T02:34:01+08:00,85f95a1c0d0d
2018-12-21T02:39:02+08:00,83f9591c160d
2018-12-21T02:44:05+08:00,81f95e1c160d
2018-12-21T02:49:08+08:00,80f9681c0d0d
2018-12-21T02:54:13+08:00,7cf95f1c0d0d
2018-12-21T02:59:14+08:00,7cf9531c0d0d
2018-12-21T03:04:15+08:00,79f9551c0d0d
2018-12-21T03:09:18+08:00,79f95c1c0d0d
2018-12-21T03:14:23+08:00,79f9621c0d0d
2018-12-21T03:19:28+08:00,76f9531c0d0d
2018-12-21T03:24:31+08:00,74f9491c0d0d
2018-12-21T03:29:35+08:00,74f94e1c0d0d
2018-12-21T03:34:37+08:00,74f9561c0d0d
2018-12-21T03:39:39+08:00,73f9581c090d
2018-12-21T03:44:41+08:00,74f9471c0d0d
2018-12-21T03:49:45+08:00,71f9411c0d0d
2018-12-21T03:54:48+08:00,71f9451c0d0d
2018-12-21T03:59:50+08:00,71f9511c0d0d
2018-12-21T04:04:55+08:00,6ff94e1c0d0d
2018-12-21T04:15:01+08:00,6bf9391c090d
2018-12-21T04:20:02+08:00,6bf93f1c0d0d
2018-12-21T04:25:06+08:00,6cf94b1c120d
2018-12-21T04:30:09+08:00,6af9441c0d0d
2018-12-21T04:35:11+08:00,68f9321c090d
2018-12-21T04:40:13+08:00,6af92f1c0d0d
2018-12-21T04:45:14+08:00,68f9351c0d0d
2018-12-21T04:50:17+08:00,66f93f1c090d
2018-12-21T04:55:19+08:00,68f9361c0d0d
2018-12-21T05:00:20+08:00,65f9281c0d0d
2018-12-21T05:05:23+08:00,67f9251c160d
2018-12-21T05:10:25+08:00,64f92e1c090d
2018-12-21T05:15:28+08:00,66f9361c160d
2018-12-21T05:20:31+08:00,66f92c1c0d0d
2018-12-21T05:25:35+08:00,63f91f1c0d0d
2018-12-21T05:30:39+08:00,61f9211c160d
2018-12-21T05:35:43+08:00,63f92a1c090d
2018-12-21T05:40:47+08:00,61f9311c090d
2018-12-21T05:45:51+08:00,63f9241c160d
2018-12-21T05:50:54+08:00,61f9181c090d
2018-12-21T05:55:56+08:00,60f9191c090d
2018-12-21T06:01:00+08:00,61f9251c0d0d
2018-12-21T06:06:03+08:00,61f9291c0d0d
2018-12-21T06:11:03+08:00,60f9191c0d0d
2018-12-21T06:16:07+08:00,5df9121c0d0d
2018-12-21T06:21:08+08:00,5ef9181c0d0d
2018-12-21T06:26:11+08:00,5df9241c090d
2018-12-21T06:31:12+08:00,61f9261c090d
2018-12-21T06:36:13+08:00,5cf9141c110d
2018-12-21T06:41:15+08:00,5df90e1c090d
2018-12-21T06:46:16+08:00,5cf9151c160d
2018-12-21T06:51:20+08:00,5df9201c090d
2018-12-21T06:56:25+08:00,5ef91d1c0d0d
2018-12-21T07:01:27+08:00,59f9091c0d0d
2018-12-21T07:06:32+08:00,5af9051c0d0d
2018-12-21T07:11:34+08:00,5cf90c1c120d
2018-12-21T07:16:39+08:00,5df91b1c0d0d
2018-12-21T07:21:39+08:00,5af9141c0d0d
2018-12-21T07:26:44+08:00,5af9021c0d0d
2018-12-21T07:31:49+08:00,5af9021c0d0d
2018-12-21T07:36:54+08:00,5cf90b1c0d0d
2018-12-21T07:41:57+08:00,5af9181c160d
2018-12-21T07:47:00+08:00,5af9101c090d
2018-12-21T07:52:04+08:00,66f9731c090d
2018-12-21T07:57:06+08:00,82f93a1d0d0d
2018-12-21T09:28:04+08:00,95fa981a270d
2018-12-21T09:33:06+08:00,76fac01a270d
2018-12-21T09:38:11+08:00,5afad41a1a0d
2018-12-21T09:43:13+08:00,46faeb1a1e0d
2018-12-21T09:48:14+08:00,33fa151b1e0d
2018-12-21T09:53:16+08:00,1ffa3a1b1e0d
2018-12-21T09:58:18+08:00,0efa441b1a0d
2018-12-21T10:03:19+08:00,fff94e1b160d
2018-12-21T10:08:20+08:00,f1f9671b1a0d
2018-12-21T10:13:21+08:00,e7f97f1b1a0d
2018-12-21T10:18:23+08:00,ebf9ec1b1a0d
2018-12-21T10:23:27+08:00,45fa9b1c160d
2018-12-21T10:28:32+08:00,4afacb1b160d
2018-12-21T10:33:34+08:00,e4fa0c1e270d
2018-12-21T10:38:37+08:00,00fcfe20270d
2018-12-21T10:43:39+08:00,24fc3b1e270d
2018-12-21T10:48:42+08:00,04fc461c270d
2018-12-21T10:53:46+08:00,18fc8c1d2a0d
2018-12-21T10:58:49+08:00,edfc6e202f0d
2018-12-21T11:03:52+08:00,26fdb81d370d
2018-12-21T11:08:55+08:00,fafc911b3c0d
2018-12-21T11:13:58+08:00,adfcb71a3c0d
2018-12-21T11:18:59+08:00,57fc611a3c0d
2018-12-21T11:24:00+08:00,0dfc431a3c0d
2018-12-21T11:29:01+08:00,cffb5d1a3c0d
2018-12-21T11:34:03+08:00,95fb731a3c0d
2018-12-21T11:39:05+08:00,60fb771a2f0d
2018-12-21T11:44:07+08:00,34fb8f1a330d
2018-12-21T11:49:09+08:00,0ffbb31a2a0d
2018-12-21T11:54:11+08:00,ebfac11a330d
2018-12-21T11:59:16+08:00,cbfac41a2a0d
2018-12-21T12:04:16+08:00,aefad61a2a0d
2018-12-21T12:09:18+08:00,95faf21a2a0d
2018-12-21T12:14:23+08:00,82fa001b270d
2018-12-21T12:19:27+08:00,6cfafd1a270d
2018-12-21T12:24:28+08:00,8afa5a1c1e0d
2018-12-21T12:29:33+08:00,8efa391c270d
2018-12-21T12:34:35+08:00,83fafa1b270d
2018-12-21T12:39:39+08:00,72fabc1b270d
2018-12-21T12:44:42+08:00,62faa41b270d
2018-12-21T12:49:44+08:00,53faae1b270d
2018-12-21T12:54:45+08:00,45fabf1b270d
2018-12-21T12:59:49+08:00,39fac21b1e0d
2018-12-21T13:04:53+08:00,2afabd1b1e0d
2018-12-21T13:09:55+08:00,1ffac71b1a0d
2018-12-21T13:14:56+08:00,17fadc1b1a0d
2018-12-21T13:20:01+08:00,0dfae91b1a0d
2018-12-21T13:25:04+08:00,0efa4b1c1e0d
2018-12-21T13:30:06+08:00,26fac51c1e0d
2018-12-21T13:35:09+08:00,24fa561c1e0d
2018-12-21T13:40:11+08:00,21fa121c160d
2018-12-21T13:45:11+08:00,16fae21b1a0d
2018-12-21T13:50:14+08:00,0bface1b160d
2018-12-21T13:55:18+08:00,2bfac91c1a0d
2018-12-21T14:00:20+08:00,35fa5f1c160d
2018-12-21T14:05:23+08:00,29faf61b1a0d
2018-12-21T14:10:27+08:00,1efaba1b1a0d
2018-12-21T14:15:32+08:00,14fab21b160d
2018-12-21T14:20:34+08:00,0bfac11b160d
2018-12-21T14:25:38+08:00,01fabf1b1a0d
2018-12-21T14:30:40+08:00,f6f9aa1b1a0d
2018-12-21T14:35:43+08:00,ebf9ae1b1a0d
2018-12-21T14:40:47+08:00,e7f9c41b160d
2018-12-21T14:45:50+08:00,dff9d51b160d
2018-12-21T14:50:52+08:00,d7f9c61b110d
2018-12-21T14:55:52+08:00,cef9bf1b160d
2018-12-21T15:00:55+08:00,caf9ce1b1a0d
2018-12-21T15:05:56+08:00,c6f9e21b1a0d
2018-12-21T15:10:56+08:00,c1f9e61b110d
2018-12-21T15:16:00+08:00,bcf9d71b160d
2018-12-21T15:21:05+08:00,b4f9d81b160d
2018-12-21T15:26:10+08:00,b4f9e81b160d
2018-12-21T15:31:13+08:00,b3f9f91b160d
2018-12-21T15:36:16+08:00,adf9f21b1a0d
2018-12-21T15:41:18+08:00,a8f9e61b160d
2018-12-21T15:46:22+08:00,0afaef1d160d
2018-12-21T15:51:25+08:00,47faf51e1a0d
2018-12-21T15:56:30+08:00,4bfa581e160d
2018-12-21T16:01:33+08:00,41faa51d1a0d
2018-12-21T16:06:37+08:00,34fa2e1d1e0d
2018-12-21T16:11:42+08:00,3efa611d160d
2018-12-21T16:16:44+08:00,72faf21d1a0d
2018-12-21T16:21:47+08:00,72fa251d1a0d
2018-12-21T16:26:49+08:00,62fa9b1c160d
2018-12-21T16:31:51+08:00,50fa5c1c1a0d
2018-12-21T16:36:56+08:00,59faef1c1a0d
2018-12-21T16:42:01+08:00,b9fa1e1e1a0d
2018-12-21T16:47:03+08:00,c7fae41c1e0d
2018-12-21T16:52:06+08:00,b7fa241c270d
2018-12-21T16:57:11+08:00,9ffae31b1a0d
2018-12-21T17:02:15+08:00,c3fad51c1a0d
2018-12-21T17:07:19+08:00,05fb911d1a0d
2018-12-21T17:12:19+08:00,67fb541d270d
2018-12-21T17:17:21+08:00,73fb211c270d
2018-12-21T17:22:25+08:00,93fbe31b270d
2018-12-21T17:27:28+08:00,7afbde1a270d
2018-12-21T17:32:31+08:00,72fb071b270d
2018-12-21T17:37:33+08:00,51fb9d1a270d
2018-12-21T17:42:35+08:00,46fb061b270d
2018-12-21T17:47:36+08:00,32fbe61a270d
2018-12-21T17:52:40+08:00,4dfb831b270d
2018-12-21T17:57:45+08:00,53fbcf1b270d
2018-12-21T18:02:46+08:00,81fb6b1c270d
2018-12-21T18:07:50+08:00,72fb6d1b2a0d
2018-12-21T18:12:55+08:00,4ffbbe1a2a0d
2018-12-21T18:17:59+08:00,28fba81a2a0d
2018-12-21T18:23:04+08:00,03fb571a2a0d
2018-12-21T18:28:07+08:00,cdfae819270d
2018-12-21T18:33:11+08:00,b5fafd19270d
2018-12-21T18:38:15+08:00,a4fa491a270d
2018-12-21T18:43:18+08:00,8cfa201a270d
2018-12-21T18:48:21+08:00,73fa351a270d
2018-12-21T18:53:22+08:00,67fa6a1a270d
2018-12-21T18:58:23+08:00,5ffac61a230d
2018-12-21T19:03:28+08:00,4dfad01a1e0d
2018-12-21T19:08:31+08:00,42faa71a1e0d
2018-12-21T19:13:33+08:00,35facc1a1e0d
2018-12-21T19:18:37+08:00,4ffa381c270d
2018-12-21T19:23:38+08:00,77fa951d1e0d
2018-12-21T19:28:41+08:00,7ffa881d1a0d
2018-12-21T19:33:43+08:00,79fa4a1d1a0d
2018-12-21T19:38:47+08:00,68fa0a1d270d
2018-12-21T19:43:49+08:00,59faea1c270d
2018-12-21T19:48:51+08:00,4ffad71c270d
2018-12-21T19:53:55+08:00,41fad41c270d
2018-12-21T19:58:58+08:00,37faca1c1e0d
2018-12-21T20:04:03+08:00,5dfaf81d1e0d
2018-12-21T20:09:06+08:00,9efa141f270d
2018-12-21T20:14:06+08:00,aefa261e1e0d
2018-12-21T20:19:10+08:00,a2fa501d1e0d
2018-12-21T20:24:13+08:00,92fae61c230d
2018-12-21T20:29:16+08:00,7dfaba1c270d
2018-12-21T20:34:20+08:00,6bfaaa1c270d
2018-12-21T20:39:25+08:00,54fa901c1e0d
2018-12-21T20:44:28+08:00,45fa861c1a0d
2018-12-21T20:49:28+08:00,39fa8a1c230d
2018-12-21T20:54:29+08:00,2dfa921c270d
2018-12-21T20:59:32+08:00,1cfa871c1e0d
2018-12-21T21:04:35+08:00,12fa801c1a0d
2018-12-21T21:09:38+08:00,09fa871c1a0d
2018-12-21T21:14:39+08:00,01fa931c1a0d
2018-12-21T21:19:44+08:00,f9f9921c1e0d
2018-12-21T21:24:47+08:00,f2f98a1c160d
2018-12-21T21:29:48+08:00,eaf98d1c1a0d
2018-12-21T21:34:50+08:00,e8f9991c1a0d
2018-12-21T21:39:54+08:00,e0f9a01c160d
2018-12-21T21:45:00+08:00,d9f9961c1a0d
2018-12-21T21:50:02+08:00,d7f9961c1a0d
2018-12-21T21:55:07+08:00,d1f99b1c160d
2018-12-21T22:00:07+08:00,cdf9a41c160d
2018-12-21T22:05:09+08:00,c8f9a31c160d
2018-12-21T22:10:11+08:00,c5f9981c160d
2018-12-21T22:15:12+08:00,bff9991c160d
2018-12-21T22:20:13+08:00,bdf9a01c160d
2018-12-21T22:25:17+08:00,bbf9aa1c0d0d
2018-12-21T22:30:21+08:00,b6f9a01c160d
2018-12-21T22:35:23+08:00,b2f99a1c160d
2018-12-21T22:40:26+08:00,b2f99d1c160d
2018-12-21T22:45:31+08:00,aff9a61c160d
2018-12-21T22:50:34+08:00,aef9a71c160d
2018-12-21T22:55:38+08:00,a7f99d1c160d
2018-12-21T23:00:42+08:00,a4f99a1c160d
2018-12-21T23:05:46+08:00,a4f9a01c160d
2018-12-21T23:10:47+08:00,a2f9a51c160d
2018-12-21T23:15:51+08:00,a1f9a01c160d
2018-12-21T23:20:53+08:00,9cf9941c110d
2018-12-21T23:25:55+08:00,9df9941c0d0d
2018-12-21T23:30:59+08:00,9bf99a1c0d0d
2018-12-21T23:36:02+08:00,9bf9a21c0d0d
2018-12-21T23:41:05+08:00,97f9951c0d0d
2018-12-21T23:46:10+08:00,94f98b1c160d
2018-12-21T23:51:13+08:00,92f98a1c0d0d
2018-12-21T23:56:16+08:00,90f9901c160d
2018-12-22T00:01:17+08:00,8df9901c160d
2018-12-22T00:06:20+08:00,8af9801c090d
2018-12-22T00:11:25+08:00,87f97a1c0d0d
2018-12-22T00:16:25+08:00,87f97e1c0d0d
2018-12-22T00:21:27+08:00,85f9891c0d0d
2018-12-22T00:26:30+08:00,83f98a1c0d0d
2018-12-22T00:31:34+08:00,7cf97c1c0d0d
2018-12-22T00:36:37+08:00,7cf9781c0d0d
2018-12-22T00:41:39+08:00,7cf97c1c0d0d
2018-12-22T00:46:41+08:00,7ef9841c0d0d
2018-12-22T00:51:45+08:00,7bf97b1c0d0d
2018-12-22T00:56:47+08:00,79f96b1c090d
2018-12-22T01:01:47+08:00,78f9691c0d0d
2018-12-22T01:06:50+08:00,75f9721c0d0d
2018-12-22T01:11:52+08:00,74f97b1c0d0d
2018-12-22T01:16:55+08:00,74f9711c0d0d
2018-12-22T01:21:56+08:00,72f9651c0d0d
2018-12-22T01:26:56+08:00,74f9661c0d0d
2018-12-22T01:32:01+08:00,73f96e1c0d0d
2018-12-22T01:37:04+08:00,72f9741c0d0d
2018-12-22T01:42:06+08:00,6ff9681c0d0d
2018-12-22T01:47:08+08:00,6ff95e1c0d0d
2018-12-22T01:52:11+08:00,70f9631c110d
2018-12-22T01:57:15+08:00,6ff96a1c0d0d
2018-12-22T02:02:18+08:00,6cf96e1c110d
2018-12-22T02:07:23+08:00,6cf95e1c0d0d
2018-12-22T02:12:23+08:00,6bf9551c090d
2018-12-22T02:17:24+08:00,6bf95a1c0d0d
2018-12-22T02:22:27+08:00,6bf9651c110d
2018-12-22T02:27:28+08:00,6bf9661c050d
2018-12-22T02:32:29+08:00,6af9561c160d
2018-12-22T02:37:30+08:00,6af94f1c0d0d
2018-12-22T02:42:34+08:00,68f9531c0d0d
2018-12-22T02:47:38+08:00,67f95f1c0d0d
2018-12-22T02:52:42+08:00,68f95d1c0d0d
2018-12-22T02:57:43+08:00,68f94d1c0d0d
2018-12-22T03:02:47+08:00,65f94a1c0d0d
2018-12-22T03:07:49+08:00,65f9511c0d0d
2018-12-22T03:12:52+08:00,65f95b1c0d0d
2018-12-22T03:17:57+08:00,66f9571c0d0d
2018-12-22T03:22:57+08:00,65f9461c0d0d
2018-12-22T03:28:00+08:00,63f9441c160d
2018-12-22T03:33:02+08:00,64f94c1c0d0d
2018-12-22T03:38:03+08:00,66f9561c160d
2018-12-22T03:43:08+08:00,63f94c1c090d
2018-12-22T03:48:10+08:00,61f93f1c160d
2018-12-22T03:53:13+08:00,5ef93f1c0d0d
2018-12-22T03:58:18+08:00,61f9491c0d0d
2018-12-22T04:03:22+08:00,63f9521c0d0d
2018-12-22T04:08:24+08:00,61f9461c0d0d
2018-12-22T04:13:29+08:00,5df9391c0d0d
2018-12-22T04:18:32+08:00,61f93a1c0d0d
2018-12-22T04:23:37+08:00,62f9471c0d0d
2018-12-22T04:28:39+08:00,61f94d1c0d0d
2018-12-22T04:33:41+08:00,5ef93f1c110d
2018-12-22T04:38:42+08:00,60f9351c090d
2018-12-22T04:43:44+08:00,5ef93a1c0d0d
2018-12-22T04:48:47+08:00,5ef9421c0d0d
2018-12-22T04:53:51+08:00,5df9431c120d
2018-12-22T04:58:53+08:00,5ef9361c0d0d
2018-12-22T05:03:59+08:00,5cf92f1c0d0d
2018-12-22T05:09:02+08:00,61f9321c090d
2018-12-22T05:14:06+08:00,5ef93f1c0d0d
2018-12-22T05:19:09+08:00,5ef93b1c090d
2018-12-22T05:24:10+08:00,5cf92b1c090d
2018-12-22T05:29:12+08:00,5cf9281c0d0d
2018-12-22T05:34:16+08:00,5af92e1c0d0d
2018-12-22T05:39:17+08:00,5cf9391c0d0d
2018-12-22T05:44:18+08:00,5ef9321c0d0d
2018-12-22T05:49:22+08:00,5cf9231c0d0d
2018-12-22T05:54:23+08:00,5bf9211c050d
2018-12-22T05:59:26+08:00,5df9291c0d0d
2018-12-22T06:04:29+08:00,5df9331c0d0d
2018-12-22T06:09:33+08:00,5af9291c0d0d
2018-12-22T06:14:35+08:00,58f91c1c0d0d
2018-12-22T06:19:38+08:00,5af9191c0d0d
2018-12-22T06:24:43+08:00,5af9221c0d0d
2018-12-22T06:29:46+08:00,5cf92a1c0d0d
2018-12-22T06:34:49+08:00,5bf9201c160d
2018-12-22T06:39:53+08:00,5af9151c090d
2018-12-22T06:44:53+08:00,58f9131c0d0d
2018-12-22T06:49:54+08:00,5cf91c1c0d0d
2018-12-22T06:54:57+08:00,5af9241c0d0d
2018-12-22T07:00:01+08:00,5af9181c0d0d
2018-12-22T07:05:02+08:00,58f90d1c0d0d
2018-12-22T07:10:04+08:00,5af90b1c090d
2018-12-22T07:15:07+08:00,59f9171c090d
2018-12-22T07:20:10+08:00,5af91d1c090d
2018-12-22T07:25:14+08:00,56f90d1c090d
2018-12-22T07:30:18+08:00,59f9031c090d
2018-12-22T07:35:21+08:00,5af9061c050d
2018-12-22T07:40:23+08:00,58f90f1c0d0d
2018-12-22T07:45:27+08:00,5af9111c0d0d
2018-12-22T07:50:29+08:00,58f9011c0d0d
2018-12-22T07:55:30+08:00,5af9fb1b090d
2018-12-22T08:00:34+08:00,56f9ff1b0d0d
2018-12-22T08:05:38+08:00,58f9081c090d
2018-12-22T08:10:42+08:00,5af9031c090d
2018-12-22T08:15:46+08:00,58f9f51b090d
2018-12-22T08:20:47+08:00,58f9ef1b050d
2018-12-22T08:25:50+08:00,5af9f31b0d0d
2018-12-22T08:30:54+08:00,5af9011c0d0d
2018-12-22T08:35:59+08:00,5af9fb1b0d0d
2018-12-22T08:41:02+08:00,56f9ec1b120d
2018-12-22T08:46:04+08:00,58f9ea1b0d0d
2018-12-22T08:51:05+08:00,58f9ee1b090d
2018-12-22T08:56:08+08:00,5af9f91b110d
2018-12-22T09:01:09+08:00,59f9f01b050d
2018-12-22T09:06:11+08:00,56f9e21b0d0d
2018-12-22T09:11:14+08:00,56f9df1b110d
2018-12-22T09:16:17+08:00,58f9e71b090d
2018-12-22T09:21:18+08:00,58f9f11b0e0d
2018-12-22T09:26:23+08:00,5af9e81b0d0d
2018-12-22T09:31:25+08:00,56f9da1b090d
2018-12-22T09:36:29+08:00,58f9d51b0d0d
2018-12-22T09:41:32+08:00,58f9df1b0d0d
2018-12-22T09:46:36+08:00,58f9e51b090d
2018-12-22T09:51:37+08:00,58f9d91b0d0d
2018-12-22T09:56:41+08:00,58f9cb1b0d0d
2018-12-22T10:01:46+08:00,56f9cb1b0d0d
2018-12-22T10:06:51+08:00,58f9d41b090d
2018-12-22T10:11:51+08:00,58f9db1b0d0d
2018-12-22T10:16:54+08:00,58f9cf1b0d0d
2018-12-22T10:21:58+08:00,56f9c21b0d0d
2018-12-22T10:27:00+08:00,56f9c21b090d
2018-12-22T10:32:01+08:00,56f9cb1b090d
2018-12-22T10:37:03+08:00,58f9d21b090d
2018-12-22T10:42:08+08:00,56f9c51b0d0d
2018-12-22T10:47:10+08:00,55f9bb1b0d0d
2018-12-22T10:52:11+08:00,56f9bf1b0d0d
2018-12-22T10:57:14+08:00,58f9c81b0d0d
2018-12-22T11:02:16+08:00,56f9cb1b0d0d
2018-12-22T11:07:17+08:00,58f9bb1b0d0d
2018-12-22T11:12:20+08:00,55f9b01b0d0d
2018-12-22T11:17:23+08:00,55f9b31b0d0d
2018-12-22T11:22:27+08:00,58f9bf1b0d0d
2018-12-22T11:27:30+08:00,57f9bc1b0d0d
2018-12-22T11:32:32+08:00,56f9ad1b0d0d
2018-12-22T11:37:37+08:00,57f9a41b0d0d
2018-12-22T11:42:38+08:00,56f9a91b0d0d
2018-12-22T11:47:40+08:00,58f9b21b0d0d
2018-12-22T11:52:45+08:00,57f9af1b120d
2018-12-22T11:57:49+08:00,58f99d1b050d
2018-12-22T12:02:51+08:00,58f9991b0d0d
2018-12-22T12:07:56+08:00,56f99e1b0d0d
2018-12-22T12:12:59+08:00,57f9aa1b0d0d
2018-12-22T12:18:01+08:00,58f9a51b0d0d
2018-12-22T12:23:05+08:00,56f9921b0d0d
2018-12-22T12:28:09+08:00,56f98d1b0d0d
2018-12-22T12:33:11+08:00,54f9901b160d
2018-12-22T12:38:14+08:00,57f99f1b090d
2018-12-22T12:43:14+08:00,58f9991b050d
2018-12-22T12:48:17+08:00,58f9881b160d
2018-12-22T12:53:19+08:00,58f97e1b160d
2018-12-22T12:58:21+08:00,57f9811b090d
2018-12-22T13:03:24+08:00,58f98c1b120d
2018-12-22T13:08:25+08:00,57f9881b0d0d
2018-12-22T13:13:26+08:00,59f9771b0d0d
2018-12-22T13:18:27+08:00,58f9711b160d
2018-12-22T13:23:31+08:00,57f9781b090d
2018-12-22T13:28:34+08:00,5bf9811b160d
2018-12-22T13:33:39+08:00,57f9781b110d
2018-12-22T13:38:39+08:00,58f9681b0d0d
2018-12-22T13:43:40+08:00,58f9681b0d0d
2018-12-22T13:48:43+08:00,58f96e1b120d
2018-12-22T13:53:45+08:00,59f9791b050d
2018-12-22T13:58:50+08:00,58f9711b0d0d
2018-12-22T14:03:55+08:00,57f9641b0d0d
2018-12-22T14:08:58+08:00,5af9611b110d
2018-12-22T14:14:00+08:00,5af96b1b0d0d
2018-12-22T14:19:02+08:00,5af9781b0d0d
2018-12-22T14:24:04+08:00,58f96b1b0d0d
2018-12-22T14:29:09+08:00,5af95d1b0d0d
2018-12-22T14:34:10+08:00,59f95e1b0d0d
2018-12-22T14:39:13+08:00,59f9681b0d0d
2018-12-22T14:44:14+08:00,5af9711b0d0d
2018-12-22T14:49:16+08:00,58f9641b0d0d
2018-12-22T14:54:17+08:00,59f95c1b090d
2018-12-22T14:59:19+08:00,58f95a1b090d
2018-12-22T15:04:24+08:00,5af9661b0d0d
2018-12-22T15:09:24+08:00,5af96b1b0d0d
2018-12-22T15:14:25+08:00,59f95a1b090d
2018-12-22T15:19:28+08:00,5af9511b090d
2018-12-22T15:24:32+08:00,58f9581b160d
2018-12-22T15:29:33+08:00,5af9621b090d
2018-12-22T15:34:34+08:00,5af9671b160d
2018-12-22T15:39:34+08:00,59f9581b090d
2018-12-22T15:44:35+08:00,58f9531b0d0d
2018-12-22T15:49:38+08:00,56f9591b0d0d
2018-12-22T15:54:42+08:00,59f9661b0d0d
2018-12-22T15:59:46+08:00,5af9671b0d0d
2018-12-22T16:04:47+08:00,5af9541b090d
2018-12-22T16:09:47+08:00,58f94c1b090d
2018-12-22T16:14:51+08:00,57f9511b090d
2018-12-22T16:19:56+08:00,5af95e1b090d
2018-12-22T16:25:00+08:00,5af9601b090d
2018-12-22T16:30:04+08:00,59f9511b0d0d
2018-12-22T16:35:05+08:00,57f94b1b0d0d
2018-12-22T16:40:08+08:00,58f9511b160d
2018-12-22T16:45:10+08:00,58f95d1b0d0d
2018-12-22T16:50:12+08:00,59f95b1b0d0d
2018-12-22T16:55:12+08:00,58f94a1b0d0d
2018-12-22T17:00:14+08:00,57f9421b160d
2018-12-22T17:05:17+08:00,5af9451b050d
2018-12-22T17:10:22+08:00,5af94e1b120d
2018-12-22T17:15:24+08:00,5bf94c1b0d0d
2018-12-22T17:20:27+08:00,58f93c1b0d0d
2018-12-22T17:25:28+08:00,58f9371b0d0d
2018-12-22T17:30:28+08:00,59f9411b090d
2018-12-22T17:35:29+08:00,5af9501b0d0d
2018-12-22T17:40:32+08:00,57f9501b0d0d
2018-12-22T17:45:35+08:00,5bf9451b0d0d
2018-12-22T17:50:36+08:00,57f9481b0d0d
2018-12-22T17:55:40+08:00,58f9531b160d
2018-12-22T18:00:44+08:00,5af95e1b0d0d
2018-12-22T18:05:45+08:00,59f9581b050d
2018-12-22T18:10:49+08:00,58f9481b0d0d
2018-12-22T18:15:52+08:00,58f94a1b090d
2018-12-22T18:20:54+08:00,5af9521b0d0d
2018-12-22T18:25:57+08:00,5af95d1b090d
2018-12-22T18:31:00+08:00,58f94c1b0d0d
2018-12-22T18:36:05+08:00,58f9421b110d
2018-12-22T18:41:07+08:00,58f9441b090d
2018-12-22T18:46:09+08:00,58f94f1b050d
2018-12-22T18:51:14+08:00,59f9521b0d0d
2018-12-22T18:56:19+08:00,58f9441b0d0d
2018-12-22T19:01:22+08:00,56f93b1b160d
2018-12-22T19:06:26+08:00,5af9421b090d
2018-12-22T19:11:30+08:00,5af94e1b090d
2018-12-22T19:16:32+08:00,5af94f1b0d0d
2018-12-22T19:21:35+08:00,5af93e1b0d0d
2018-12-22T19:26:39+08:00,58f9371b090d
2018-12-22T19:31:42+08:00,5bf93d1b160d
2018-12-22T19:36:43+08:00,5cf94b1b090d
2018-12-22T19:41:46+08:00,58f9471b160d
2018-12-22T19:46:48+08:00,57f9321b090d
2018-12-22T19:51:53+08:00,56f92c1b0d0d
2018-12-22T19:56:57+08:00,5af9311b0d0d
2018-12-22T20:02:00+08:00,5af93d1b0d0d
2018-12-22T20:07:05+08:00,58f9341b0d0d
2018-12-22T20:12:08+08:00,59f9231b0d0d
2018-12-22T20:17:11+08:00,5af9211b0d0d
2018-12-22T20:22:11+08:00,57f92e1b090d
2018-12-22T20:27:13+08:00,58f9381b120d
2018-12-22T20:32:15+08:00,5af9311b0d0d
2018-12-22T20:37:19+08:00,57f9201b090d
2018-12-22T20:42:22+08:00,58f91f1b0d0d
2018-12-22T20:47:26+08:00,58f9261b110d
2018-12-22T20:52:28+08:00,5af9321b0d0d
2018-12-22T20:57:32+08:00,59f9261b0d0d
2018-12-22T21:02:37+08:00,58f9171b0d0d
2018-12-22T21:07:41+08:00,58f9171b0d0d
2018-12-22T21:12:43+08:00,59f9241b0d0d
2018-12-22T21:17:47+08:00,58f92f1b160d
2018-12-22T21:22:48+08:00,5af9251b0d0d
2018-12-22T21:27:49+08:00,58f9171b0d0d
2018-12-22T21:32:50+08:00,58f9171b160d
2018-12-22T21:37:54+08:00,5af9271b160d
2018-12-22T21:42:56+08:00,5af92d1b160d
2018-12-22T21:47:59+08:00,58f91e1b090d
2018-12-22T21:53:03+08:00,59f9141b0e0d
2018-12-22T21:58:05+08:00,58f9171b090d
2018-12-22T22:03:07+08:00,5af9241b0d0d
2018-12-22T22:08:10+08:00,5cf92b1b0d0d
2018-12-22T22:13:14+08:00,59f9181b0d0d
2018-12-22T22:18:17+08:00,59f9111b0d0d
2018-12-22T22:23:22+08:00,59f9161b0d0d
2018-12-22T22:28:23+08:00,5af9241b110d
2018-12-22T22:33:26+08:00,5af9291b090d
2018-12-22T22:38:27+08:00,58f9171b090d
2018-12-22T22:43:32+08:00,5af9111b0d0d
2018-12-22T22:48:36+08:00,59f91a1b0d0d
2018-12-22T22:53:40+08:00,5af9251b110d
2018-12-22T22:58:44+08:00,5af9231b0d0d
2018-12-22T23:03:46+08:00,5af9121b090d
2018-12-22T23:08:50+08:00,5bf9121b050d
2018-12-22T23:13:52+08:00,59f91b1b0d0d
2018-12-22T23:18:54+08:00,5cf9251b090d
2018-12-22T23:23:58+08:00,5af91e1b090d
2018-12-22T23:29:03+08:00,5af90e1b0d0d
2018-12-22T23:34:07+08:00,58f9101b090d
2018-12-22T23:39:10+08:00,58f91a1b160d
2018-12-22T23:44:12+08:00,5bf9271b120d
2018-12-22T23:49:14+08:00,59f91c1b090d
2018-12-22T23:54:18+08:00,5af90d1b090d
2018-12-22T23:59:23+08:00,5af90e1b0d0d
2018-12-23T00:04:28+08:00,5af91a1b160d
2018-12-23T00:09:29+08:00,5af9261b090d
2018-12-23T00:14:33+08:00,58f9191b0d0d
2018-12-23T00:19:38+08:00,5af90d1b0d0d
2018-12-23T00:24:44+08:00,5af90d1b120d
2018-12-23T00:29:45+08:00,5af91a1b090d
2018-12-23T00:34:45+08:00,5bf9231b0d0d
2018-12-23T00:39:46+08:00,5af9181b120d
2018-12-23T00:44:46+08:00,59f9071b0d0d
2018-12-23T00:49:48+08:00,5af90b1b0d0d
2018-12-23T00:54:53+08:00,5af9181b0d0d
2018-12-23T00:59:54+08:00,5af9221b0d0d
2018-12-23T01:04:57+08:00,5af9131b0d0d
2018-12-23T01:10:00+08:00,5af9071b0d0d
2018-12-23T01:15:00+08:00,58f90c1b0d0d
2018-12-23T01:20:02+08:00,59f9191b160d
2018-12-23T01:25:05+08:00,5cf91c1b090d
2018-12-23T01:30:08+08:00,5af90e1b0d0d
2018-12-23T01:35:08+08:00,5af9061b090d
2018-12-23T01:40:11+08:00,5af90d1b120d
2018-12-23T01:45:16+08:00,5af91b1b110d
2018-12-23T01:50:20+08:00,59f91e1b0d0d
2018-12-23T01:55:22+08:00,5af90c1b0d0d
2018-12-23T02:00:25+08:00,58f9061b0d0d
2018-12-23T02:05:28+08:00,58f90f1b0d0d
2018-12-23T02:10:30+08:00,5af91b1b0d0d
2018-12-23T02:15:31+08:00,58f91b1b160d
2018-12-23T02:20:34+08:00,5af90a1b090d
2018-12-23T02:25:38+08:00,5af9061b0d0d
2018-12-23T02:30:42+08:00,5af90f1b0d0d
2018-12-23T02:35:44+08:00,5cf91c1b0d0d
2018-12-23T02:40:48+08:00,5af9171b050d
2018-12-23T02:45:49+08:00,5af9051b0d0d
2018-12-23T02:50:51+08:00,59f9091b050d
2018-12-23T02:55:53+08:00,5af9121b0d0d
2018-12-23T03:00:56+08:00,5af91f1b090d
2018-12-23T03:05:58+08:00,58f9161b0d0d
2018-12-23T03:11:02+08:00,58f9071b090d
2018-12-23T03:16:03+08:00,58f90a1b090d
2018-12-23T03:21:05+08:00,59f9121b090d
2018-12-23T03:26:09+08:00,5df91b1b0d0d
2018-12-23T03:31:13+08:00,5af9141b0d0d
2018-12-23T03:36:17+08:00,58f9041b090d
2018-12-23T03:41:21+08:00,59f9041b090d
2018-12-23T03:46:26+08:00,58f9131b0d0d
2018-12-23T03:51:27+08:00,5af91a1b090d
2018-12-23T03:56:31+08:00,58f9111b0d0d
2018-12-23T04:01:35+08:00,58f9041b050d
2018-12-23T04:06:35+08:00,59f9041b0d0d
2018-12-23T04:11:40+08:00,59f9121b090d
2018-12-23T04:16:45+08:00,5af91b1b0d0d
2018-12-23T04:21:50+08:00,5cf90f1b0d0d
2018-12-23T04:26:52+08:00,58f9041b0d0d
2018-12-23T04:31:54+08:00,59f9041b0d0d
2018-12-23T04:36:56+08:00,5af9111b0d0d
2018-12-23T04:42:01+08:00,5af9191b0d0d
2018-12-23T04:47:06+08:00,5af90c1b0d0d
2018-12-23T04:52:07+08:00,58f9011b0d0d
2018-12-23T04:57:07+08:00,58f9091b090d
2018-12-23T05:02:10+08:00,59f9131b090d
2018-12-23T05:07:12+08:00,5af91b1b0d0d
2018-12-23T05:12:17+08:00,58f90a1b090d
2018-12-23T05:17:20+08:00,58f9011b110d
2018-12-23T05:22:23+08:00,59f9051b090d
2018-12-23T05:27:25+08:00,5af9101b090d
2018-12-23T05:32:28+08:00,59f9141b110d
2018-12-23T05:37:29+08:00,5af9051b090d
2018-12-23T05:42:30+08:00,58f9fd1a160d
2018-12-23T05:47:31+08:00,5af9041b090d
2018-12-23T05:52:35+08:00,5af90f1b1f0d
2018-12-23T05:57:39+08:00,5af9141b0d0d
2018-12-23T06:02:41+08:00,59f9031b0d0d
2018-12-23T06:07:43+08:00,58f9fb1a0d0d
2018-12-23T06:12:45+08:00,59f9031b090d
2018-12-23T06:17:47+08:00,5cf90f1b090d
2018-12-23T06:22:49+08:00,58f9101b0d0d
2018-12-23T06:27:53+08:00,58f9fd1a0d0d
2018-12-23T06:32:56+08:00,57f9001b090d
2018-12-23T06:37:57+08:00,56f9091b0d0d
2018-12-23T06:43:02+08:00,5af9151b0d0d
2018-12-23T06:48:03+08:00,58f9171b090d
2018-12-23T06:53:07+08:00,57f9061b090d
2018-12-23T06:58:11+08:00,58f9fe1a0d0d
2018-12-23T07:03:16+08:00,59f9091b0d0d
2018-12-23T07:08:16+08:00,5af9121b090d
2018-12-23T07:13:17+08:00,5af9111b090d
2018-12-23T07:18:19+08:00,58f9001b090d
2018-12-23T07:23:24+08:00,58f9fd1a0d0d
2018-12-23T07:28:28+08:00,5af9061b090d
2018-12-23T07:33:31+08:00,5bf9141b090d
2018-12-23T07:38:33+08:00,5af90c1b160d
2018-12-23T07:43:34+08:00,58f9fd1a090d
2018-12-23T07:48:38+08:00,58f9fa1a090d
2018-12-23T07:53:43+08:00,5af9061b0d0d
2018-12-23T07:58:44+08:00,5cf9131b0d0d
2018-12-23T08:03:46+08:00,5af9071b0d0d
2018-12-23T08:08:50+08:00,5af9f71a090d
2018-12-23T08:13:52+08:00,5af9fa1a050d
2018-12-23T08:18:54+08:00,5cf9051b090d
2018-12-23T08:23:55+08:00,5bf90f1b0d0d
2018-12-23T08:28:59+08:00,5af9171b0d0d
2018-12-23T08:33:59+08:00,5af9141b110d
2018-12-23T08:39:04+08:00,58f9171b090d
2018-12-23T08:44:08+08:00,5af9251b090d
2018-12-23T08:49:11+08:00,59f9301b160d
2018-12-23T08:54:12+08:00,59f9281b0d0d
2018-12-23T08:59:14+08:00,58f91d1b0d0d
2018-12-23T09:04:17+08:00,5af91e1b0d0d
2018-12-23T09:09:21+08:00,5bf9281b090d
2018-12-23T09:14:24+08:00,5bf9311b0d0d
2018-12-23T09:19:27+08:00,5af9241b0d0d
2018-12-23T09:24:32+08:00,5af91c1b090d
2018-12-23T09:29:36+08:00,58f9201b090d
2018-12-23T09:34:40+08:00,5cf92a1b160d
2018-12-23T09:39:44+08:00,5cf92e1b090d
2018-12-23T09:44:48+08:00,5cf91e1b0d0d
2018-12-23T09:49:49+08:00,5af9161b160d
2018-12-23T09:54:50+08:00,5bf91e1b1f0d
2018-12-23T09:59:51+08:00,5df9281b090d
2018-12-23T10:04:55+08:00,5cf9281b0d0d
2018-12-23T10:09:58+08:00,5af9171b120d
2018-12-23T10:15:02+08:00,5bf9131b0d0d
2018-12-23T10:20:07+08:00,5bf91a1b0d0d
2018-12-23T10:25:07+08:00,5df9271b0d0d
2018-12-23T10:30:11+08:00,5af9231b0d0d
2018-12-23T10:35:13+08:00,5bf9141b0d0d
2018-12-23T10:40:14+08:00,5af90f1b0d0d
2018-12-23T10:45:14+08:00,5df9181b0d0d
2018-12-23T10:50:16+08:00,5bf9221b090d
2018-12-23T10:55:19+08:00,5bf91d1b0d0d
2018-12-23T11:00:22+08:00,5af90c1b0d0d
2018-12-23T11:05:26+08:00,5bf9081b0d0d
2018-12-23T11:10:29+08:00,5af90c1b160d
2018-12-23T11:15:34+08:00,5cf9171b160d
2018-12-23T11:20:35+08:00,5af9101b120d
2018-12-23T11:25:40+08:00,5af9011b0d0d
2018-12-23T11:30:44+08:00,5af9fd1a0d0d
2018-12-23T11:35:48+08:00,5af9031b090d
2018-12-23T11:40:54+08:00,5cf90e1b0d0d
2018-12-23T11:45:56+08:00,5cf9061b090d
2018-12-23T11:50:56+08:00,5af9fd1a090d
2018-12-23T11:56:00+08:00,5af9ff1a0d0d
2018-12-23T12:01:01+08:00,5bf9091b090d
2018-12-23T12:06:04+08:00,5cf9141b090d
2018-12-23T12:11:06+08:00,5bf90d1b090d
2018-12-23T12:16:09+08:00,5af9fe1a090d
2018-12-23T12:21:11+08:00,5af9fd1a120d
2018-12-23T12:26:13+08:00,5af9071b0d0d
2018-12-23T12:31:15+08:00,5df9101b090d
2018-12-23T12:36:19+08:00,5bf90a1b110d
2018-12-23T12:41:20+08:00,5af9fa1a0d0d
2018-12-23T12:46:21+08:00,5af9fb1a0d0d
2018-12-23T12:51:23+08:00,5cf9041b0d0d
2018-12-23T12:56:26+08:00,5df90e1b0d0d
2018-12-23T13:01:29+08:00,5af9051b090d
2018-12-23T13:06:32+08:00,5cf9f81a050d
2018-12-23T13:11:34+08:00,5cf9f71a160d
2018-12-23T13:16:36+08:00,5bf9011b0d0d
2018-12-23T13:21:38+08:00,5df90a1b160d
2018-12-23T13:26:39+08:00,5df9fd1a050d
2018-12-23T13:31:42+08:00,5af9f21a0d0d
2018-12-23T13:36:43+08:00,b5f9321c090d
2018-12-23T13:41:46+08:00,c0fa93201a0d
2018-12-23T13:46:51+08:00,f1faa620160d
2018-12-23T13:51:52+08:00,2ffb81201e0d
2018-12-23T13:56:53+08:00,40fbc91f270d
2018-12-23T14:01:57+08:00,1cfba51e270d
2018-12-23T14:06:58+08:00,f0faff1d270d
2018-12-23T14:11:59+08:00,c3fa9e1d2a0d
2018-12-23T14:17:00+08:00,9cfa741d270d
2018-12-23T14:22:05+08:00,79fa5e1d270d
2018-12-23T14:27:10+08:00,57fa431d270d
2018-12-23T14:32:14+08:00,33fa2a1d270d
2018-12-23T14:37:19+08:00,1bfa2b1d270d
2018-12-23T14:42:23+08:00,06fa341d270d
2018-12-23T14:47:26+08:00,f2f93d1d270d
2018-12-23T14:52:32+08:00,e8f93e1d270d
2018-12-23T14:57:32+08:00,14fa1e1e270d
2018-12-23T15:02:37+08:00,1dfadb1d1e0d
2018-12-23T15:07:41+08:00,2cfa021e1e0d
2018-12-23T15:12:46+08:00,23fa8e1d270d
2018-12-23T15:17:50+08:00,0ffa471d1e0d
2018-12-23T15:22:52+08:00,fef92a1d1a0d
2018-12-23T15:27:57+08:00,f1f9211d270d
2018-12-23T15:32:58+08:00,dff9141d1a0d
2018-12-23T15:38:02+08:00,cff9031d1a0d
2018-12-23T15:43:04+08:00,c4f9011d1a0d
2018-12-23T15:48:09+08:00,baf90b1d1a0d
2018-12-23T15:53:11+08:00,b0f9101d1a0d
2018-12-23T15:58:13+08:00,a5f9071d1e0d
2018-12-23T16:03:17+08:00,9df9041d160d
2018-12-23T16:08:20+08:00,98f9151d1a0d
2018-12-23T16:13:24+08:00,17fad71e160d
2018-12-23T16:18:29+08:00,d7fafd201e0d
2018-12-23T16:23:33+08:00,07fbbb1f1e0d
2018-12-23T16:28:37+08:00,21fb611e1e0d
2018-12-23T16:33:38+08:00,00fb3e1d270d
2018-12-23T16:38:43+08:00,d3faaa1c270d
2018-12-23T16:43:43+08:00,a8fa811c2a0d
2018-12-23T16:48:46+08:00,83fa901c270d
2018-12-23T16:53:48+08:00,68fa811c270d
2018-12-23T16:58:53+08:00,48fa561c270d
2018-12-23T17:03:54+08:00,2ffa5f1c270d
2018-12-23T17:08:55+08:00,1bfa791c270d
2018-12-23T17:13:57+08:00,0afa7d1c1e0d
2018-12-23T17:18:59+08:00,f8f9611c270d
2018-12-23T17:24:03+08:00,e7f9611c270d
2018-12-23T17:29:08+08:00,d9f97c1c1a0d
2018-12-23T17:34:10+08:00,d0f99c1c1a0d
2018-12-23T17:39:11+08:00,c6f9901c1a0d
2018-12-23T17:44:14+08:00,bbf9861c1a0d
2018-12-23T17:49:16+08:00,b1f9991c160d
2018-12-23T17:54:21+08:00,eff9ff1d1a0d
2018-12-23T17:59:23+08:00,28fa991e1a0d
2018-12-23T18:04:24+08:00,2ffa8b1d1a0d
2018-12-23T18:09:26+08:00,22faee1c1a0d
2018-12-23T18:14:30+08:00,12faad1c1e0d
2018-12-23T18:19:33+08:00,00fa8b1c270d
2018-12-23T18:24:36+08:00,18fa6e1d1a0d
2018-12-23T18:29:38+08:00,16faf11c1a0d
2018-12-23T18:34:43+08:00,3efabc1d1e0d
2018-12-23T18:39:47+08:00,3cfa0b1d1a0d
2018-12-23T18:44:52+08:00,29fa861c1a0d
2018-12-23T18:49:54+08:00,1bfa6b1c270d
2018-12-23T18:54:54+08:00,2ffa271d1e0d
2018-12-23T18:59:56+08:00,41fa711d270d
2018-12-23T19:04:59+08:00,3cfad91c1a0d
2018-12-23T19:10:04+08:00,2afa6d1c1a0d
2018-12-23T19:15:07+08:00,17fa581c1a0d
2018-12-23T19:20:07+08:00,06fa4d1c1a0d
2018-12-23T19:25:11+08:00,f7f9361c1a0d
2018-12-23T19:30:14+08:00,e6f9361c1a0d
2018-12-23T19:35:18+08:00,d8f94f1c1a0d
2018-12-23T19:40:22+08:00,cff9641c1e0d
2018-12-23T19:45:23+08:00,c5f9561c1a0d
2018-12-23T19:50:25+08:00,bbf9551c1a0d
2018-12-23T19:55:27+08:00,b3f9661c160d
2018-12-23T20:00:31+08:00,abf9861c160d
2018-12-23T20:05:34+08:00,a7f9801c160d
2018-12-23T20:10:35+08:00,a2f9721c1a0d
2018-12-23T20:15:36+08:00,9bf9791c1a0d
2018-12-23T20:20:38+08:00,abf9eb1c160d
2018-12-23T20:25:43+08:00,d8f9d01d160d
2018-12-23T20:30:44+08:00,e3f93a1d160d
2018-12-23T20:35:49+08:00,dff9d01c160d
2018-12-23T20:40:52+08:00,05fa9a1d160d
2018-12-23T20:45:56+08:00,0cfa211d160d
2018-12-23T20:50:56+08:00,03faac1c1a0d
2018-12-23T20:56:00+08:00,f5f9721c1e0d
2018-12-23T21:01:03+08:00,e8f9601c160d
2018-12-23T21:06:03+08:00,dbf9601c1a0d
2018-12-23T21:11:08+08:00,cef95b1c1a0d
2018-12-23T21:16:11+08:00,c1f9501c1a0d
2018-12-23T21:21:13+08:00,b6f9511c160d
2018-12-23T21:26:17+08:00,abf95c1c160d
2018-12-23T21:31:21+08:00,a6f9701c1a0d
2018-12-23T21:36:22+08:00,9ff9681c110d
2018-12-23T21:41:26+08:00,96f9631c160d
2018-12-23T21:46:30+08:00,8ff96f1c160d
2018-12-23T21:51:34+08:00,8bf9881c1a0d
2018-12-23T21:56:39+08:00,87f98c1c0d0d
2018-12-23T22:01:41+08:00,83f97c1c160d
2018-12-23T22:06:42+08:00,7cf97c1c0d0d
2018-12-23T22:11:46+08:00,79f9891c110d
2018-12-23T22:16:47+08:00,74f9a01c160d
2018-12-23T22:21:50+08:00,72f99b1c160d
2018-12-23T22:26:55+08:00,6cf9911c0d0d
2018-12-23T22:31:56+08:00,6af9911c160d
2018-12-23T22:36:58+08:00,65f99d1c090d
2018-12-23T22:41:59+08:00,64f9ab1c0d0d
2018-12-23T22:47:04+08:00,5cf9a31c0d0d
2018-12-23T22:52:05+08:00,59f99a1c0d0d
2018-12-23T22:57:08+08:00,5af99e1c160d
2018-12-23T23:02:09+08:00,56f9aa1c0d0d
2018-12-23T23:07:10+08:00,55f9b91c0d0d
2018-12-23T23:12:12+08:00,52f9aa1c160d
2018-12-23T23:17:13+08:00,4ef9a11c160d
2018-12-23T23:22:14+08:00,4ff9a91c160d
2018-12-23T23:27:15+08:00,4df9b61c0d0d
2018-12-23T23:32:16+08:00,4ff9bc1c0d0d
2018-12-23T23:37:20+08:00,4cf9ad1c0d0d
2018-12-23T23:42:21+08:00,4af9a41c160d
2018-12-23T23:47:23+08:00,4af9aa1c0d0d
2018-12-23T23:52:28+08:00,49f9b31c0d0d
2018-12-23T23:57:29+08:00,4af9b91c090d
2018-12-24T00:02:30+08:00,47f9a71c090d
2018-12-24T00:07:31+08:00,46f9a31c0d0d
2018-12-24T00:12:35+08:00,46f9a91c0d0d
2018-12-24T00:17:40+08:00,48f9b31c0d0d
2018-12-24T00:22:41+08:00,47f9b01c0d0d
2018-12-24T00:27:41+08:00,44f9a01c160d
2018-12-24T00:32:43+08:00,41f9a01c090d
2018-12-24T00:37:47+08:00,43f9a61c090d
2018-12-24T00:42:51+08:00,45f9b21c0d0d
2018-12-24T00:47:53+08:00,41f9a61c0d0d
2018-12-24T00:52:58+08:00,3ff9991c090d
2018-12-24T00:58:02+08:00,41f99c1c090d
2018-12-24T01:03:06+08:00,3ff9a31c050d
2018-12-24T01:08:06+08:00,43f9b01c090d
2018-12-24T01:13:07+08:00,40f9a31c0d0d
2018-12-24T01:18:09+08:00,3ff9981c0d0d
2018-12-24T01:23:12+08:00,3ef9961c160d
2018-12-24T01:28:13+08:00,40f9a01c0d0d
2018-12-24T01:33:18+08:00,41f9aa1c0d0d
2018-12-24T01:38:23+08:00,3ef99c1c0d0d
2018-12-24T01:43:26+08:00,3cf9901c0d0d
2018-12-24T01:48:29+08:00,3df9931c090d
2018-12-24T01:53:31+08:00,3cf99e1c090d
2018-12-24T01:58:35+08:00,3df9a71c090d
2018-12-24T02:03:36+08:00,3bf9991c090d
2018-12-24T02:08:40+08:00,3cf98d1c0d0d
2018-12-24T02:13:42+08:00,39f9901c0d0d
2018-12-24T02:18:46+08:00,3bf9991c090d
2018-12-24T02:23:47+08:00,3bf9a41c090d
2018-12-24T02:28:48+08:00,3cf9931c050d
2018-12-24T02:33:52+08:00,39f9891c0d0d
2018-12-24T02:38:56+08:00,3af98d1c0d0d
2018-12-24T02:43:59+08:00,3bf9961c0d0d
2018-12-24T02:49:01+08:00,3df99e1c0d0d
2018-12-24T02:54:05+08:00,3af98b1c0d0d
2018-12-24T02:59:09+08:00,3af97f1c0d0d
2018-12-24T03:04:14+08:00,37f9881c0d0d
2018-12-24T03:09:15+08:00,39f9921c0d0d
2018-12-24T03:14:18+08:00,3af9981c090d
2018-12-24T03:19:23+08:00,38f9841c090d
2018-12-24T03:24:25+08:00,37f97b1c120d
2018-12-24T03:29:28+08:00,37f9811c0e0d
2018-12-24T03:34:32+08:00,3bf98d1c050d
2018-12-24T03:39:35+08:00,39f98e1c090d
2018-12-24T03:44:38+08:00,36f97a1c0d0d
2018-12-24T03:49:42+08:00,36f9761c090d
2018-12-24T03:54:44+08:00,38f97c1c090d
2018-12-24T03:59:47+08:00,38f98b1c090d
2018-12-24T04:04:52+08:00,36f9891c090d
2018-12-24T04:09:57+08:00,34f9751c050d
2018-12-24T04:15:02+08:00,37f9721c050d
2018-12-24T04:20:07+08:00,35f97b1c050d
2018-12-24T04:25:12+08:00,37f9881c0d0d
2018-12-24T04:30:15+08:00,38f9851c0d0d
2018-12-24T04:35:20+08:00,36f9731c0d0d
2018-12-24T04:40:20+08:00,32f9711c050d
2018-12-24T04:45:24+08:00,35f97a1c0d0d
2018-12-24T04:50:25+08:00,37f98a1c090d
2018-12-24T04:55:27+08:00,36f9831c0d0d
2018-12-24T05:00:30+08:00,35f9711c050d
2018-12-24T05:05:33+08:00,36f9711c090d
2018-12-24T05:10:37+08:00,36f9751c0d0d
2018-12-24T05:15:40+08:00,38f9861c090d
2018-12-24T05:20:41+08:00,37f9831c0d0d
2018-12-24T05:25:44+08:00,32f96c1c0d0d
2018-12-24T05:30:48+08:00,34f9691c0d0d
2018-12-24T05:35:48+08:00,36f96f1c050d
2018-12-24T05:40:53+08:00,37f97f1c090d
2018-12-24T05:45:55+08:00,35f97a1c120d
2018-12-24T05:50:58+08:00,36f9661c090d
2018-12-24T05:55:59+08:00,30f9631c090d
2018-12-24T06:01:02+08:00,35f96d1c090d
2018-12-24T06:06:04+08:00,37f97b1c090d
2018-12-24T06:11:05+08:00,36f9751c090d
2018-12-24T06:16:08+08:00,32f9611c120d
2018-12-24T06:21:11+08:00,34f9621c0d0d
2018-12-24T06:26:12+08:00,31f96a1c090d
2018-12-24T06:31:16+08:00,36f9761c090d
2018-12-24T06:36:17+08:00,34f9711c090d
2018-12-24T06:41:18+08:00,32f95f1c090d
2018-12-24T06:46:19+08:00,31f95c1c0d0d
2018-12-24T06:51:22+08:00,35f9671c0d0d
2018-12-24T06:56:24+08:00,36f9731c090d
2018-12-24T07:01:29+08:00,35f96f1c0d0d
2018-12-24T07:06:30+08:00,34f95a1c090d
2018-12-24T07:11:34+08:00,32f9591c050d
2018-12-24T07:21:39+08:00,36f9721c090d
2018-12-24T07:26:41+08:00,32f96b1c090d
2018-12-24T07:31:45+08:00,35f9561c090d
2018-12-24T07:36:46+08:00,31f9551c0d0d
2018-12-24T07:41:49+08:00,31f95f1c0d0d
2018-12-24T07:46:54+08:00,34f96e1c090d
2018-12-24T07:51:58+08:00,34f9641c050d
2018-12-24T07:56:59+08:00,32f9531c050d
2018-12-24T08:02:04+08:00,35f9501c0d0d
2018-12-24T08:07:05+08:00,31f95e1c050d
2018-12-24T08:12:09+08:00,34f96d1c0d0d
2018-12-24T08:17:14+08:00,35f9621c090d
2018-12-24T08:22:17+08:00,30f9501c090d
2018-12-24T08:27:19+08:00,30f9531c090d
2018-12-24T08:32:22+08:00,35f95c1c090d
2018-12-24T08:37:25+08:00,35f96a1c050d
2018-12-24T08:42:27+08:00,36f95e1c050d
2018-12-24T08:47:31+08:00,34f94b1c090d
2018-12-24T08:52:32+08:00,30f94d1c050d
2018-12-24T08:57:35+08:00,31f9571c090d
2018-12-24T09:02:39+08:00,35f9651c090d
2018-12-24T09:07:44+08:00,35f95c1c0d0d
2018-12-24T09:12:45+08:00,35f9481c0d0d
2018-12-24T09:17:45+08:00,63f9711d110d
2018-12-24T09:22:46+08:00,87f9a91d090d
2018-12-24T09:27:48+08:00,93f9041d160d
2018-12-24T09:32:49+08:00,92f9831c090d
2018-12-24T09:37:49+08:00,8df9381c0d0d
2018-12-24T09:42:50+08:00,87f9151c0d0d
2018-12-24T09:47:54+08:00,83f9161c0d0d
2018-12-24T09:52:55+08:00,7ef9111c0d0d
2018-12-24T09:57:57+08:00,75f9f61b160d
2018-12-24T10:02:59+08:00,75f9121c0d0d
2018-12-24T10:08:05+08:00,87f99e1c0d0d
2018-12-24T10:13:08+08:00,8bf9671c160d
2018-12-24T10:18:10+08:00,89f9211c0d0d
2018-12-24T10:23:12+08:00,84f9ef1b0d0d
2018-12-24T10:28:17+08:00,7ef9ea1b0d0d
2018-12-24T10:33:22+08:00,77f9151c0d0d
2018-12-24T10:38:23+08:00,76f9331c160d
2018-12-24T10:43:24+08:00,6ff9081c0d0d
2018-12-24T10:48:26+08:00,68f9f31b0d0d
2018-12-24T10:53:27+08:00,63f90e1c0d0d
2018-12-24T10:58:31+08:00,60f9471c0d0d
2018-12-24T11:03:33+08:00,5ef94e1c090d
2018-12-24T11:08:35+08:00,5df91e1c090d
2018-12-24T11:13:36+08:00,59f9091c0d0d
2018-12-24T11:18:39+08:00,55f9261c0d0d
2018-12-24T11:23:43+08:00,56f9521c160d
2018-12-24T11:28:46+08:00,6bf9e81c0d0d
2018-12-24T11:33:47+08:00,81f9011d0d0d
2018-12-24T11:38:49+08:00,87f9711c0d0d
2018-12-24T11:43:50+08:00,87f9291c0d0d
2018-12-24T11:48:53+08:00,84f9161c110d
2018-12-24T11:53:55+08:00,7ff9f21b0d0d
2018-12-24T11:58:59+08:00,76f9d51b0d0d
2018-12-24T12:03:59+08:00,6ff9dc1b0d0d
2018-12-24T12:09:04+08:00,6bf9051c0d0d
2018-12-24T12:14:05+08:00,6bf9201c0d0d
2018-12-24T12:19:10+08:00,66f9fc1b0d0d
2018-12-24T12:24:11+08:00,61f9e81b0d0d
2018-12-24T12:29:14+08:00,5ef9fc1b0d0d
2018-12-24T12:34:15+08:00,5af9321c0d0d
2018-12-24T12:39:16+08:00,58f93a1c0d0d
2018-12-24T12:44:21+08:00,7cf9991c0d0d
2018-12-24T12:49:24+08:00,caf9511e160d
2018-12-24T12:54:24+08:00,e2f94a1d160d
2018-12-24T12:59:26+08:00,e6f9801c160d
2018-12-24T13:04:29+08:00,0dfa651d160d
2018-12-24T13:09:30+08:00,16fa841c0d0d
2018-12-24T13:14:33+08:00,21fa3e1c160d
2018-12-24T13:19:37+08:00,69faa51d1a0d
2018-12-24T13:24:38+08:00,8afa701d270d
2018-12-24T13:29:41+08:00,a1fa1b1d1e0d
2018-12-24T13:34:47+08:00,9afaec1b1e0d
2018-12-24T13:39:47+08:00,7ffa811b270d
2018-12-24T13:44:48+08:00,66fa2c1b270d
2018-12-24T13:49:49+08:00,45faf31a1a0d
2018-12-24T13:54:53+08:00,2afa0b1b270d
2018-12-24T13:59:58+08:00,16fa411b1a0d
2018-12-24T14:05:01+08:00,fff93c1b1a0d
2018-12-24T14:10:05+08:00,eef91a1b270d
2018-12-24T14:15:06+08:00,dff9301b1a0d
2018-12-24T14:20:10+08:00,d0f9691b1a0d
2018-12-24T14:25:11+08:00,dcf90b1c160d
2018-12-24T14:30:16+08:00,ecf9301c1a0d
2018-12-24T14:35:20+08:00,e8f9951b1a0d
2018-12-24T14:40:25+08:00,f6f9651c1a0d
2018-12-24T14:45:26+08:00,fcf9151c160d
2018-12-24T14:50:30+08:00,8cfa0c1f1a0d
2018-12-24T14:55:35+08:00,d4fa0f1e1e0d
2018-12-24T15:00:36+08:00,16fbd41e1e0d
2018-12-24T15:05:41+08:00,20fbb61c270d
2018-12-24T15:10:43+08:00,fcfaa81b2a0d
2018-12-24T15:15:44+08:00,d6fa6c1b270d
2018-12-24T15:20:44+08:00,b0fa5b1b2a0d
2018-12-24T15:25:47+08:00,abfaf91b270d
2018-12-24T15:30:48+08:00,8dfa601b270d
2018-12-24T15:35:50+08:00,70fa681b270d
2018-12-24T15:40:50+08:00,53fa7e1b1e0d
2018-12-24T15:45:54+08:00,5efaa91c270d
2018-12-24T15:50:58+08:00,88faea1c270d
2018-12-24T15:56:00+08:00,cdfa491e270d
2018-12-24T16:01:01+08:00,03fbac1d270d
2018-12-24T16:06:04+08:00,f4fac01b270d
2018-12-24T16:11:07+08:00,cefa111b270d
2018-12-24T16:16:11+08:00,a3fa111b270d
2018-12-24T16:21:13+08:00,84fa2b1b270d
2018-12-24T16:26:16+08:00,bcfa971d270d
2018-12-24T16:31:18+08:00,d2fa411c270d
2018-12-24T16:36:23+08:00,e2fa271c270d
2018-12-24T16:41:25+08:00,c9fa241b270d
2018-12-24T16:46:27+08:00,a4fac11a270d
2018-12-24T16:51:31+08:00,a2fa1f1c270d
2018-12-24T16:56:32+08:00,a2fabc1b270d
2018-12-24T17:01:34+08:00,dcfa771d270d
2018-12-24T17:06:36+08:00,fbfa5d1c270d
2018-12-24T17:11:38+08:00,1efbde1c2a0d
2018-12-24T17:16:39+08:00,24fbc51b2a0d
2018-12-24T17:21:42+08:00,09fb6e1b2a0d
2018-12-24T17:26:45+08:00,44fbf71c2a0d
2018-12-24T17:31:49+08:00,7efb0b1e2a0d
2018-12-24T17:36:51+08:00,b1fb781d2a0d
2018-12-24T17:41:52+08:00,90fb511b2a0d
2018-12-24T17:46:54+08:00,4cfbdd1a330d
2018-12-24T17:51:57+08:00,19fbe51a370d
2018-12-24T17:57:01+08:00,1dfb841c3c0d
2018-12-24T18:02:02+08:00,20fb051c2a0d
2018-12-24T18:07:04+08:00,f9fa321b330d
2018-12-24T18:12:08+08:00,d5fa1c1b2f0d
2018-12-24T18:17:09+08:00,bafa5a1b2a0d
2018-12-24T18:22:12+08:00,ebfa911d2f0d
2018-12-24T18:27:13+08:00,e1fa941c2a0d
2018-12-24T18:32:17+08:00,cffa301c2a0d
2018-12-24T18:37:21+08:00,2bfb401f2a0d
2018-12-24T18:42:26+08:00,32fb1b1d2f0d
2018-12-24T18:47:29+08:00,63fbad1e2f0d
2018-12-24T18:52:34+08:00,a9fb521e330d
2018-12-24T18:57:37+08:00,87fbe11b330d
2018-12-24T19:02:38+08:00,52fb481b2a0d
2018-12-24T19:07:41+08:00,1ffb1a1b370d
2018-12-24T19:12:45+08:00,ebfaf41a2a0d
2018-12-24T19:17:46+08:00,c0fa051b2f0d
2018-12-24T19:22:48+08:00,a0fa411b2a0d
2018-12-24T19:27:49+08:00,7ffa611b2a0d
2018-12-24T19:32:53+08:00,61fa521b270d
2018-12-24T19:37:58+08:00,49fa6b1b2a0d
2018-12-24T19:43:00+08:00,33faa51b2a0d
2018-12-24T19:48:02+08:00,22facb1b270d
2018-12-24T19:53:07+08:00,0ffab21b270d
2018-12-24T19:58:09+08:00,fdf9b11b270d
2018-12-24T20:03:09+08:00,f4f9db1b1e0d
2018-12-24T20:08:09+08:00,e9f9051c1a0d
2018-12-24T20:13:13+08:00,e0f9eb1b270d
2018-12-24T20:18:13+08:00,d4f9d91b1a0d
2018-12-24T20:23:15+08:00,ccf9f91b270d
2018-12-24T20:28:16+08:00,c5f9261c160d
2018-12-24T20:33:18+08:00,c2f91a1c160d
2018-12-24T20:38:22+08:00,b9f9f21b160d
2018-12-24T20:43:23+08:00,b3f9051c160d
2018-12-24T20:48:24+08:00,adf9321c1a0d
2018-12-24T20:53:27+08:00,aef9391c160d
2018-12-24T20:58:29+08:00,a7f9fc1b160d
2018-12-24T21:03:30+08:00,bbf9d51c160d
2018-12-24T21:08:32+08:00,c6f98f1c160d
2018-12-24T21:13:34+08:00,c4f9381c160d
2018-12-24T21:18:34+08:00,bff9e11b160d
2018-12-24T21:23:39+08:00,b6f9c31b160d
2018-12-24T21:28:42+08:00,acf9e21b160d
2018-12-24T21:33:43+08:00,a7f9151c0d0d
2018-12-24T21:38:43+08:00,a6f90a1c110d
2018-12-24T21:43:45+08:00,a4f9d61b160d
2018-12-24T21:48:48+08:00,9df9d81b160d
2018-12-24T21:53:48+08:00,96f9011c0d0d
2018-12-24T21:58:51+08:00,96f9271c0d0d
2018-12-24T22:03:52+08:00,96f9f71b110d
2018-12-24T22:08:55+08:00,93f9d11b110d
2018-12-24T22:13:58+08:00,8df9e51b160d
2018-12-24T22:19:02+08:00,8bf90f1c160d
2018-12-24T22:24:05+08:00,8bf9231c0d0d
2018-12-24T22:29:06+08:00,8af9e71b0d0d
2018-12-24T22:34:10+08:00,86f9d11b110d
2018-12-24T22:39:11+08:00,85f9e91b0d0d
2018-12-24T22:44:13+08:00,81f9171c0d0d
2018-12-24T22:49:17+08:00,97f9ac1c0d0d
2018-12-24T22:54:18+08:00,b2f90b1d0d0d
2018-12-24T22:59:19+08:00,b9f9661c0d0d
2018-12-24T23:04:24+08:00,b3f9c91b0d0d
2018-12-24T23:09:27+08:00,a8f96e1b160d
2018-12-24T23:14:30+08:00,9df9871b0d0d
2018-12-24T23:19:30+08:00,96f9de1b0d0d
2018-12-24T23:24:35+08:00,8ff9331c0d0d
2018-12-24T23:29:36+08:00,90f9ff1b0d0d
2018-12-24T23:34:40+08:00,8bf9b91b0d0d
2018-12-24T23:39:43+08:00,87f9c41b0d0d
2018-12-24T23:44:48+08:00,82f9fa1b090d
2018-12-24T23:49:50+08:00,84f91f1c160d
2018-12-24T23:54:51+08:00,81f9d01b0d0d
2018-12-24T23:59:54+08:00,7ff9a01b090d
2018-12-25T00:04:55+08:00,7bf9b91b160d
2018-12-25T00:09:59+08:00,79f9f21b090d
2018-12-25T00:15:00+08:00,77f9fd1b160d
2018-12-25T00:20:02+08:00,77f9ae1b160d
2018-12-25T00:25:06+08:00,75f99a1b0d0d
2018-12-25T00:30:07+08:00,73f9ba1b0d0d
2018-12-25T00:35:09+08:00,73f9eb1b090d
2018-12-25T00:40:09+08:00,72f9cf1b0d0d
2018-12-25T00:45:14+08:00,71f98d1b110d
2018-12-25T00:50:17+08:00,6ff9891b090d
2018-12-25T00:55:20+08:00,6bf9b21b0d0d
2018-12-25T01:00:20+08:00,6cf9dc1b050d
2018-12-25T01:05:21+08:00,6cf9af1b0d0d
2018-12-25T01:10:22+08:00,6af9811b0d0d
2018-12-25T01:15:27+08:00,68f9891b0d0d
2018-12-25T01:20:28+08:00,68f9b21b090d
2018-12-25T01:25:28+08:00,6af9d01b050d
2018-12-25T01:30:29+08:00,68f99b1b0d0d
2018-12-25T01:35:31+08:00,66f9781b0d0d
2018-12-25T01:40:33+08:00,67f9861b110d
2018-12-25T01:45:34+08:00,67f9b41b090d
2018-12-25T01:50:39+08:00,66f9cf1b0d0d
2018-12-25T01:55:42+08:00,64f9921b0d0d
2018-12-25T02:00:43+08:00,63f9701b090d
2018-12-25T02:05:47+08:00,63f97e1b050d
2018-12-25T02:10:49+08:00,63f9ac1b0d0d
2018-12-25T02:15:50+08:00,65f9c11b050d
2018-12-25T02:20:55+08:00,61f9861b0d0d
2018-12-25T02:25:59+08:00,62f9691b0d0d
2018-12-25T02:31:00+08:00,5ef97b1b0d0d
2018-12-25T02:36:03+08:00,62f9a81b0d0d
2018-12-25T02:41:08+08:00,61f9b51b050d
2018-12-25T02:46:12+08:00,61f9791b090d
2018-12-25T02:51:14+08:00,5df9651b0d0d
2018-12-25T02:56:19+08:00,5ef9771b050d
2018-12-25T03:01:24+08:00,61f9a31b160d
2018-12-25T03:06:28+08:00,5df9a21b090d
2018-12-25T03:11:30+08:00,5cf96c1b0d0d
2018-12-25T03:16:34+08:00,5cf9621b090d
2018-12-25T03:21:35+08:00,5cf9791b090d
2018-12-25T03:26:38+08:00,5df9a51b0d0d
2018-12-25T03:31:40+08:00,5cf9921b110d
2018-12-25T03:36:42+08:00,5bf95b1b090d
2018-12-25T03:41:44+08:00,5bf9541b090d
2018-12-25T03:46:45+08:00,5af96e1b090d
2018-12-25T03:51:48+08:00,5cf9981b090d
2018-12-25T03:56:53+08:00,5cf97f1b090d
2018-12-25T04:01:53+08:00,58f94e1b050d
2018-12-25T04:06:56+08:00,58f94c1b0d0d
2018-12-25T04:11:57+08:00,5af96b1b0d0d
2018-12-25T04:17:02+08:00,5af9931b0d0d
2018-12-25T04:22:05+08:00,5af9731b0d0d
2018-12-25T04:27:09+08:00,5af9421b050d
2018-12-25T04:32:13+08:00,59f9471b0d0d
2018-12-25T04:37:16+08:00,5af96b1b090d
2018-12-25T04:42:18+08:00,5af9921b090d
2018-12-25T04:47:19+08:00,58f9681b090d
2018-12-25T04:52:23+08:00,55f93b1b0d0d
2018-12-25T04:57:27+08:00,56f9401b090d
2018-12-25T05:02:31+08:00,56f9691b090d
2018-12-25T05:07:34+08:00,59f9901b090d
2018-12-25T05:12:37+08:00,58f9621b050d
2018-12-25T05:17:38+08:00,56f9371b090d
2018-12-25T05:22:41+08:00,58f93d1b0d0d
2018-12-25T05:27:43+08:00,57f9621b160d
2018-12-25T05:32:45+08:00,56f9761b050d
2018-12-25T05:37:48+08:00,57f9401b0d0d
2018-12-25T05:42:48+08:00,57f9251b0d0d
2018-12-25T05:47:49+08:00,57f9331b050d
2018-12-25T05:52:51+08:00,56f9611b090d
2018-12-25T05:57:53+08:00,58f96c1b090d
2018-12-25T06:02:57+08:00,56f92a1b0d0d
2018-12-25T06:07:58+08:00,55f90e1b090d
2018-12-25T06:13:00+08:00,55f9201b0d0d
2018-12-25T06:18:02+08:00,56f94d1b0d0d
2018-12-25T06:23:05+08:00,55f9591b0d0d
2018-12-25T06:28:07+08:00,53f91e1b090d
2018-12-25T06:33:08+08:00,55f90a1b090d
2018-12-25T06:38:09+08:00,55f9221b090d
2018-12-25T06:43:12+08:00,55f94f1b090d
2018-12-25T06:48:13+08:00,55f9461b090d
2018-12-25T06:53:13+08:00,53f90a1b0d0d
2018-12-25T06:58:15+08:00,53f9011b090d
2018-12-25T07:03:15+08:00,55f91d1b050d
2018-12-25T07:08:17+08:00,54f94b1b090d
2018-12-25T07:13:19+08:00,56f9331b090d
2018-12-25T07:18:24+08:00,53f9fa1a090d
2018-12-25T07:23:25+08:00,53f9f81a090d
2018-12-25T07:28:26+08:00,53f91d1b0e0d
2018-12-25T07:33:31+08:00,56f94d1b090d
2018-12-25T07:38:32+08:00,53f9221b0d0d
2018-12-25T07:43:35+08:00,53f9f31a0d0d
2018-12-25T07:48:37+08:00,4ff9f41a050d
2018-12-25T07:53:39+08:00,53f9211b0d0d
2018-12-25T07:58:40+08:00,53f9441b090d
2018-12-25T08:03:43+08:00,53f9141b090d
2018-12-25T08:08:46+08:00,50f9e91a050d
2018-12-25T08:13:46+08:00,4ff9f11a050d
2018-12-25T08:18:51+08:00,52f91c1b0e0d
2018-12-25T08:23:52+08:00,55f93f1b050d
2018-12-25T08:28:57+08:00,55f90d1b0d0d
2018-12-25T08:34:01+08:00,4df9e71a050d
2018-12-25T08:39:04+08:00,52f9f51a0d0d
2018-12-25T08:44:06+08:00,87f98b1c0d0d
2018-12-25T08:49:07+08:00,bdf98b1d0d0d
2018-12-25T08:54:10+08:00,c4f9e11b160d
2018-12-25T08:59:13+08:00,b4f9151b090d
2018-12-25T09:04:16+08:00,a7f9181b0d0d
2018-12-25T09:09:20+08:00,9ef95e1b0d0d
2018-12-25T09:14:22+08:00,93f95b1b0d0d
2018-12-25T09:19:24+08:00,89f91f1b0d0d
2018-12-25T09:24:29+08:00,80f93a1b0d0d
2018-12-25T09:29:30+08:00,74f9841b0d0d
2018-12-25T09:34:31+08:00,73f9c21b090d
2018-12-25T09:39:32+08:00,6ff9991b0d0d
2018-12-25T09:44:35+08:00,66f9781b0d0d
2018-12-25T09:49:36+08:00,61f99b1b0d0d
2018-12-25T09:54:41+08:00,61f9d51b090d
2018-12-25T09:59:42+08:00,5df9f01b090d
2018-12-25T10:04:47+08:00,56f9a81b0d0d
2018-12-25T10:09:48+08:00,53f99c1b0d0d
2018-12-25T10:14:49+08:00,76f9991c0d0d
2018-12-25T10:19:51+08:00,99f9711d110d
2018-12-25T10:24:52+08:00,74fae81f0d0d
2018-12-25T10:29:54+08:00,15fbb920160d
2018-12-25T10:34:56+08:00,23fb271d160d
2018-12-25T10:40:00+08:00,08fb1a1b1e0d
2018-12-25T10:45:02+08:00,e6fa451a1e0d
2018-12-25T10:50:05+08:00,46fb881e1e0d
2018-12-25T10:55:09+08:00,62fb5f1c270d
2018-12-25T11:00:14+08:00,36fb501a270d
2018-12-25T11:05:18+08:00,5cfb221d2a0d
2018-12-25T11:10:21+08:00,5afb911b2a0d
2018-12-25T11:15:23+08:00,31fb6e1a270d
2018-12-25T11:20:26+08:00,00fb291a2a0d
2018-12-25T11:25:28+08:00,fcfaf31b2f0d
2018-12-25T11:30:30+08:00,62fb4e1e2a0d
2018-12-25T11:35:34+08:00,14fcb6202a0d
2018-12-25T11:40:38+08:00,4ffca71c2a0d
2018-12-25T11:45:43+08:00,33fce319330d
2018-12-25T11:50:48+08:00,90fc4f1e490d
2018-12-25T11:55:52+08:00,a1fc7a1b370d
2018-12-25T12:00:54+08:00,74fc431a3c0d
2018-12-25T12:05:58+08:00,31fc83193c0d
2018-12-25T12:11:01+08:00,e6fb99193c0d
2018-12-25T12:16:02+08:00,9dfb301a3c0d
2018-12-25T12:21:07+08:00,5dfb591a370d
2018-12-25T12:26:08+08:00,23fb4b1a330d
2018-12-25T12:31:08+08:00,f6fa061a2f0d
2018-12-25T12:36:11+08:00,d6faae19370d
2018-12-25T12:41:16+08:00,b8fa3119330d
2018-12-25T12:46:19+08:00,95fa2f19330d
2018-12-25T12:51:23+08:00,7afa75192a0d
2018-12-25T12:56:23+08:00,65fab019270d
2018-12-25T13:01:27+08:00,50fa7f192a0d
2018-12-25T13:06:29+08:00,3efa5519270d
2018-12-25T13:11:30+08:00,2bfa7f19270d
2018-12-25T13:16:34+08:00,1bfac9191e0d
2018-12-25T13:21:37+08:00,0dfaca191e0d
2018-12-25T13:26:39+08:00,fff9a2191e0d
2018-12-25T13:31:43+08:00,f5f9bb19270d
2018-12-25T13:36:45+08:00,ebf9051a1a0d
2018-12-25T13:41:50+08:00,e2f92c1a270d
2018-12-25T13:46:52+08:00,d8f9f919160d
2018-12-25T13:51:58+08:00,d0f9f919160d
2018-12-25T13:56:59+08:00,caf92f1a1a0d
2018-12-25T14:02:00+08:00,c6f96e1a1a0d
2018-12-25T14:07:01+08:00,c0f96d1a160d
2018-12-25T14:12:02+08:00,b9f93c1a160d
2018-12-25T14:17:07+08:00,b2f9441a0d0d
2018-12-25T14:22:12+08:00,aef97a1a160d
2018-12-25T14:27:15+08:00,d1f9881b1a0d
2018-12-25T14:32:16+08:00,03fafd1c0d0d
2018-12-25T14:37:18+08:00,0cfa331b160d
2018-12-25T14:42:22+08:00,6efa9e1d160d
2018-12-25T14:47:26+08:00,89faf11e1a0d
2018-12-25T14:52:29+08:00,99fa0f1e1a0d
2018-12-25T14:57:33+08:00,8dfa311d1a0d
2018-12-25T15:02:37+08:00,72faa51c1e0d
2018-12-25T15:07:38+08:00,56fa611c1a0d
2018-12-25T15:12:39+08:00,39fa2b1c160d
2018-12-25T15:17:43+08:00,1efa051c1a0d
2018-12-25T15:22:45+08:00,07fa071c160d
2018-12-25T15:27:45+08:00,f4f9161c160d
2018-12-25T15:32:48+08:00,e2f9181c160d
2018-12-25T15:37:51+08:00,d0f9011c0d0d
2018-12-25T15:42:53+08:00,c6f91f1c160d
2018-12-25T15:47:57+08:00,f0f9ba1c160d
2018-12-25T15:52:59+08:00,5cfa571d160d
2018-12-25T15:58:00+08:00,c3fa471d160d
2018-12-25T16:03:03+08:00,21fb491d160d
2018-12-25T16:08:06+08:00,5efb961c1a0d
2018-12-25T16:13:10+08:00,6ffbbb1b1e0d
2018-12-25T16:18:13+08:00,8afbf51b1e0d
2018-12-25T16:23:15+08:00,f4fbf51b270d
2018-12-25T16:28:18+08:00,f2fbb01a270d
2018-12-25T16:33:20+08:00,c8fbea19270d
2018-12-25T16:38:20+08:00,8dfb7919270d
2018-12-25T16:43:23+08:00,57fb5b19270d
2018-12-25T16:48:25+08:00,24fb5d192a0d
2018-12-25T16:53:28+08:00,f6fa6119270d
2018-12-25T16:58:32+08:00,cafa4819270d
2018-12-25T17:03:37+08:00,a0fa5519270d
2018-12-25T17:08:39+08:00,80fa8619270d
2018-12-25T17:13:44+08:00,85fa301a270d
2018-12-25T17:18:46+08:00,82fafb19270d
2018-12-25T17:23:47+08:00,80fa241a1e0d
2018-12-25T17:28:51+08:00,85fa281a1a0d
2018-12-25T17:33:54+08:00,94fa981a1a0d
2018-12-25T17:38:55+08:00,9cfabd1a1e0d
2018-12-25T17:43:56+08:00,bdfab51a1e0d
2018-12-25T17:49:01+08:00,b5fa1f1a270d
2018-12-25T17:54:06+08:00,9bfad519270d
2018-12-25T17:59:07+08:00,7ffa90191e0d
2018-12-25T18:04:11+08:00,65fa86191a0d
2018-12-25T18:09:13+08:00,4efaa6191a0d
2018-12-25T18:14:16+08:00,37fac519270d
2018-12-25T18:19:18+08:00,3efa791a1a0d
2018-12-25T18:24:18+08:00,6efac81b160d
2018-12-25T18:29:21+08:00,cffac81d1e0d
2018-12-25T18:34:24+08:00,eafa271c1a0d
2018-12-25T18:39:26+08:00,fffac41b230d
2018-12-25T18:44:29+08:00,00fb241b1e0d
2018-12-25T18:49:33+08:00,00fb4e1b1e0d
2018-12-25T18:54:35+08:00,e7fa131a270d
2018-12-25T18:59:38+08:00,c0faa719270d
2018-12-25T19:04:40+08:00,97fabf191e0d
2018-12-25T19:09:45+08:00,73fa0f1a270d
2018-12-25T19:14:46+08:00,58fa1f1a270d
2018-12-25T19:19:50+08:00,45fa311a270d
2018-12-25T19:24:53+08:00,93fa9f1d270d
2018-12-25T19:29:56+08:00,9afa3a1c270d
2018-12-25T19:34:57+08:00,8afafc1a1e0d
2018-12-25T19:39:58+08:00,b7faf51b1e0d
2018-12-25T19:45:00+08:00,befa3c1b1e0d
2018-12-25T19:50:03+08:00,cdfa4a1b270d
2018-12-25T19:55:09+08:00,b5fa131a270d
2018-12-25T20:00:12+08:00,94fab819270d
2018-12-25T20:05:17+08:00,71fae0191e0d
2018-12-25T20:10:18+08:00,54fa241a270d
2018-12-25T20:15:19+08:00,3efa1e1a1e0d
2018-12-25T20:20:22+08:00,22fa1c1a270d
2018-12-25T20:25:26+08:00,0dfa4f1a1e0d
2018-12-25T20:30:26+08:00,fef9961a1a0d
2018-12-25T20:35:28+08:00,f0f9ad1a1a0d
2018-12-25T20:40:31+08:00,e2f99d1a1a0d
2018-12-25T20:45:36+08:00,d5f9b11a1a0d
2018-12-25T20:50:38+08:00,cbf9e21a1a0d
2018-12-25T20:55:43+08:00,c5f9f41a160d
2018-12-25T21:00:47+08:00,bbf9d71a160d
2018-12-25T21:05:51+08:00,b0f9dd1a1a0d
2018-12-25T21:10:53+08:00,abf9fd1a0d0d
2018-12-25T21:15:54+08:00,a4f91f1b160d
2018-12-25T21:20:56+08:00,9ff9021b0d0d
2018-12-25T21:25:58+08:00,98f9f31a0d0d
2018-12-25T21:31:00+08:00,92f9091b160d
2018-12-25T21:36:05+08:00,8ff92e1b0d0d
2018-12-25T21:41:09+08:00,8bf9301b160d
2018-12-25T21:46:12+08:00,85f90d1b160d
2018-12-25T21:51:14+08:00,81f9101b160d
2018-12-25T21:56:16+08:00,79f92b1b090d
2018-12-25T22:01:18+08:00,7af94b1b110d
2018-12-25T22:06:20+08:00,78f92b1b0d0d
2018-12-25T22:11:23+08:00,73f9141b090d
2018-12-25T22:16:27+08:00,72f9211b160d
2018-12-25T22:21:31+08:00,71f9421b090d
2018-12-25T22:26:36+08:00,6df9531b160d
2018-12-25T22:31:39+08:00,6af9271b050d
2018-12-25T22:36:40+08:00,66f91c1b0d0d
2018-12-25T22:41:44+08:00,65f9311b090d
2018-12-25T22:46:46+08:00,64f9551b0d0d
2018-12-25T22:51:47+08:00,63f94e1b0d0d
2018-12-25T22:56:48+08:00,5ef9281b0d0d
2018-12-25T23:01:52+08:00,5bf9251b090d
2018-12-25T23:06:54+08:00,59f9411b090d
2018-12-25T23:11:58+08:00,59f9601b090d
2018-12-25T23:17:00+08:00,57f9451b090d
2018-12-25T23:22:01+08:00,56f9211b050d
2018-12-25T23:27:03+08:00,56f9291b050d
2018-12-25T23:32:06+08:00,55f9471b050d
2018-12-25T23:37:08+08:00,53f95b1b090d
2018-12-25T23:42:09+08:00,52f9321b050d
2018-12-25T23:47:10+08:00,4ff9181b050d
2018-12-25T23:52:13+08:00,4df9281b090d
2018-12-25T23:57:14+08:00,4df9491b090d
2018-12-26T00:02:15+08:00,4cf9581b090d
2018-12-26T00:07:20+08:00,4df92e1b090d
2018-12-26T00:12:21+08:00,4af9191b090d
2018-12-26T00:17:22+08:00,48f92e1b0d0d
2018-12-26T00:22:25+08:00,4cf94e1b050d
2018-12-26T00:27:27+08:00,48f9581b090d
2018-12-26T00:32:28+08:00,47f9281b090d
2018-12-26T00:37:31+08:00,46f91b1b090d
2018-12-26T00:42:34+08:00,44f9331b050d
2018-12-26T00:47:34+08:00,45f9541b0e0d
2018-12-26T00:52:39+08:00,45f94d1b110d
2018-12-26T00:57:40+08:00,44f9221b0d0d
2018-12-26T01:02:44+08:00,41f91c1b090d
2018-12-26T01:07:44+08:00,41f9361b050d
2018-12-26T01:12:46+08:00,41f9581b050d
2018-12-26T01:17:47+08:00,40f9481b050d
2018-12-26T01:22:49+08:00,41f91e1b050d
2018-12-26T01:27:52+08:00,3ef91d1b090d
2018-12-26T01:32:55+08:00,40f9371b0e0d
2018-12-26T01:37:55+08:00,3ff9581b050d
2018-12-26T01:42:57+08:00,3ff93d1b090d
2018-12-26T01:47:58+08:00,3ff9141b090d
2018-12-26T01:53:02+08:00,3df91a1b050d
2018-12-26T01:58:04+08:00,3cf9371b0e0d
2018-12-26T02:03:07+08:00,3cf9541b0e0d
2018-12-26T02:08:09+08:00,3df9311b050d
2018-12-26T02:13:13+08:00,3af9101b050d
2018-12-26T02:18:14+08:00,3bf91b1b050d
2018-12-26T02:23:19+08:00,3df93b1b050d
2018-12-26T02:28:22+08:00,3bf9521b050d
2018-12-26T02:33:27+08:00,3bf9261b090d
2018-12-26T02:38:28+08:00,3bf90e1b0d0d
2018-12-26T02:43:30+08:00,3bf91b1b050d
2018-12-26T02:48:33+08:00,39f93f1b050d
2018-12-26T02:53:35+08:00,3cf94e1b050d
2018-12-26T02:58:40+08:00,39f9201b110d
2018-12-26T03:03:44+08:00,38f90a1b090d
2018-12-26T03:08:47+08:00,37f91e1b0d0d
2018-12-26T03:13:48+08:00,37f9401b090d
2018-12-26T03:18:48+08:00,38f94c1b090d
2018-12-26T03:23:52+08:00,38f91f1b090d
2018-12-26T03:28:58+08:00,35f90e1b050d
2018-12-26T03:34:02+08:00,34f9211b0e0d
2018-12-26T03:39:02+08:00,38f9441b050d
2018-12-26T03:44:02+08:00,38f9441b0e0d
2018-12-26T03:49:06+08:00,36f9111b0e0d
2018-12-26T03:54:10+08:00,35f9091b090d
2018-12-26T03:59:13+08:00,31f9211b050d
2018-12-26T04:04:16+08:00,36f9461b0d0d
2018-12-26T04:09:20+08:00,34f93b1b050d
2018-12-26T04:14:25+08:00,35f90a1b090d
2018-12-26T04:19:30+08:00,32f9081b050d
2018-12-26T04:24:34+08:00,35f9211b0e0d
2018-12-26T04:29:38+08:00,35f9461b0e0d
2018-12-26T04:34:42+08:00,32f9321b050d
2018-12-26T04:39:47+08:00,36f9051b050d
2018-12-26T04:44:49+08:00,31f9041b050d
2018-12-26T04:49:50+08:00,31f9221b0e0d
2018-12-26T04:54:53+08:00,34f9461b0e0d
2018-12-26T04:59:57+08:00,32f9271b120d
2018-12-26T05:05:00+08:00,31f9fd1a050d
2018-12-26T05:10:04+08:00,31f9011b050d
2018-12-26T05:15:07+08:00,31f9211b090d
2018-12-26T05:20:07+08:00,32f9431b0e0d
2018-12-26T05:25:08+08:00,30f9251b050d
2018-12-26T05:30:10+08:00,31f9fd1a050d
2018-12-26T05:35:12+08:00,31f9071b050d
2018-12-26T05:40:13+08:00,31f9251b050d
2018-12-26T05:45:14+08:00,35f9421b050d
2018-12-26T05:50:19+08:00,31f9191b090d
2018-12-26T05:55:22+08:00,30f9fa1a050d
2018-12-26T06:00:24+08:00,2ff9051b0d0d
2018-12-26T06:05:24+08:00,31f9261b0e0d
2018-12-26T06:10:28+08:00,32f9401b0e0d
2018-12-26T06:15:30+08:00,31f9141b050d
2018-12-26T06:20:33+08:00,30f9f31a050d
2018-12-26T06:25:35+08:00,31f9fe1a0e0d
2018-12-26T06:30:38+08:00,30f9241b090d
2018-12-26T06:35:41+08:00,31f93b1b090d
2018-12-26T06:40:46+08:00,31f9071b160d
2018-12-26T06:45:48+08:00,30f9ec1a0e0d
2018-12-26T06:50:52+08:00,2ef9fc1a050d
2018-12-26T06:55:54+08:00,31f9211b050d
2018-12-26T07:00:55+08:00,31f9331b120d
2018-12-26T07:05:58+08:00,30f9001b0d0d
2018-12-26T07:11:02+08:00,32f9e51a050d
2018-12-26T07:16:03+08:00,30f9f51a050d
2018-12-26T07:21:04+08:00,31f91b1b050d
2018-12-26T07:26:06+08:00,31f92e1b0d0d
2018-12-26T07:31:09+08:00,31f9fa1a090d
2018-12-26T07:36:12+08:00,30f9e61a050d
2018-12-26T07:41:14+08:00,30f9f71a050d
2018-12-26T07:46:16+08:00,31f91f1b0e0d
2018-12-26T07:51:18+08:00,30f91f1b050d
2018-12-26T07:56:20+08:00,31f9e71a0d0d
2018-12-26T08:01:23+08:00,30f9df1a090d
2018-12-26T08:06:27+08:00,30f9001b050d
2018-12-26T08:11:31+08:00,31f9271b050d
2018-12-26T08:16:36+08:00,31f9181b090d
2018-12-26T08:21:37+08:00,31f9e31a050d
2018-12-26T08:26:38+08:00,30f9de1a050d
2018-12-26T08:31:42+08:00,30f9f41a050d
2018-12-26T08:36:46+08:00,30f9211b050d
2018-12-26T08:41:49+08:00,30f9121b050d
2018-12-26T08:46:54+08:00,41f9681b050d
2018-12-26T08:51:58+08:00,61f96b1c050d
2018-12-26T08:57:01+08:00,68f9cd1b050d
2018-12-26T09:02:02+08:00,6af9591b050d
2018-12-26T09:07:03+08:00,66f9d81a0d0d
2018-12-26T09:12:06+08:00,77f90e1b0d0d
2018-12-26T09:17:07+08:00,07fada1e050d
2018-12-26T09:22:10+08:00,abfa9820090d
2018-12-26T09:27:12+08:00,d3fae21e160d
2018-12-26T09:32:17+08:00,a2fb2a211a0d
2018-12-26T09:37:21+08:00,e5fb281f1e0d
2018-12-26T09:42:25+08:00,e2fbe81d270d
2018-12-26T09:47:29+08:00,23fc2f1e2a0d
2018-12-26T09:52:33+08:00,12fc1a1c2a0d
2018-12-26T09:57:36+08:00,e1fb4a1b2a0d
2018-12-26T10:02:38+08:00,dffb5b1d330d
2018-12-26T10:07:39+08:00,f0fb4f1c3c0d
2018-12-26T10:12:42+08:00,c6fbb21a2a0d
2018-12-26T10:17:44+08:00,93fb2c1a330d
2018-12-26T10:22:49+08:00,4dfb091a330d
2018-12-26T10:27:50+08:00,5efb911c370d
2018-12-26T10:32:53+08:00,75fb931c330d
2018-12-26T10:37:57+08:00,62fb2b1b2a0d
2018-12-26T10:42:59+08:00,81fb2f1c3c0d
2018-12-26T10:48:01+08:00,6dfbf71a2a0d
2018-12-26T10:53:04+08:00,4afb6c1a2f0d
2018-12-26T10:58:08+08:00,1efbd0192f0d
2018-12-26T11:03:10+08:00,2ffb611b2a0d
2018-12-26T11:08:10+08:00,30fbf11a2a0d
2018-12-26T11:13:12+08:00,63fbba1c2a0d
2018-12-26T11:18:15+08:00,70fb2b1b370d
2018-12-26T11:23:16+08:00,a3fb651c2a0d
2018-12-26T11:28:20+08:00,d9fb091b330d
2018-12-26T11:33:21+08:00,bafbe918370d
2018-12-26T11:38:26+08:00,85fba218330d
2018-12-26T11:43:26+08:00,82fb0a1b370d
2018-12-26T11:48:29+08:00,7bfb8e19370d
2018-12-26T11:53:30+08:00,57fb8e18330d
2018-12-26T11:58:31+08:00,22fb4f182a0d
2018-12-26T12:03:32+08:00,f8faad182a0d
2018-12-26T12:08:37+08:00,d8fa12192a0d
2018-12-26T12:13:39+08:00,bafaf7182a0d
2018-12-26T12:18:41+08:00,9cfaf2182a0d
2018-12-26T12:23:42+08:00,83fa1019270d
2018-12-26T12:28:45+08:00,62fa6e19270d
2018-12-26T12:33:47+08:00,53faa019270d
2018-12-26T12:38:50+08:00,3cfa92191e0d
2018-12-26T12:43:51+08:00,2afab6191e0d
2018-12-26T12:48:54+08:00,1dfad6191e0d
2018-12-26T12:53:58+08:00,13fae2191a0d
2018-12-26T12:58:59+08:00,03fac5191a0d
2018-12-26T13:04:01+08:00,f8f9c7191a0d
2018-12-26T13:09:03+08:00,eef9e219160d
2018-12-26T13:14:04+08:00,e5f9041a160d
2018-12-26T13:19:09+08:00,dcf9f7191a0d
2018-12-26T13:24:13+08:00,d2f9dc19160d
2018-12-26T13:29:16+08:00,e0f9fa1a160d
2018-12-26T13:34:17+08:00,4efaf31d160d
2018-12-26T13:39:19+08:00,7dfa4c1c160d
2018-12-26T13:44:21+08:00,98fabe1b1a0d
2018-12-26T13:49:24+08:00,a1fa541a1e0d
2018-12-26T13:54:25+08:00,95faad191a0d
2018-12-26T13:59:28+08:00,82fa45191e0d
2018-12-26T14:04:30+08:00,68fafb18160d
2018-12-26T14:09:31+08:00,55faf3181e0d
2018-12-26T14:14:33+08:00,4efaa4191e0d
2018-12-26T14:19:38+08:00,6efad71a1e0d
2018-12-26T14:24:39+08:00,e1fae81d1a0d
2018-12-26T14:29:43+08:00,26fb721b1e0d
2018-12-26T14:34:44+08:00,17fb4319270d
2018-12-26T14:39:46+08:00,60fba61b270d
2018-12-26T14:44:47+08:00,85fb4e1a270d
2018-12-26T14:49:47+08:00,80fb3e192a0d
2018-12-26T14:54:53+08:00,d5fb871c2a0d
2018-12-26T14:59:56+08:00,20fc1e1d2a0d
2018-12-26T15:05:00+08:00,81fc4a1e2f0d
2018-12-26T15:10:05+08:00,6efc881b370d
2018-12-26T15:15:07+08:00,20fd75203c0d
2018-12-26T15:20:08+08:00,5efd671d490d
2018-12-26T15:25:13+08:00,3afd691b380d
2018-12-26T15:30:17+08:00,15fdd21b460d
2018-12-26T15:35:21+08:00,68fd1520460d
2018-12-26T15:40:25+08:00,a8fd6f1f460d
2018-12-26T15:45:27+08:00,9dfdc91d460d
2018-12-26T15:50:28+08:00,8dfdac1e460d
2018-12-26T15:55:28+08:00,91fd311c460d
2018-12-26T16:00:30+08:00,48fdc01a460d
2018-12-26T16:05:32+08:00,e5fc631a4e0d
2018-12-26T16:10:35+08:00,75fc9f1a460d
2018-12-26T16:15:40+08:00,50fce61b460d
2018-12-26T16:20:43+08:00,1afc271b460d
2018-12-26T16:25:48+08:00,d9fbfa1a460d
2018-12-26T16:30:50+08:00,9bfbd51a490d
2018-12-26T16:35:52+08:00,5ffbc01a3c0d
2018-12-26T16:40:56+08:00,29fbe81a3c0d
2018-12-26T16:46:01+08:00,18fb0a1c3c0d
2018-12-26T16:51:04+08:00,f8fa881b330d
2018-12-26T16:56:08+08:00,22fb101e2a0d
2018-12-26T17:01:08+08:00,38fb771e2a0d
2018-12-26T17:06:09+08:00,2efbb01d370d
2018-12-26T17:11:13+08:00,15fb0e1d270d
2018-12-26T17:16:17+08:00,0bfb2f1d2a0d
2018-12-26T17:21:19+08:00,2dfb741e270d
2018-12-26T17:26:21+08:00,28fb791d2a0d
2018-12-26T17:31:23+08:00,15fbfd1c2a0d
2018-12-26T17:36:28+08:00,45fbd01e2a0d
2018-12-26T17:41:31+08:00,60fb9d1e2a0d
2018-12-26T17:46:35+08:00,6bfbbe1d2a0d
2018-12-26T17:51:39+08:00,94fb861e270d
2018-12-26T17:56:41+08:00,f2fbb41f270d
2018-12-26T18:01:42+08:00,f3fb1d1d2a0d
2018-12-26T18:06:44+08:00,d4fb251c2a0d
2018-12-26T18:11:46+08:00,adfb241c2f0d
2018-12-26T18:16:50+08:00,a5fb411d330d
2018-12-26T18:21:51+08:00,8bfb771c330d
2018-12-26T18:26:53+08:00,66fbfa1b370d
2018-12-26T18:31:56+08:00,3cfbbb1b2a0d
2018-12-26T18:36:58+08:00,19fbb71b2a0d
2018-12-26T18:42:01+08:00,fbfad81b2a0d
2018-12-26T18:47:04+08:00,dafae11b2a0d
2018-12-26T18:52:07+08:00,c3fadf1b270d
2018-12-26T18:57:09+08:00,adfafc1b270d
2018-12-26T19:02:14+08:00,9bfa2a1c1e0d
2018-12-26T19:07:18+08:00,88fa2c1c270d
2018-12-26T19:12:22+08:00,80fa531c270d
2018-12-26T19:17:26+08:00,c6faaf1e270d
2018-12-26T19:22:27+08:00,f2fab81e1e0d
2018-12-26T19:27:30+08:00,f7fa441d270d
2018-12-26T19:32:35+08:00,e6fa461c270d
2018-12-26T19:37:38+08:00,d2fa091c270d
2018-12-26T19:42:39+08:00,bafa241c270d
2018-12-26T19:47:44+08:00,a4fa101c270d
2018-12-26T19:52:46+08:00,8cfa001c270d
2018-12-26T19:57:50+08:00,79fa1c1c1e0d
2018-12-26T20:02:50+08:00,6bfa471c1a0d
2018-12-26T20:07:55+08:00,5afa581c1e0d
2018-12-26T20:12:56+08:00,49fa4a1c1e0d
2018-12-26T20:18:00+08:00,3afa591c1a0d
2018-12-26T20:23:02+08:00,31fa791c1a0d
2018-12-26T20:28:05+08:00,28fa931c160d
2018-12-26T20:33:08+08:00,1afa851c1a0d
2018-12-26T20:38:11+08:00,10fa861c160d
2018-12-26T20:43:13+08:00,0afa9f1c1e0d
2018-12-26T20:48:13+08:00,03fab81c160d
2018-12-26T20:53:16+08:00,f9f9ad1c1a0d
2018-12-26T20:58:18+08:00,f2f99f1c1a0d
2018-12-26T21:03:22+08:00,edf9ac1c160d
2018-12-26T21:08:27+08:00,e8f9c41c160d
2018-12-26T21:13:27+08:00,f0f9fc1c160d
2018-12-26T21:18:28+08:00,17fa571e160d
2018-12-26T21:23:29+08:00,1cfadb1d160d
2018-12-26T21:28:30+08:00,18fa5b1d1a0d
2018-12-26T21:33:33+08:00,13fa101d1a0d
2018-12-26T21:38:35+08:00,07fabd1c1a0d
2018-12-26T21:43:39+08:00,27fab01d160d
2018-12-26T21:48:43+08:00,43fa411e160d
2018-12-26T21:53:48+08:00,49fa8e1d160d
2018-12-26T21:58:49+08:00,44face1c160d
2018-12-26T22:03:53+08:00,76fa7e1d160d
2018-12-26T22:08:54+08:00,8afa211c160d
2018-12-26T22:13:56+08:00,cffad51c160d
2018-12-26T22:18:59+08:00,f2faea1a160d
2018-12-26T22:24:04+08:00,e6fa7919270d
2018-12-26T22:29:05+08:00,c9fadf181e0d
2018-12-26T22:34:06+08:00,abfac9181e0d
2018-12-26T22:39:09+08:00,8bfafe18270d
2018-12-26T22:44:11+08:00,6ffa1e191e0d
2018-12-26T22:49:16+08:00,55fa0f191a0d
2018-12-26T22:54:18+08:00,3ffa58191e0d
2018-12-26T22:59:21+08:00,2bfabf19270d
2018-12-26T23:04:22+08:00,1dfae019160d
2018-12-26T23:09:26+08:00,0efab5191e0d
2018-12-26T23:14:28+08:00,fdf9d9191a0d
2018-12-26T23:19:30+08:00,f1f9291a160d
2018-12-26T23:24:31+08:00,eaf9661a160d
2018-12-26T23:29:31+08:00,dff9461a160d
2018-12-26T23:34:34+08:00,d2f9411a160d
2018-12-26T23:39:38+08:00,cbf97d1a160d
2018-12-26T23:44:42+08:00,c1f9c01a160d
2018-12-26T23:49:45+08:00,bcf9b01a160d
2018-12-26T23:54:49+08:00,b3f98a1a160d
2018-12-26T23:59:51+08:00,aef9a91a0d0d
2018-12-27T00:04:53+08:00,abf9e61a110d
2018-12-27T00:09:54+08:00,a5f9041b160d
2018-12-27T00:14:59+08:00,a0f9d51a090d
2018-12-27T00:20:03+08:00,98f9ca1a0d0d
2018-12-27T00:25:07+08:00,94f9f41a090d
2018-12-27T00:30:08+08:00,91f9271b0d0d
2018-12-27T00:35:12+08:00,91f9151b0d0d
2018-12-27T00:40:16+08:00,8bf9d91a0d0d
2018-12-27T00:45:18+08:00,86f9e11a0d0d
2018-12-27T00:50:21+08:00,82f9071b050d
2018-12-27T00:55:23+08:00,80f9311b090d
2018-12-27T01:00:24+08:00,7ff9071b0d0d
2018-12-27T01:05:27+08:00,79f9da1a090d
2018-12-27T01:10:28+08:00,76f9eb1a050d
2018-12-27T01:15:31+08:00,75f9191b090d
2018-12-27T01:20:33+08:00,73f9321b090d
2018-12-27T01:25:34+08:00,71f9fa1a050d
2018-12-27T01:30:35+08:00,6df9e41a0d0d
2018-12-27T01:35:39+08:00,6af9011b090d
2018-12-27T01:40:41+08:00,6af9311b0d0d
2018-12-27T01:45:44+08:00,68f9321b0d0d
2018-12-27T01:50:48+08:00,66f9f71a090d
2018-12-27T01:55:50+08:00,63f9ef1a050d
2018-12-27T02:00:53+08:00,61f9121b090d
2018-12-27T02:05:55+08:00,5ef9411b050d
2018-12-27T02:10:56+08:00,62f92c1b050d
2018-12-27T02:15:58+08:00,5cf9f51a050d
2018-12-27T02:21:03+08:00,5af9f61a090d
2018-12-27T02:26:06+08:00,5af91f1b050d
2018-12-27T02:31:06+08:00,59f9481b090d
2018-12-27T02:36:09+08:00,58f9231b0d0d
2018-12-27T02:41:10+08:00,58f9f31a050d
2018-12-27T02:46:15+08:00,53f9fb1a050d
2018-12-27T02:51:16+08:00,53f9271b050d
2018-12-27T02:56:19+08:00,56f94e1b090d
2018-12-27T03:01:21+08:00,55f91b1b090d
2018-12-27T03:06:26+08:00,53f9ed1a050d
2018-12-27T03:11:28+08:00,4ff9fd1a050d
2018-12-27T03:16:29+08:00,4ff9281b050d
2018-12-27T03:21:33+08:00,50f9481b090d
2018-12-27T03:26:35+08:00,4ff90e1b050d
2018-12-27T03:31:37+08:00,4ff9ed1a090d
2018-12-27T03:36:41+08:00,4df9041b050d
2018-12-27T03:41:45+08:00,4df92f1b050d
2018-12-27T03:46:49+08:00,4cf9441b050d
2018-12-27T03:51:51+08:00,50f9011b090d
2018-12-27T03:56:53+08:00,4bf9e41a090d
2018-12-27T04:01:55+08:00,48f9001b050d
2018-12-27T04:06:59+08:00,4af9311b050d
2018-12-27T04:12:02+08:00,4af93a1b0d0d
2018-12-27T04:17:06+08:00,4df9f51a050d
2018-12-27T04:22:09+08:00,47f9e11a050d
2018-12-27T04:27:13+08:00,48f9031b090d
2018-12-27T04:32:15+08:00,48f9331b090d
2018-12-27T04:37:20+08:00,4af92f1b050d
2018-12-27T04:42:22+08:00,48f9eb1a050d
2018-12-27T04:47:22+08:00,49f9e01a050d
2018-12-27T04:52:27+08:00,48f9031b050d
2018-12-27T04:57:29+08:00,48f9341b050d
2018-12-27T05:02:34+08:00,49f91e1b050d
2018-12-27T05:07:38+08:00,49f9db1a050d
2018-12-27T05:12:40+08:00,48f9da1a050d
2018-12-27T05:17:43+08:00,46f9fe1a090d
2018-12-27T05:22:47+08:00,48f9281b050d
2018-12-27T05:27:49+08:00,48f9011b090d
2018-12-27T05:32:50+08:00,4af9cd1a050d
2018-12-27T05:37:53+08:00,47f9d71a0e0d
2018-12-27T05:42:57+08:00,48f9041b050d
2018-12-27T05:47:57+08:00,4af92b1b050d
2018-12-27T05:52:58+08:00,4af9f11a050d
2018-12-27T05:58:00+08:00,48f9c31a090d
2018-12-27T06:03:03+08:00,47f9d71a050d
2018-12-27T06:08:05+08:00,49f9051b050d
2018-12-27T06:13:10+08:00,4af91b1b050d
2018-12-27T06:18:11+08:00,4af9d71a050d
2018-12-27T06:23:14+08:00,48f9bb1a050d
2018-12-27T06:28:18+08:00,47f9db1a050d
2018-12-27T06:33:23+08:00,48f90f1b050d
2018-12-27T06:38:27+08:00,48f90a1b050d
2018-12-27T06:43:31+08:00,48f9c21a090d
2018-12-27T06:48:35+08:00,48f9b51a050d
2018-12-27T06:53:36+08:00,47f9de1a090d
2018-12-27T06:58:38+08:00,49f9111b050d
2018-12-27T07:03:41+08:00,4af9f11a0e0d
2018-12-27T07:08:45+08:00,4af9b01a050d
2018-12-27T07:13:49+08:00,48f9b51a050d
2018-12-27T07:18:53+08:00,48f9e51a090d
2018-12-27T07:23:57+08:00,48f90a1b050d
2018-12-27T07:29:02+08:00,49f9d31a050d
2018-12-27T07:34:07+08:00,4af9a71a050d
2018-12-27T07:39:09+08:00,47f9bf1a0e0d
2018-12-27T07:44:12+08:00,48f9f21a0d0d
2018-12-27T07:49:13+08:00,4af9041b050d
2018-12-27T07:54:17+08:00,4af9bc1a050d
2018-12-27T07:59:21+08:00,48f9a21a090d
2018-12-27T08:04:25+08:00,47f9bf1a0e0d
2018-12-27T08:09:30+08:00,48f9f71a050d
2018-12-27T08:14:31+08:00,4af9f51a050d
2018-12-27T08:19:36+08:00,4af9a91a0e0d
2018-12-27T08:24:40+08:00,49f99d1a090d
2018-12-27T08:29:42+08:00,4af9c51a050d
2018-12-27T08:34:45+08:00,49f9fc1a090d
2018-12-27T08:39:48+08:00,4ef9da1a050d
2018-12-27T08:44:51+08:00,a2f9771d050d
2018-12-27T08:49:56+08:00,c1f9be1d050d
2018-12-27T08:55:00+08:00,d0f90a1d050d
2018-12-27T09:00:03+08:00,1bfa891e110d
2018-12-27T09:05:04+08:00,49fa0b1e0d0d
2018-12-27T09:10:09+08:00,84fa351e0d0d
2018-12-27T09:15:11+08:00,abfac31d160d
2018-12-27T09:20:15+08:00,a0fa651c160d
2018-12-27T09:25:17+08:00,89fa7f1b1a0d
2018-12-27T09:30:22+08:00,74fa511b1a0d
2018-12-27T09:35:23+08:00,67fa671b160d
2018-12-27T09:40:26+08:00,54fa6b1b160d
2018-12-27T09:45:31+08:00,42fa471b1a0d
2018-12-27T09:50:34+08:00,31fa451b160d
2018-12-27T09:55:39+08:00,25fa651b160d
2018-12-27T10:00:43+08:00,16fa781b160d
2018-12-27T10:05:46+08:00,22fad21b160d
2018-12-27T10:10:47+08:00,70faf51d160d
2018-12-27T10:15:50+08:00,85faab1c160d
2018-12-27T10:20:52+08:00,8bfabc1b160d
2018-12-27T10:25:54+08:00,d4faad1c1a0d
2018-12-27T10:30:55+08:00,d3fa901a1a0d
2018-12-27T10:35:58+08:00,c0faca191e0d
2018-12-27T10:40:59+08:00,d4fa9c1b1e0d
2018-12-27T10:45:59+08:00,ebfa611b1e0d
2018-12-27T10:51:04+08:00,d8fad219270d
2018-12-27T10:56:06+08:00,f6fa301b270d
2018-12-27T11:01:11+08:00,20fb5d1b270d
2018-12-27T11:06:13+08:00,0dfb8e19270d
2018-12-27T11:11:17+08:00,ecfae718270d
2018-12-27T11:16:18+08:00,cffa0e191e0d
2018-12-27T11:21:21+08:00,b3fa5f19270d
2018-12-27T11:26:24+08:00,97fa5619270d
2018-12-27T11:31:26+08:00,7dfa7319270d
2018-12-27T11:36:28+08:00,65fab419270d
2018-12-27T11:41:32+08:00,56fae519270d
2018-12-27T11:46:34+08:00,44fab8191a0d
2018-12-27T11:51:39+08:00,36fa9819270d
2018-12-27T11:56:40+08:00,2bfaac191a0d
2018-12-27T12:01:45+08:00,1ffad9191a0d
2018-12-27T12:06:49+08:00,16fabd19160d
2018-12-27T12:11:52+08:00,0bfa9719160d
2018-12-27T12:16:53+08:00,0dfa0b1a1a0d
2018-12-27T12:21:55+08:00,22fabd1b160d
2018-12-27T12:26:57+08:00,47fac01c160d
2018-12-27T12:32:00+08:00,50fab11b160d
2018-12-27T12:37:03+08:00,48faf11a160d
2018-12-27T12:42:05+08:00,46fab61a160d
2018-12-27T12:47:08+08:00,64fa131c160d
2018-12-27T12:52:13+08:00,62fa1e1b1a0d
2018-12-27T12:57:17+08:00,58faad1a160d
2018-12-27T13:02:21+08:00,4afa871a1a0d
2018-12-27T13:07:25+08:00,3cfa531a1a0d
2018-12-27T13:12:27+08:00,2cfa061a1a0d
2018-12-27T13:17:31+08:00,1ffaf619160d
2018-12-27T13:22:32+08:00,17fa0f1a160d
2018-12-27T13:27:33+08:00,0dfa171a160d
2018-12-27T13:32:38+08:00,04fae019160d
2018-12-27T13:37:40+08:00,f9f9db19160d
2018-12-27T13:42:44+08:00,f2f9f319110d
2018-12-27T13:47:45+08:00,ecf9101a160d
2018-12-27T13:52:45+08:00,e6f9f919160d
2018-12-27T13:57:48+08:00,def9eb19110d
2018-12-27T14:02:50+08:00,d7f9ff19160d
2018-12-27T14:07:53+08:00,d2f9281a160d
2018-12-27T14:12:54+08:00,cef9281a110d
2018-12-27T14:17:57+08:00,caf90c1a160d
2018-12-27T14:22:58+08:00,c2f9131a0d0d
2018-12-27T14:28:01+08:00,c1f92c1a0d0d
2018-12-27T14:33:04+08:00,bef9471a0d0d
2018-12-27T14:38:04+08:00,bcf9311a0d0d
2018-12-27T14:43:08+08:00,b6f9211a0d0d
2018-12-27T14:48:10+08:00,b2f9311a0d0d
2018-12-27T14:53:15+08:00,b3f9531a0d0d
2018-12-27T14:58:19+08:00,b0f9571a0d0d
2018-12-27T15:03:24+08:00,a8f93b1a0d0d
2018-12-27T15:08:26+08:00,a7f9421a0d0d
2018-12-27T15:13:30+08:00,bdf9b01a0d0d
2018-12-27T15:18:31+08:00,e8f9c01c0d0d
2018-12-27T15:23:31+08:00,f2f9361c0d0d
2018-12-27T15:28:35+08:00,eef9a31b0d0d
2018-12-27T15:33:36+08:00,e9f94b1b160d
2018-12-27T15:38:39+08:00,fff9491c110d
2018-12-27T15:43:42+08:00,fff9c31b0d0d
2018-12-27T15:48:43+08:00,fbf9021b160d
2018-12-27T15:53:44+08:00,f6f9aa1a160d
2018-12-27T15:58:45+08:00,eff9931a160d
2018-12-27T16:03:46+08:00,e6f9661a0d0d
2018-12-27T16:08:51+08:00,e1f9351a0d0d
2018-12-27T16:13:54+08:00,34fa601d160d
2018-12-27T16:18:55+08:00,62fa711d160d
2018-12-27T16:23:59+08:00,6ffa341c160d
2018-12-27T16:29:04+08:00,60fa251b160d
2018-12-27T16:34:08+08:00,52fad31a160d
2018-12-27T16:39:09+08:00,45fac71a1a0d
2018-12-27T16:44:13+08:00,36faac1a1a0d
2018-12-27T16:49:15+08:00,28fa431a160d
2018-12-27T16:54:18+08:00,1afa291a160d
2018-12-27T16:59:22+08:00,0ffa461a1a0d
2018-12-27T17:04:26+08:00,08fa5a1a160d
2018-12-27T17:09:26+08:00,fcf9271a160d
2018-12-27T17:14:29+08:00,f2f91b1a160d
2018-12-27T17:19:30+08:00,eaf93c1a0d0d
2018-12-27T17:24:35+08:00,e3f96d1a160d
2018-12-27T17:29:38+08:00,dcf96c1a160d
2018-12-27T17:34:41+08:00,d7f94f1a110d
2018-12-27T17:39:43+08:00,f8f9fa1a160d
2018-12-27T17:44:46+08:00,4afaff1d160d
2018-12-27T17:49:46+08:00,57fad71c160d
2018-12-27T17:54:50+08:00,65fabb1c110d
2018-12-27T17:59:53+08:00,cdfa9a1e1e0d
2018-12-27T18:04:58+08:00,00fbbf1b160d
2018-12-27T18:10:02+08:00,3dfb2b1b1e0d
2018-12-27T18:15:03+08:00,38fbb919270d
2018-12-27T18:20:08+08:00,84fb871a270d
2018-12-27T18:25:09+08:00,b4fb731a270d
2018-12-27T18:30:11+08:00,03fcd11c2a0d
2018-12-27T18:35:13+08:00,1cfc791c2a0d
2018-12-27T18:40:18+08:00,8efcb01c2f0d
2018-12-27T18:45:19+08:00,dffcb51b3c0d
2018-12-27T18:50:20+08:00,d6fceb16330d
2018-12-27T18:55:22+08:00,87fc66163c0d
2018-12-27T19:00:23+08:00,73fc3717380d
2018-12-27T19:05:26+08:00,2ffc8b163c0d
2018-12-27T19:10:28+08:00,19fc091a3c0d
2018-12-27T19:15:33+08:00,33fc7e1d490d
2018-12-27T19:20:34+08:00,b0fc2920490d
2018-12-27T19:25:35+08:00,f5fcb41c490d
2018-12-27T00:04:53+08:00,abf9e61a110d
2018-12-27T00:09:54+08:00,a5f9041b160d
2018-12-27T00:14:59+08:00,a0f9d51a090d
2018-12-27T00:20:03+08:00,98f9ca1a0d0d
2018-12-27T00:25:07+08:00,94f9f41a090d
2018-12-27T00:30:08+08:00,91f9271b0d0d
2018-12-27T00:35:12+08:00,91f9151b0d0d
2018-12-27T00:40:16+08:00,8bf9d91a0d0d
2018-12-27T00:45:18+08:00,86f9e11a0d0d
2018-12-27T00:50:21+08:00,82f9071b050d
2018-12-27T00:55:23+08:00,80f9311b090d
2018-12-27T01:00:24+08:00,7ff9071b0d0d
2018-12-27T01:05:27+08:00,79f9da1a090d
2018-12-27T01:10:28+08:00,76f9eb1a050d
2018-12-27T01:15:31+08:00,75f9191b090d
2018-12-27T01:20:33+08:00,73f9321b090d
2018-12-27T01:25:34+08:00,71f9fa1a050d
2018-12-27T01:30:35+08:00,6df9e41a0d0d
2018-12-27T01:35:39+08:00,6af9011b090d
2018-12-27T01:40:41+08:00,6af9311b0d0d
2018-12-27T01:45:44+08:00,68f9321b0d0d
2018-12-27T01:50:48+08:00,66f9f71a090d
2018-12-27T01:55:50+08:00,63f9ef1a050d
2018-12-27T02:00:53+08:00,61f9121b090d
2018-12-27T02:05:55+08:00,5ef9411b050d
2018-12-27T02:10:56+08:00,62f92c1b050d
2018-12-27T02:15:58+08:00,5cf9f51a050d
2018-12-27T02:21:03+08:00,5af9f61a090d
2018-12-27T02:26:06+08:00,5af91f1b050d
2018-12-27T02:31:06+08:00,59f9481b090d
2018-12-27T02:36:09+08:00,58f9231b0d0d
2018-12-27T02:41:10+08:00,58f9f31a050d
2018-12-27T02:46:15+08:00,53f9fb1a050d
2018-12-27T02:51:16+08:00,53f9271b050d
2018-12-27T02:56:19+08:00,56f94e1b090d
2018-12-27T03:01:21+08:00,55f91b1b090d
2018-12-27T03:06:26+08:00,53f9ed1a050d
2018-12-27T03:11:28+08:00,4ff9fd1a050d
2018-12-27T03:16:29+08:00,4ff9281b050d
2018-12-27T03:21:33+08:00,50f9481b090d
2018-12-27T03:26:35+08:00,4ff90e1b050d
2018-12-27T03:31:37+08:00,4ff9ed1a090d
2018-12-27T03:36:41+08:00,4df9041b050d
2018-12-27T03:41:45+08:00,4df92f1b050d
2018-12-27T03:46:49+08:00,4cf9441b050d
2018-12-27T03:51:51+08:00,50f9011b090d
2018-12-27T03:56:53+08:00,4bf9e41a090d
2018-12-27T04:01:55+08:00,48f9001b050d
2018-12-27T04:06:59+08:00,4af9311b050d
2018-12-27T04:12:02+08:00,4af93a1b0d0d
2018-12-27T04:17:06+08:00,4df9f51a050d
2018-12-27T04:22:09+08:00,47f9e11a050d
2018-12-27T04:27:13+08:00,48f9031b090d
2018-12-27T04:32:15+08:00,48f9331b090d
2018-12-27T04:37:20+08:00,4af92f1b050d
2018-12-27T04:42:22+08:00,48f9eb1a050d
2018-12-27T04:47:22+08:00,49f9e01a050d
2018-12-27T04:52:27+08:00,48f9031b050d
2018-12-27T04:57:29+08:00,48f9341b050d
2018-12-27T05:02:34+08:00,49f91e1b050d
2018-12-27T05:07:38+08:00,49f9db1a050d
2018-12-27T05:12:40+08:00,48f9da1a050d
2018-12-27T05:17:43+08:00,46f9fe1a090d
2018-12-27T05:22:47+08:00,48f9281b050d
2018-12-27T05:27:49+08:00,48f9011b090d
2018-12-27T05:32:50+08:00,4af9cd1a050d
2018-12-27T05:37:53+08:00,47f9d71a0e0d
2018-12-27T05:42:57+08:00,48f9041b050d
2018-12-27T05:47:57+08:00,4af92b1b050d
2018-12-27T05:52:58+08:00,4af9f11a050d
2018-12-27T05:58:00+08:00,48f9c31a090d
2018-12-27T06:03:03+08:00,47f9d71a050d
2018-12-27T06:08:05+08:00,49f9051b050d
2018-12-27T06:13:10+08:00,4af91b1b050d
2018-12-27T06:18:11+08:00,4af9d71a050d
2018-12-27T06:23:14+08:00,48f9bb1a050d
2018-12-27T06:28:18+08:00,47f9db1a050d
2018-12-27T06:33:23+08:00,48f90f1b050d
2018-12-27T06:38:27+08:00,48f90a1b050d
2018-12-27T06:43:31+08:00,48f9c21a090d
2018-12-27T06:48:35+08:00,48f9b51a050d
2018-12-27T06:53:36+08:00,47f9de1a090d
2018-12-27T06:58:38+08:00,49f9111b050d
2018-12-27T07:03:41+08:00,4af9f11a0e0d
2018-12-27T07:08:45+08:00,4af9b01a050d
2018-12-27T07:13:49+08:00,48f9b51a050d
2018-12-27T07:18:53+08:00,48f9e51a090d
2018-12-27T07:23:57+08:00,48f90a1b050d
2018-12-27T07:29:02+08:00,49f9d31a050d
2018-12-27T07:34:07+08:00,4af9a71a050d
2018-12-27T07:39:09+08:00,47f9bf1a0e0d
2018-12-27T07:44:12+08:00,48f9f21a0d0d
2018-12-27T07:49:13+08:00,4af9041b050d
2018-12-27T07:54:17+08:00,4af9bc1a050d
2018-12-27T07:59:21+08:00,48f9a21a090d
2018-12-27T08:04:25+08:00,47f9bf1a0e0d
2018-12-27T08:09:30+08:00,48f9f71a050d
2018-12-27T08:14:31+08:00,4af9f51a050d
2018-12-27T08:19:36+08:00,4af9a91a0e0d
2018-12-27T08:24:40+08:00,49f99d1a090d
2018-12-27T08:29:42+08:00,4af9c51a050d
2018-12-27T08:34:45+08:00,49f9fc1a090d
2018-12-27T08:39:48+08:00,4ef9da1a050d
2018-12-27T08:44:51+08:00,a2f9771d050d
2018-12-27T08:49:56+08:00,c1f9be1d050d
2018-12-27T08:55:00+08:00,d0f90a1d050d
2018-12-27T09:00:03+08:00,1bfa891e110d
2018-12-27T09:05:04+08:00,49fa0b1e0d0d
2018-12-27T09:10:09+08:00,84fa351e0d0d
2018-12-27T09:15:11+08:00,abfac31d160d
2018-12-27T09:20:15+08:00,a0fa651c160d
2018-12-27T09:25:17+08:00,89fa7f1b1a0d
2018-12-27T09:30:22+08:00,74fa511b1a0d
2018-12-27T09:35:23+08:00,67fa671b160d
2018-12-27T09:40:26+08:00,54fa6b1b160d
2018-12-27T09:45:31+08:00,42fa471b1a0d
2018-12-27T09:50:34+08:00,31fa451b160d
2018-12-27T09:55:39+08:00,25fa651b160d
2018-12-27T10:00:43+08:00,16fa781b160d
2018-12-27T10:05:46+08:00,22fad21b160d
2018-12-27T10:10:47+08:00,70faf51d160d
2018-12-27T10:15:50+08:00,85faab1c160d
2018-12-27T10:20:52+08:00,8bfabc1b160d
2018-12-27T10:25:54+08:00,d4faad1c1a0d
2018-12-27T10:30:55+08:00,d3fa901a1a0d
2018-12-27T10:35:58+08:00,c0faca191e0d
2018-12-27T10:40:59+08:00,d4fa9c1b1e0d
2018-12-27T10:45:59+08:00,ebfa611b1e0d
2018-12-27T10:51:04+08:00,d8fad219270d
2018-12-27T10:56:06+08:00,f6fa301b270d
2018-12-27T11:01:11+08:00,20fb5d1b270d
2018-12-27T11:06:13+08:00,0dfb8e19270d
2018-12-27T11:11:17+08:00,ecfae718270d
2018-12-27T11:16:18+08:00,cffa0e191e0d
2018-12-27T11:21:21+08:00,b3fa5f19270d
2018-12-27T11:26:24+08:00,97fa5619270d
2018-12-27T11:31:26+08:00,7dfa7319270d
2018-12-27T11:36:28+08:00,65fab419270d
2018-12-27T11:41:32+08:00,56fae519270d
2018-12-27T11:46:34+08:00,44fab8191a0d
2018-12-27T11:51:39+08:00,36fa9819270d
2018-12-27T11:56:40+08:00,2bfaac191a0d
2018-12-27T12:01:45+08:00,1ffad9191a0d
2018-12-27T12:06:49+08:00,16fabd19160d
2018-12-27T12:11:52+08:00,0bfa9719160d
2018-12-27T12:16:53+08:00,0dfa0b1a1a0d
2018-12-27T12:21:55+08:00,22fabd1b160d
2018-12-27T12:26:57+08:00,47fac01c160d
2018-12-27T12:32:00+08:00,50fab11b160d
2018-12-27T12:37:03+08:00,48faf11a160d
2018-12-27T12:42:05+08:00,46fab61a160d
2018-12-27T12:47:08+08:00,64fa131c160d
2018-12-27T12:52:13+08:00,62fa1e1b1a0d
2018-12-27T12:57:17+08:00,58faad1a160d
2018-12-27T13:02:21+08:00,4afa871a1a0d
2018-12-27T13:07:25+08:00,3cfa531a1a0d
2018-12-27T13:12:27+08:00,2cfa061a1a0d
2018-12-27T13:17:31+08:00,1ffaf619160d
2018-12-27T13:22:32+08:00,17fa0f1a160d
2018-12-27T13:27:33+08:00,0dfa171a160d
2018-12-27T13:32:38+08:00,04fae019160d
2018-12-27T13:37:40+08:00,f9f9db19160d
2018-12-27T13:42:44+08:00,f2f9f319110d
2018-12-27T13:47:45+08:00,ecf9101a160d
2018-12-27T13:52:45+08:00,e6f9f919160d
2018-12-27T13:57:48+08:00,def9eb19110d
2018-12-27T14:02:50+08:00,d7f9ff19160d
2018-12-27T14:07:53+08:00,d2f9281a160d
2018-12-27T14:12:54+08:00,cef9281a110d
2018-12-27T14:17:57+08:00,caf90c1a160d
2018-12-27T14:22:58+08:00,c2f9131a0d0d
2018-12-27T14:28:01+08:00,c1f92c1a0d0d
2018-12-27T14:33:04+08:00,bef9471a0d0d
2018-12-27T14:38:04+08:00,bcf9311a0d0d
2018-12-27T14:43:08+08:00,b6f9211a0d0d
2018-12-27T14:48:10+08:00,b2f9311a0d0d
2018-12-27T14:53:15+08:00,b3f9531a0d0d
2018-12-27T14:58:19+08:00,b0f9571a0d0d
2018-12-27T15:03:24+08:00,a8f93b1a0d0d
2018-12-27T15:08:26+08:00,a7f9421a0d0d
2018-12-27T15:13:30+08:00,bdf9b01a0d0d
2018-12-27T15:18:31+08:00,e8f9c01c0d0d
2018-12-27T15:23:31+08:00,f2f9361c0d0d
2018-12-27T15:28:35+08:00,eef9a31b0d0d
2018-12-27T15:33:36+08:00,e9f94b1b160d
2018-12-27T15:38:39+08:00,fff9491c110d
2018-12-27T15:43:42+08:00,fff9c31b0d0d
2018-12-27T15:48:43+08:00,fbf9021b160d
2018-12-27T15:53:44+08:00,f6f9aa1a160d
2018-12-27T15:58:45+08:00,eff9931a160d
2018-12-27T16:03:46+08:00,e6f9661a0d0d
2018-12-27T16:08:51+08:00,e1f9351a0d0d
2018-12-27T16:13:54+08:00,34fa601d160d
2018-12-27T16:18:55+08:00,62fa711d160d
2018-12-27T16:23:59+08:00,6ffa341c160d
2018-12-27T16:29:04+08:00,60fa251b160d
2018-12-27T16:34:08+08:00,52fad31a160d
2018-12-27T16:39:09+08:00,45fac71a1a0d
2018-12-27T16:44:13+08:00,36faac1a1a0d
2018-12-27T16:49:15+08:00,28fa431a160d
2018-12-27T16:54:18+08:00,1afa291a160d
2018-12-27T16:59:22+08:00,0ffa461a1a0d
2018-12-27T17:04:26+08:00,08fa5a1a160d
2018-12-27T17:09:26+08:00,fcf9271a160d
2018-12-27T17:14:29+08:00,f2f91b1a160d
2018-12-27T17:19:30+08:00,eaf93c1a0d0d
2018-12-27T17:24:35+08:00,e3f96d1a160d
2018-12-27T17:29:38+08:00,dcf96c1a160d
2018-12-27T17:34:41+08:00,d7f94f1a110d
2018-12-27T17:39:43+08:00,f8f9fa1a160d
2018-12-27T17:44:46+08:00,4afaff1d160d
2018-12-27T17:49:46+08:00,57fad71c160d
2018-12-27T17:54:50+08:00,65fabb1c110d
2018-12-27T17:59:53+08:00,cdfa9a1e1e0d
2018-12-27T18:04:58+08:00,00fbbf1b160d
2018-12-27T18:10:02+08:00,3dfb2b1b1e0d
2018-12-27T18:15:03+08:00,38fbb919270d
2018-12-27T18:20:08+08:00,84fb871a270d
2018-12-27T18:25:09+08:00,b4fb731a270d
2018-12-27T18:30:11+08:00,03fcd11c2a0d
2018-12-27T18:35:13+08:00,1cfc791c2a0d
2018-12-27T18:40:18+08:00,8efcb01c2f0d
2018-12-27T18:45:19+08:00,dffcb51b3c0d
2018-12-27T18:50:20+08:00,d6fceb16330d
2018-12-27T18:55:22+08:00,87fc66163c0d
2018-12-27T19:00:23+08:00,73fc3717380d
2018-12-27T19:05:26+08:00,2ffc8b163c0d
2018-12-27T19:10:28+08:00,19fc091a3c0d
2018-12-27T19:15:33+08:00,33fc7e1d490d
2018-12-27T19:20:34+08:00,b0fc2920490d
2018-12-27T19:25:35+08:00,f5fcb41c490d
