time,temp,humidity
2018/12/14 0:01,-20.3,0.70 
2018/12/14 0:07,-20.2,0.73 
2018/12/14 0:12,-20.4,0.67 
2018/12/14 0:17,-20.3,0.72 
2018/12/14 0:23,-20.2,0.73 
2018/12/14 0:28,-20.4,0.67 
2018/12/14 0:34,-20.3,0.71 
2018/12/14 0:40,-20.2,0.72 
2018/12/14 0:46,-20.4,0.67 
2018/12/14 0:52,-20.2,0.73 
2018/12/14 0:59,-20.3,0.68 
2018/12/14 1:04,-20.3,0.70 
2018/12/14 1:10,-20.1,0.74 
2018/12/14 1:16,-20.4,0.66 
2018/12/14 1:23,-20.3,0.71 
2018/12/14 1:29,-20.2,0.71 
2018/12/14 1:35,-20.4,0.68 
2018/12/14 1:40,-20.2,0.73 
2018/12/14 1:46,-20.3,0.68 
2018/12/14 1:53,-20.4,0.68 
2018/12/14 1:58,-20.1,0.74 
2018/12/14 2:04,-20.4,0.67 
2018/12/14 2:09,-20.3,0.70 
2018/12/14 2:16,-20.1,0.74 
2018/12/14 2:21,-20.4,0.66 
2018/12/14 2:27,-20.3,0.71 
2018/12/14 2:33,-20.2,0.74 
2018/12/14 2:39,-20.4,0.67 
2018/12/14 2:45,-20.3,0.72 
2018/12/14 2:51,-20.3,0.69 
2018/12/14 2:58,-20.4,0.68 
2018/12/14 3:03,-20.1,0.74 
2018/12/14 3:09,-20.4,0.67 
2018/12/14 3:15,-20.3,0.70 
2018/12/14 3:21,-20.2,0.73 
2018/12/14 3:26,-20.4,0.66 
2018/12/14 3:31,-20.3,0.71 
2018/12/14 3:37,-20.1,0.74 
2018/12/14 3:44,-20.4,0.66 
2018/12/14 3:50,-20.3,0.72 
2018/12/14 3:55,-20.3,0.71 
2018/12/14 4:01,-20.4,0.68 
2018/12/14 4:08,-20.2,0.73 
2018/12/14 4:13,-20.3,0.67 
2018/12/14 4:19,-20.4,0.69 
2018/12/14 4:25,-20.1,0.74 
2018/12/14 4:32,-20.4,0.67 
2018/12/14 4:38,-20.3,0.71 
2018/12/14 4:44,-20.2,0.73 
2018/12/14 4:50,-20.4,0.67 
2018/12/14 4:56,-20.2,0.73 
2018/12/14 5:01,-20.3,0.69 
2018/12/14 5:07,-20.4,0.68 
2018/12/14 5:13,-20.2,0.73 
2018/12/14 5:20,-20.3,0.68 
2018/12/14 5:25,-20.4,0.70 
2018/12/14 5:31,-20.1,0.74 
2018/12/14 5:38,-20.4,0.67 
2018/12/14 5:44,-20.3,0.71 
2018/12/14 5:51,-20.3,0.71 
2018/12/14 5:56,-20.4,0.68 
2018/12/14 6:01,-20.2,0.73 
2018/12/14 6:08,-20.3,0.69 
2018/12/14 6:13,-20.4,0.69 
2018/12/14 6:18,-20.2,0.74 
2018/12/14 6:25,-20.4,0.68 
2018/12/14 6:31,-20.4,0.70 
2018/12/14 6:37,-20.1,0.74 
2018/12/14 6:44,-20.4,0.67 
2018/12/14 6:49,-20.3,0.72 
2018/12/14 6:55,-20.3,0.71 
2018/12/14 7:02,-20.4,0.68 
2018/12/14 7:07,-20.2,0.73 
2018/12/14 7:13,-20.3,0.69 
2018/12/14 7:18,-20.4,0.68 
2018/12/14 7:25,-20.2,0.74 
2018/12/14 7:31,-20.4,0.67 
2018/12/14 7:38,-20.3,0.71 
2018/12/14 7:44,-20.3,0.72 
2018/12/14 7:49,-20.4,0.67 
2018/12/14 7:55,-20.3,0.72 
2018/12/14 8:00,-20.3,0.69 
2018/12/14 8:07,-20.4,0.68 
2018/12/14 8:12,-20.2,0.74 
2018/12/14 8:19,-20.3,0.68 
2018/12/14 8:26,-20.4,0.70 
2018/12/14 8:31,-20.1,0.74 
2018/12/14 8:37,-20.4,0.66 
2018/12/14 8:44,-20.3,0.71 
2018/12/14 8:51,-20.3,0.71 
2018/12/14 8:58,-20.4,0.69 
2018/12/14 9:03,-20.1,0.75 
2018/12/14 9:08,-20.4,0.67 
2018/12/14 9:14,-20.3,0.70 
2018/12/14 9:19,-20.1,0.75 
2018/12/14 9:26,-20.4,0.67 
2018/12/14 9:31,-20.3,0.71 
2018/12/14 9:37,-20.1,0.74 
2018/12/14 9:44,-20.4,0.67 
2018/12/14 9:50,-20.3,0.72 
2018/12/14 9:57,-20.3,0.69 
2018/12/14 10:02,-20.4,0.69 
2018/12/14 10:09,-20.2,0.74 
2018/12/14 10:14,-20.4,0.66 
2018/12/14 10:21,-20.4,0.70 
2018/12/14 10:27,-20.2,0.74 
2018/12/14 10:33,-20.4,0.67 
2018/12/14 10:40,-20.3,0.72 
2018/12/14 10:45,-20.3,0.69 
2018/12/14 10:51,-20.4,0.69 
2018/12/14 10:57,-20.1,0.74 
2018/12/14 11:03,-20.4,0.67 
2018/12/14 11:09,-20.3,0.70 
2018/12/14 11:14,-20.1,0.75 
2018/12/14 11:20,-20.4,0.66 
2018/12/14 11:25,-20.3,0.71 
2018/12/14 11:31,-20.1,0.74 
2018/12/14 11:38,-20.4,0.67 
2018/12/14 11:45,-20.3,0.72 
2018/12/14 11:51,-20.3,0.69 
2018/12/14 11:57,-20.4,0.69 
2018/12/14 12:03,-20.1,0.74 
2018/12/14 12:09,-20.4,0.66 
2018/12/14 12:16,-20.3,0.71 
2018/12/14 12:23,-20.3,0.71 
2018/12/14 12:29,-20.4,0.69 
2018/12/14 12:35,-20.1,0.74 
2018/12/14 12:41,-20.4,0.67 
2018/12/14 12:48,-20.3,0.70 
2018/12/14 12:54,-20.1,0.74 
2018/12/14 13:01,-20.4,0.67 
2018/12/14 13:07,-20.2,0.73 
2018/12/14 13:12,-20.3,0.68 
2018/12/14 13:18,-20.4,0.68 
2018/12/14 13:25,-20.1,0.74 
2018/12/14 13:31,-20.3,0.66 
2018/12/14 13:38,-20.3,0.71 
2018/12/14 13:44,-20.2,0.72 
2018/12/14 13:51,-20.4,0.68 
2018/12/14 13:56,-20.1,0.74 
2018/12/14 14:02,-20.3,0.67 
2018/12/14 14:10,-20.3,0.70 
2018/12/14 14:16,-20.2,0.73 
2018/12/14 14:23,-20.4,0.68 
2018/12/14 14:28,-20.1,0.74 
2018/12/14 14:35,-20.3,0.67 
2018/12/14 14:42,-20.3,0.70 
2018/12/14 14:47,-20.2,0.73 
2018/12/14 14:53,-20.4,0.67 
2018/12/14 15:00,-20.3,0.72 
2018/12/14 15:06,-20.3,0.69 
2018/12/14 15:12,-20.4,0.68 
2018/12/14 15:18,-20.1,0.74 
2018/12/14 15:25,-20.4,0.66 
2018/12/14 15:30,-20.3,0.71 
2018/12/14 15:37,-20.2,0.73 
2018/12/14 15:42,-20.4,0.67 
2018/12/14 15:47,-20.2,0.72 
2018/12/14 15:53,-20.2,0.71 
2018/12/14 16:00,-20.4,0.68 
2018/12/14 16:05,-20.2,0.74 
2018/12/14 16:12,-20.3,0.68 
2018/12/14 16:18,-20.3,0.70 
2018/12/14 16:23,-20.1,0.73 
2018/12/14 16:30,-20.4,0.66 
2018/12/14 16:36,-20.2,0.72 
2018/12/14 16:43,-20.3,0.69 
2018/12/14 16:49,-20.3,0.69 
2018/12/14 16:54,-20.1,0.74 
2018/12/14 17:00,-20.3,0.67 
2018/12/14 17:06,-20.3,0.70 
2018/12/14 17:11,-20.1,0.74 
2018/12/14 17:17,-20.3,0.66 
2018/12/14 17:24,-20.3,0.71 
2018/12/14 17:30,-20.2,0.71 
2018/12/14 17:36,-20.4,0.68 
2018/12/14 17:42,-20.1,0.74 
2018/12/14 17:47,-20.3,0.67 
2018/12/14 17:54,-20.3,0.69 
2018/12/14 17:59,-20.1,0.74 
2018/12/14 18:05,-20.3,0.67 
2018/12/14 18:11,-20.2,0.71 
2018/12/14 18:17,-20.1,0.73 
2018/12/14 18:24,-20.3,0.68 
2018/12/14 18:30,-20.1,0.74 
2018/12/14 18:36,-20.3,0.67 
2018/12/14 18:43,-20.3,0.70 
2018/12/14 18:48,-20.1,0.73 
2018/12/14 18:54,-20.3,0.67 
2018/12/14 19:00,-20.2,0.72 
2018/12/14 19:07,-20.2,0.69 
2018/12/14 19:13,-20.3,0.69 
2018/12/14 19:18,-20.1,0.74 
2018/12/14 19:25,-20.3,0.66 
2018/12/14 19:31,-20.2,0.72 
2018/12/14 19:37,-20.2,0.72 
2018/12/14 19:43,-20.3,0.68 
2018/12/14 19:49,-20.1,0.74 
2018/12/14 19:55,-20.3,0.67 
2018/12/14 20:02,-20.3,0.69 
2018/12/14 20:07,-20.1,0.74 
2018/12/14 20:14,-20.3,0.66 
2018/12/14 20:21,-20.2,0.72 
2018/12/14 20:28,-20.3,0.68 
2018/12/14 20:33,-20.3,0.70 
2018/12/14 20:40,-20.1,0.74 
2018/12/14 20:46,-20.3,0.67 
2018/12/14 20:52,-20.2,0.72 
2018/12/14 20:58,-20.3,0.69 
2018/12/14 21:05,-20.3,0.68 
2018/12/14 21:11,-20.1,0.74 
2018/12/14 21:18,-20.3,0.66 
2018/12/14 21:24,-20.2,0.72 
2018/12/14 21:31,-20.3,0.68 
2018/12/14 21:37,-20.3,0.70 
2018/12/14 21:43,-20.1,0.74 
2018/12/14 21:50,-20.3,0.66 
2018/12/14 21:56,-20.2,0.72 
2018/12/14 22:01,-20.3,0.68 
2018/12/14 22:07,-20.3,0.68 
2018/12/14 22:13,-20.1,0.73 
2018/12/14 22:20,-20.3,0.67 
2018/12/14 22:26,-20.3,0.71 
2018/12/14 22:33,-20.2,0.72 
2018/12/14 22:40,-20.3,0.68 
2018/12/14 22:45,-20.1,0.74 
2018/12/14 22:50,-20.3,0.67 
2018/12/14 22:57,-20.3,0.69 
2018/12/14 23:03,-20.1,0.74 
2018/12/14 23:08,-20.3,0.66 
2018/12/14 23:15,-20.3,0.71 
2018/12/14 23:21,-20.2,0.72 
2018/12/14 23:26,-20.3,0.68 
2018/12/14 23:31,-20.2,0.72 
2018/12/14 23:37,-20.2,0.71 
2018/12/14 23:43,-20.3,0.68 
2018/12/14 23:49,-20.2,0.73 
2018/12/14 23:56,-20.3,0.67 
2018/12/15 0:03,-20.3,0.70 
2018/12/15 0:09,-20.2,0.72 
2018/12/15 0:14,-20.3,0.68 
2018/12/15 0:20,-20.2,0.72 
2018/12/15 0:26,-20.3,0.69 
2018/12/15 0:32,-20.3,0.68 
2018/12/15 0:37,-20.1,0.74 
2018/12/15 0:43,-20.3,0.67 
2018/12/15 0:49,-20.3,0.70 
2018/12/15 0:55,-20.1,0.74 
2018/12/15 1:01,-20.3,0.66 
2018/12/15 1:07,-20.2,0.71 
2018/12/15 1:14,-20.2,0.71 
2018/12/15 1:21,-20.3,0.68 
2018/12/15 1:27,-20.1,0.74 
2018/12/15 1:33,-20.3,0.66 
2018/12/15 1:38,-20.2,0.71 
2018/12/15 1:45,-20.1,0.73 
2018/12/15 1:52,-20.3,0.67 
2018/12/15 1:58,-20.1,0.74 
2018/12/15 2:05,-20.3,0.66 
2018/12/15 2:10,-20.3,0.71 
2018/12/15 2:16,-20.1,0.73 
2018/12/15 2:21,-20.4,0.66 
2018/12/15 2:27,-20.3,0.71 
2018/12/15 2:32,-20.1,0.73 
2018/12/15 2:37,-20.4,0.66 
2018/12/15 2:44,-20.3,0.71 
2018/12/15 2:50,-20.2,0.72 
2018/12/15 2:56,-20.3,0.68 
2018/12/15 3:01,-20.1,0.73 
2018/12/15 3:08,-20.3,0.68 
2018/12/15 3:13,-20.3,0.69 
2018/12/15 3:19,-20.1,0.74 
2018/12/15 3:24,-20.3,0.66 
2018/12/15 3:30,-20.3,0.70 
2018/12/15 3:35,-20.1,0.74 
2018/12/15 3:42,-20.3,0.66 
2018/12/15 3:47,-20.3,0.71 
2018/12/15 3:53,-20.1,0.74 
2018/12/15 3:59,-20.3,0.66 
2018/12/15 4:05,-20.2,0.72 
2018/12/15 4:11,-20.3,0.69 
2018/12/15 4:17,-20.3,0.69 
2018/12/15 4:23,-20.1,0.74 
2018/12/15 4:29,-20.3,0.67 
2018/12/15 4:34,-20.3,0.70 
2018/12/15 4:40,-20.1,0.74 
2018/12/15 4:46,-20.3,0.66 
2018/12/15 4:51,-20.3,0.71 
2018/12/15 4:58,-20.1,0.73 
2018/12/15 5:05,-20.4,0.67 
2018/12/15 5:11,-20.1,0.73 
2018/12/15 5:17,-20.3,0.67 
2018/12/15 5:22,-20.3,0.70 
2018/12/15 5:29,-20.1,0.74 
2018/12/15 5:35,-20.3,0.66 
2018/12/15 5:41,-20.2,0.72 
2018/12/15 5:47,-20.3,0.69 
2018/12/15 5:52,-20.4,0.68 
2018/12/15 5:59,-20.2,0.73 
2018/12/15 6:05,-20.3,0.67 
2018/12/15 6:12,-20.3,0.70 
2018/12/15 6:19,-20.2,0.72 
2018/12/15 6:24,-20.3,0.68 
2018/12/15 6:29,-20.2,0.73 
2018/12/15 6:35,-20.3,0.69 
2018/12/15 6:41,-20.4,0.68 
2018/12/15 6:48,-20.1,0.74 
2018/12/15 6:54,-20.3,0.66 
2018/12/15 7:00,-20.3,0.71 
2018/12/15 7:05,-20.1,0.74 
2018/12/15 7:11,-20.3,0.67 
2018/12/15 7:16,-20.3,0.71 
2018/12/15 7:22,-20.2,0.73 
2018/12/15 7:28,-20.3,0.67 
2018/12/15 7:35,-20.2,0.73 
2018/12/15 7:40,-20.3,0.67 
2018/12/15 7:45,-20.3,0.69 
2018/12/15 7:52,-20.1,0.73 
2018/12/15 7:58,-20.3,0.67 
2018/12/15 8:04,-20.3,0.70 
2018/12/15 8:11,-20.1,0.73 
2018/12/15 8:16,-20.3,0.67 
2018/12/15 8:21,-20.2,0.72 
2018/12/15 8:28,-20.2,0.71 
2018/12/15 8:33,-20.3,0.68 
2018/12/15 8:38,-20.2,0.73 
2018/12/15 8:44,-20.3,0.69 
2018/12/15 8:49,-20.3,0.69 
2018/12/15 8:56,-20.1,0.73 
2018/12/15 9:02,-20.3,0.66 
2018/12/15 9:09,-20.3,0.70 
2018/12/15 9:15,-20.2,0.73 
2018/12/15 9:21,-20.3,0.67 
2018/12/15 9:26,-20.2,0.72 
2018/12/15 9:32,-20.2,0.71 
2018/12/15 9:39,-20.3,0.68 
2018/12/15 9:45,-20.1,0.74 
2018/12/15 9:50,-20.3,0.67 
2018/12/15 9:57,-20.3,0.70 
2018/12/15 10:02,-20.1,0.73 
2018/12/15 10:09,-20.4,0.66 
2018/12/15 10:15,-20.2,0.72 
2018/12/15 10:21,-20.3,0.68 
2018/12/15 10:28,-20.3,0.69 
2018/12/15 10:34,-20.1,0.74 
2018/12/15 10:40,-20.3,0.66 
2018/12/15 10:47,-20.3,0.71 
2018/12/15 10:52,-20.3,0.69 
2018/12/15 10:59,-20.4,0.68 
2018/12/15 11:05,-20.1,0.74 
2018/12/15 11:12,-20.3,0.67 
2018/12/15 11:18,-20.3,0.71 
2018/12/15 11:24,-20.3,0.69 
2018/12/15 11:29,-20.4,0.68 
2018/12/15 11:35,-20.2,0.73 
2018/12/15 11:41,-20.3,0.67 
2018/12/15 11:48,-20.3,0.69 
2018/12/15 11:53,-20.1,0.74 
2018/12/15 12:00,-20.3,0.66 
2018/12/15 12:06,-20.3,0.71 
2018/12/15 12:12,-20.3,0.69 
2018/12/15 12:18,-20.4,0.68 
2018/12/15 12:24,-20.1,0.74 
2018/12/15 12:30,-20.3,0.66 
2018/12/15 12:35,-20.3,0.70 
2018/12/15 12:41,-20.1,0.74 
2018/12/15 12:46,-20.3,0.66 
2018/12/15 12:52,-20.3,0.70 
2018/12/15 12:58,-20.1,0.74 
2018/12/15 13:04,-20.3,0.66 
2018/12/15 13:09,-20.2,0.71 
2018/12/15 13:15,-20.1,0.73 
2018/12/15 13:21,-20.3,0.67 
2018/12/15 13:27,-20.2,0.72 
2018/12/15 13:33,-20.3,0.68 
2018/12/15 13:38,-20.3,0.68 
2018/12/15 13:45,-20.1,0.73 
2018/12/15 13:51,-20.3,0.66 
2018/12/15 13:56,-20.3,0.70 
2018/12/15 14:01,-20.1,0.74 
2018/12/15 14:06,-20.3,0.66 
2018/12/15 14:13,-20.3,0.70 
2018/12/15 14:20,-20.1,0.73 
2018/12/15 14:26,-20.3,0.68 
2018/12/15 14:33,-20.1,0.74 
2018/12/15 14:40,-20.3,0.66 
2018/12/15 14:46,-20.2,0.71 
2018/12/15 14:52,-20.2,0.71 
2018/12/15 14:58,-20.3,0.68 
2018/12/15 15:04,-20.1,0.74 
2018/12/15 15:10,-20.3,0.67 
2018/12/15 15:16,-20.3,0.69 
2018/12/15 15:22,-20.1,0.74 
2018/12/15 15:28,-20.3,0.66 
2018/12/15 15:35,-20.2,0.72 
2018/12/15 15:40,-20.3,0.68 
2018/12/15 15:47,-20.3,0.68 
2018/12/15 15:52,-20.1,0.74 
2018/12/15 15:59,-20.3,0.66 
2018/12/15 16:06,-20.2,0.71 
2018/12/15 16:11,-20.3,0.69 
2018/12/15 16:16,-20.3,0.68 
2018/12/15 16:22,-20.1,0.73 
2018/12/15 16:29,-20.2,0.69 
2018/12/15 16:36,-20.3,0.69 
2018/12/15 16:41,-20.1,0.73 
2018/12/15 16:47,-20.3,0.66 
2018/12/15 16:53,-20.2,0.72 
2018/12/15 16:59,-20.2,0.69 
2018/12/15 17:06,-20.3,0.69 
2018/12/15 17:12,-20.1,0.74 
2018/12/15 17:19,-20.3,0.66 
2018/12/15 17:24,-20.2,0.72 
2018/12/15 17:31,-20.2,0.70 
2018/12/15 17:37,-20.3,0.68 
2018/12/15 17:43,-20.1,0.74 
2018/12/15 17:50,-20.3,0.66 
2018/12/15 17:55,-20.2,0.71 
2018/12/15 18:01,-20.2,0.72 
2018/12/15 18:06,-20.3,0.67 
2018/12/15 18:13,-20.1,0.72 
2018/12/15 18:19,-20.3,0.67 
2018/12/15 18:25,-20.3,0.69 
2018/12/15 18:31,-20.1,0.74 
2018/12/15 18:37,-20.3,0.66 
2018/12/15 18:44,-20.2,0.72 
2018/12/15 18:50,-20.2,0.69 
2018/12/15 18:55,-20.3,0.68 
2018/12/15 19:01,-20.1,0.73 
2018/12/15 19:07,-20.3,0.67 
2018/12/15 19:13,-20.3,0.69 
2018/12/15 19:19,-20.1,0.74 
2018/12/15 19:25,-20.3,0.66 
2018/12/15 19:30,-20.2,0.71 
2018/12/15 19:36,-20.1,0.72 
2018/12/15 19:43,-20.3,0.67 
2018/12/15 19:49,-20.1,0.74 
2018/12/15 19:55,-20.3,0.66 
2018/12/15 20:00,-20.2,0.70 
2018/12/15 20:05,-20,0.74 
2018/12/15 20:11,-20.3,0.66 
2018/12/15 20:16,-20.3,0.70 
2018/12/15 20:23,-20.1,0.74 
2018/12/15 20:28,-20.3,0.66 
2018/12/15 20:35,-20.2,0.71 
2018/12/15 20:41,-20.2,0.69 
2018/12/15 20:47,-20.3,0.68 
2018/12/15 20:53,-20.1,0.74 
2018/12/15 20:58,-20.3,0.66 
2018/12/15 21:04,-20.2,0.70 
2018/12/15 21:11,-20,0.74 
2018/12/15 21:18,-20.3,0.67 
2018/12/15 21:24,-20.1,0.73 
2018/12/15 21:30,-20.3,0.67 
2018/12/15 21:36,-20.3,0.69 
2018/12/15 21:42,-20.1,0.74 
2018/12/15 21:48,-20.3,0.66 
2018/12/15 21:54,-20.1,0.72 
2018/12/15 21:59,-20.2,0.70 
2018/12/15 22:06,-20.3,0.67 
2018/12/15 22:11,-20.1,0.73 
2018/12/15 22:18,-20.3,0.67 
2018/12/15 22:24,-20.3,0.70 
2018/12/15 22:31,-20.1,0.73 
2018/12/15 22:38,-20.3,0.67 
2018/12/15 22:44,-20.1,0.73 
2018/12/15 22:50,-20.3,0.66 
2018/12/15 22:57,-20.2,0.71 
2018/12/15 23:03,-20.2,0.69 
2018/12/15 23:08,-20.3,0.68 
2018/12/15 23:14,-20.1,0.73 
2018/12/15 23:20,-20.3,0.67 
2018/12/15 23:27,-20.3,0.70 
2018/12/15 23:33,-20.1,0.73 
2018/12/15 23:39,-20.3,0.67 
2018/12/15 23:45,-20.1,0.72 
2018/12/15 23:51,-20.2,0.68 
2018/12/15 23:56,-20.3,0.68 
2018/12/16 0:03,-20.1,0.74 
2018/12/16 0:09,-20.3,0.66 
2018/12/16 0:15,-20.2,0.71 
2018/12/16 0:22,-20.1,0.72 
2018/12/16 0:28,-20.3,0.68 
2018/12/16 0:35,-20.1,0.74 
2018/12/16 0:40,-20.3,0.66 
2018/12/16 0:47,-20.3,0.70 
2018/12/16 0:52,-20.1,0.72 
2018/12/16 0:58,-20.3,0.66 
2018/12/16 1:03,-20.2,0.72 
2018/12/16 1:09,-20.2,0.71 
2018/12/16 1:15,-20.3,0.67 
2018/12/16 1:22,-20.1,0.73 
2018/12/16 1:28,-20.3,0.66 
2018/12/16 1:33,-20.2,0.70 
2018/12/16 1:39,-20.1,0.74 
2018/12/16 1:45,-20.3,0.66 
2018/12/16 1:50,-20.2,0.71 
2018/12/16 1:56,-20.1,0.73 
2018/12/16 2:02,-20.3,0.67 
2018/12/16 2:08,-20.1,0.73 
2018/12/16 2:15,-20.2,0.69 
2018/12/16 2:21,-20.3,0.69 
2018/12/16 2:28,-20.1,0.73 
2018/12/16 2:33,-20.3,0.67 
2018/12/16 2:39,-20.2,0.72 
2018/12/16 2:44,-20.2,0.70 
2018/12/16 2:50,-20.3,0.67 
2018/12/16 2:56,-20.1,0.72 
2018/12/16 3:02,-20.3,0.67 
2018/12/16 3:09,-20.3,0.69 
2018/12/16 3:15,-20.1,0.73 
2018/12/16 3:22,-20.3,0.66 
2018/12/16 3:27,-20.1,0.72 
2018/12/16 3:33,-20.2,0.69 
2018/12/16 3:40,-20.3,0.68 
2018/12/16 3:45,-20.1,0.74 
2018/12/16 3:51,-20.3,0.66 
2018/12/16 3:58,-20.2,0.70 
2018/12/16 4:04,-20.1,0.72 
2018/12/16 4:10,-20.3,0.68 
2018/12/16 4:15,-20.1,0.73 
2018/12/16 4:21,-20.3,0.68 
2018/12/16 4:27,-20.3,0.69 
2018/12/16 4:33,-20.1,0.74 
2018/12/16 4:38,-20.3,0.66 
2018/12/16 4:45,-20.3,0.70 
2018/12/16 4:51,-20.1,0.73 
2018/12/16 4:58,-20.3,0.67 
2018/12/16 5:04,-20.1,0.73 
2018/12/16 5:09,-20.3,0.67 
2018/12/16 5:15,-20.3,0.69 
2018/12/16 5:21,-20.1,0.74 
2018/12/16 5:26,-20.3,0.66 
2018/12/16 5:32,-20.3,0.70 
2018/12/16 5:37,-20.1,0.74 
2018/12/16 5:44,-20.3,0.66 
2018/12/16 5:50,-20.2,0.72 
2018/12/16 5:56,-20.2,0.69 
2018/12/16 6:02,-20.3,0.68 
2018/12/16 6:08,-20.1,0.74 
2018/12/16 6:14,-20.3,0.66 
2018/12/16 6:20,-20.2,0.70 
2018/12/16 6:26,-20.1,0.74 
2018/12/16 6:31,-20.3,0.67 
2018/12/16 6:38,-20.2,0.72 
2018/12/16 6:44,-20.3,0.68 
2018/12/16 6:49,-20.3,0.68 
2018/12/16 6:55,-20.1,0.73 
2018/12/16 7:02,-20.3,0.67 
2018/12/16 7:08,-20.3,0.70 
2018/12/16 7:13,-20.1,0.74 
2018/12/16 7:18,-20.3,0.66 
2018/12/16 7:24,-20.2,0.70 
2018/12/16 7:29,-20.1,0.74 
2018/12/16 7:36,-20.3,0.66 
2018/12/16 7:42,-20.1,0.72 
2018/12/16 7:49,-20.2,0.68 
2018/12/16 7:56,-20.3,0.69 
2018/12/16 8:02,-20.1,0.74 
2018/12/16 8:08,-20.3,0.67 
2018/12/16 8:14,-20.1,0.72 
2018/12/16 8:20,-20.2,0.69 
2018/12/16 8:26,-20.3,0.69 
2018/12/16 8:31,-20.1,0.74 
2018/12/16 8:38,-20.3,0.67 
2018/12/16 8:44,-20.2,0.71 
2018/12/16 8:49,-20.1,0.73 
2018/12/16 8:56,-20.3,0.66 
2018/12/16 9:02,-20.2,0.72 
2018/12/16 9:08,-20.2,0.69 
2018/12/16 9:15,-20.3,0.69 
2018/12/16 9:21,-20.1,0.74 
2018/12/16 9:26,-20.3,0.66 
2018/12/16 9:33,-20.2,0.71 
2018/12/16 9:39,-20.3,0.69 
2018/12/16 9:46,-20.3,0.69 
2018/12/16 9:53,-20.1,0.74 
2018/12/16 9:58,-20.3,0.67 
2018/12/16 10:04,-20.2,0.72 
2018/12/16 10:10,-20.3,0.69 
2018/12/16 10:15,-20.3,0.68 
2018/12/16 10:21,-20.1,0.73 
2018/12/16 10:26,-20.2,0.68 
2018/12/16 10:32,-20.3,0.68 
2018/12/16 10:38,-20.1,0.74 
2018/12/16 10:44,-20.3,0.67 
2018/12/16 10:51,-20.3,0.70 
2018/12/16 10:56,-20.1,0.72 
2018/12/16 11:02,-20.3,0.67 
2018/12/16 11:07,-20.2,0.72 
2018/12/16 11:12,-20.1,0.72 
2018/12/16 11:18,-20.3,0.67 
2018/12/16 11:24,-20.1,0.72 
2018/12/16 11:30,-20.2,0.68 
2018/12/16 11:37,-20.3,0.68 
2018/12/16 11:43,-20.1,0.74 
2018/12/16 11:48,-20.3,0.66 
2018/12/16 11:54,-20.2,0.71 
2018/12/16 11:59,-20.1,0.74 
2018/12/16 12:05,-20.3,0.66 
2018/12/16 12:10,-20.2,0.71 
2018/12/16 12:16,-20.1,0.73 
2018/12/16 12:22,-20.3,0.67 
2018/12/16 12:27,-20.2,0.72 
2018/12/16 12:33,-20.2,0.70 
2018/12/16 12:40,-20.3,0.68 
2018/12/16 12:47,-20.1,0.74 
2018/12/16 12:52,-20.3,0.66 
2018/12/16 12:59,-20.2,0.71 
2018/12/16 13:05,-20.2,0.71 
2018/12/16 13:11,-20.3,0.68 
2018/12/16 13:16,-20.1,0.73 
2018/12/16 13:21,-20.2,0.69 
2018/12/16 13:28,-20.3,0.68 
2018/12/16 13:33,-20.1,0.74 
2018/12/16 13:40,-20.3,0.66 
2018/12/16 13:47,-20.2,0.71 
2018/12/16 13:53,-20.2,0.71 
2018/12/16 13:59,-20.3,0.68 
2018/12/16 14:06,-20.1,0.73 
2018/12/16 14:11,-20.3,0.66 
2018/12/16 14:17,-20.3,0.70 
2018/12/16 14:24,-20.1,0.74 
2018/12/16 14:30,-20.3,0.67 
2018/12/16 14:37,-20.1,0.73 
2018/12/16 14:44,-20.3,0.66 
2018/12/16 14:51,-20.2,0.71 
2018/12/16 14:57,-20.2,0.71 
2018/12/16 15:02,-20.3,0.68 
2018/12/16 15:09,-20.1,0.73 
2018/12/16 15:15,-20.3,0.67 
2018/12/16 15:22,-20.3,0.70 
2018/12/16 15:28,-20.1,0.72 
2018/12/16 15:35,-20.3,0.67 
2018/12/16 15:41,-20.1,0.74 
2018/12/16 15:48,-20.3,0.66 
2018/12/16 15:54,-20.2,0.71 
2018/12/16 16:00,-20.1,0.72 
2018/12/16 16:05,-20.3,0.67 
2018/12/16 16:11,-20.2,0.72 
2018/12/16 16:17,-20.2,0.69 
2018/12/16 16:22,-20.3,0.68 
2018/12/16 16:28,-20.1,0.74 
2018/12/16 16:34,-20.3,0.66 
2018/12/16 16:39,-20.2,0.70 
2018/12/16 16:45,-20,0.74 
2018/12/16 16:51,-20.3,0.66 
2018/12/16 16:57,-20.2,0.70 
2018/12/16 17:03,-20.1,0.72 
2018/12/16 17:09,-20.3,0.67 
2018/12/16 17:15,-20.1,0.73 
2018/12/16 17:21,-20.2,0.68 
2018/12/16 17:26,-20.3,0.69 
2018/12/16 17:31,-20,0.74 
2018/12/16 17:38,-20.3,0.67 
2018/12/16 17:43,-20.2,0.70 
2018/12/16 17:50,-20,0.74 
2018/12/16 17:55,-20.3,0.67 
2018/12/16 18:02,-20.1,0.72 
2018/12/16 18:08,-20.2,0.67 
2018/12/16 18:14,-20.3,0.68 
2018/12/16 18:20,-20,0.74 
2018/12/16 18:31,-20.2,0.71 
2018/12/16 18:36,-20.1,0.74 
2018/12/16 18:41,-20.3,0.66 
2018/12/16 18:48,-20.2,0.70 
2018/12/16 18:54,-20.1,0.72 
2018/12/16 18:59,-20.3,0.67 
2018/12/16 19:06,-20.1,0.72 
2018/12/16 19:11,-20.2,0.67 
2018/12/16 19:17,-20.3,0.69 
2018/12/16 19:24,-20,0.74 
2018/12/16 19:30,-20.3,0.66 
2018/12/16 19:37,-20.2,0.71 
2018/12/16 19:44,-20.2,0.69 
2018/12/16 19:50,-20.3,0.69 
2018/12/16 19:55,-20,0.74 
2018/12/16 20:01,-20.3,0.66 
2018/12/16 20:07,-20.2,0.70 
2018/12/16 20:12,-20.1,0.72 
2018/12/16 20:19,-20.3,0.66 
2018/12/16 20:24,-20.1,0.72 
2018/12/16 20:31,-20.2,0.69 
2018/12/16 20:36,-20.3,0.69 
2018/12/16 20:42,-20.1,0.74 
2018/12/16 20:49,-20.3,0.66 
2018/12/16 20:54,-20.2,0.71 
2018/12/16 21:00,-20.1,0.72 
2018/12/16 21:05,-20.3,0.67 
2018/12/16 21:10,-20.2,0.71 
2018/12/16 21:16,-20.1,0.72 
2018/12/16 21:21,-20.3,0.67 
2018/12/16 21:28,-20.2,0.71 
2018/12/16 21:34,-20.2,0.68 
2018/12/16 21:39,-20.3,0.69 
2018/12/16 21:45,-20.1,0.74 
2018/12/16 21:52,-20.3,0.66 
2018/12/16 21:58,-20.2,0.71 
2018/12/16 22:04,-20.1,0.72 
2018/12/16 22:11,-20.3,0.67 
2018/12/16 22:17,-20.1,0.73 
2018/12/16 22:22,-20.3,0.66 
2018/12/16 22:28,-20.2,0.69 
2018/12/16 22:33,-20,0.74 
2018/12/16 22:39,-20.3,0.66 
2018/12/16 22:45,-20.2,0.70 
2018/12/16 22:51,-20.1,0.72 
2018/12/16 22:56,-20.3,0.67 
2018/12/16 23:02,-20.2,0.72 
2018/12/16 23:08,-20.1,0.71 
2018/12/16 23:14,-20.3,0.68 
2018/12/16 23:19,-20.1,0.73 
2018/12/16 23:26,-20.3,0.67 
2018/12/16 23:33,-20.3,0.69 
2018/12/16 23:38,-20.1,0.73 
2018/12/16 23:50,-20.2,0.72 
2018/12/16 23:55,-20.2,0.69 
2018/12/17 0:01,-20.3,0.68 
2018/12/17 0:06,-20.1,0.73 
2018/12/17 0:13,-20.2,0.68 
2018/12/17 0:18,-20.3,0.69 
2018/12/17 0:23,-20.1,0.74 
2018/12/17 0:30,-20.3,0.67 
2018/12/17 0:35,-20.2,0.71 
2018/12/17 0:42,-20.1,0.73 
2018/12/17 0:49,-20.3,0.67 
2018/12/17 0:54,-20.1,0.73 
2018/12/17 1:00,-20.3,0.67 
2018/12/17 1:06,-20.3,0.69 
2018/12/17 1:13,-20.1,0.74 
2018/12/17 1:18,-20.3,0.66 
2018/12/17 1:24,-20.2,0.71 
2018/12/17 1:30,-20.1,0.72 
2018/12/17 1:36,-20.3,0.67 
2018/12/17 1:41,-20.1,0.73 
2018/12/17 1:48,-20.3,0.67 
2018/12/17 1:55,-20.3,0.70 
2018/12/17 2:02,-20.1,0.72 
2018/12/17 2:08,-20.3,0.68 
2018/12/17 2:14,-20.1,0.74 
2018/12/17 2:21,-20.3,0.66 
2018/12/17 2:27,-20.2,0.71 
2018/12/17 2:34,-20.2,0.71 
2018/12/17 2:40,-20.3,0.68 
2018/12/17 2:46,-20.1,0.73 
2018/12/17 2:53,-20.3,0.67 
2018/12/17 2:58,-20.2,0.70 
2018/12/17 3:03,-20.1,0.74 
2018/12/17 3:09,-20.3,0.66 
2018/12/17 3:15,-20.2,0.71 
2018/12/17 3:20,-20.1,0.73 
2018/12/17 3:27,-20.3,0.66 
2018/12/17 3:33,-20.1,0.72 
2018/12/17 3:40,-20.3,0.68 
2018/12/17 3:45,-20.3,0.70 
2018/12/17 3:52,-20.1,0.74 
2018/12/17 3:59,-20.3,0.67 
2018/12/17 4:05,-20.1,0.72 
2018/12/17 4:11,-20.3,0.67 
2018/12/17 4:18,-20.3,0.69 
2018/12/17 4:24,-20.1,0.73 
2018/12/17 4:30,-20.3,0.67 
2018/12/17 4:35,-20.2,0.72 
2018/12/17 4:42,-20.2,0.71 
2018/12/17 4:48,-20.3,0.68 
2018/12/17 4:54,-20.1,0.74 
2018/12/17 5:00,-20.3,0.67 
2018/12/17 5:06,-20.3,0.70 
2018/12/17 5:12,-20.1,0.73 
2018/12/17 5:17,-20.3,0.67 
2018/12/17 5:24,-20.2,0.72 
2018/12/17 5:30,-20.2,0.68 
2018/12/17 5:37,-20.3,0.69 
2018/12/17 5:44,-20.1,0.74 
2018/12/17 5:50,-20.3,0.67 
2018/12/17 5:56,-20.2,0.72 
2018/12/17 6:02,-20.3,0.69 
2018/12/17 6:08,-20.3,0.68 
2018/12/17 6:14,-20.1,0.74 
2018/12/17 6:20,-20.3,0.67 
2018/12/17 6:27,-20.3,0.70 
2018/12/17 6:33,-20.2,0.72 
2018/12/17 6:39,-20.3,0.67 
2018/12/17 6:45,-20.1,0.73 
2018/12/17 6:52,-20.3,0.67 
2018/12/17 6:59,-20.3,0.70 
2018/12/17 7:05,-20.2,0.72 
2018/12/17 7:12,-20.3,0.68 
2018/12/17 7:17,-20.1,0.74 
2018/12/17 7:23,-20.3,0.67 
2018/12/17 7:29,-20.3,0.69 
2018/12/17 7:34,-20.1,0.74 
2018/12/17 7:40,-20.3,0.66 
2018/12/17 7:47,-20.2,0.71 
2018/12/17 7:53,-20.2,0.70 
2018/12/17 7:59,-20.3,0.68 
2018/12/17 8:05,-20.1,0.73 
2018/12/17 8:10,-20.3,0.68 
2018/12/17 8:16,-20.3,0.69 
2018/12/17 8:22,-20.1,0.74 
2018/12/17 8:29,-20.3,0.66 
2018/12/17 8:36,-20.2,0.72 
2018/12/17 8:41,-20.2,0.69 
2018/12/17 8:48,-20.3,0.68 
2018/12/17 8:54,-20.1,0.74 
2018/12/17 8:59,-20.3,0.66 
2018/12/17 9:05,-20.3,0.70 
2018/12/17 9:12,-20.1,0.73 
2018/12/17 9:19,-20.3,0.67 
2018/12/17 9:24,-20.1,0.73 
2018/12/17 9:30,-20.3,0.68 
2018/12/17 9:35,-20.3,0.68 
2018/12/17 9:41,-20.1,0.73 
2018/12/17 9:46,-20.3,0.67 
2018/12/17 9:52,-20.3,0.69 
2018/12/17 9:58,-20.1,0.74 
2018/12/17 10:03,-20.3,0.66 
2018/12/17 10:09,-20.3,0.70 
2018/12/17 10:16,-20.1,0.74 
2018/12/17 10:23,-20.3,0.67 
2018/12/17 10:29,-20.1,0.73 
2018/12/17 10:34,-20.3,0.67 
2018/12/17 10:41,-20.3,0.69 
2018/12/17 10:46,-20.1,0.74 
2018/12/17 10:52,-20.3,0.66 
2018/12/17 10:58,-20.2,0.71 
2018/12/17 11:03,-20.1,0.73 
2018/12/17 11:08,-20.3,0.67 
2018/12/17 11:15,-20.2,0.71 
2018/12/17 11:21,-20.2,0.71 
2018/12/17 11:27,-20.3,0.68 
2018/12/17 11:34,-20.1,0.74 
2018/12/17 11:41,-20.3,0.66 
2018/12/17 11:47,-20.2,0.71 
2018/12/17 11:52,-20.2,0.69 
2018/12/17 11:58,-20.3,0.68 
2018/12/17 12:05,-20.1,0.73 
2018/12/17 12:10,-20.3,0.67 
2018/12/17 12:16,-20.3,0.70 
2018/12/17 12:22,-20.1,0.74 
2018/12/17 12:29,-20.3,0.66 
2018/12/17 12:35,-20.2,0.72 
2018/12/17 12:41,-20.2,0.69 
2018/12/17 12:47,-20.3,0.69 
2018/12/17 12:53,-20.1,0.74 
2018/12/17 12:58,-20.3,0.66 
2018/12/17 13:04,-20.3,0.70 
2018/12/17 13:10,-20.1,0.74 
2018/12/17 13:15,-20.3,0.66 
2018/12/17 13:21,-20.2,0.71 
2018/12/17 13:27,-20.1,0.73 
2018/12/17 13:32,-20.3,0.67 
2018/12/17 13:38,-20.2,0.72 
2018/12/17 13:43,-20.2,0.69 
2018/12/17 13:50,-20.3,0.68 
2018/12/17 13:56,-20.1,0.73 
2018/12/17 14:03,-20.3,0.66 
2018/12/17 14:08,-20.2,0.71 
2018/12/17 14:14,-20.1,0.73 
2018/12/17 14:20,-20.3,0.67 
2018/12/17 14:27,-20.1,0.72 
2018/12/17 14:32,-20.2,0.67 
2018/12/17 14:38,-20.3,0.69 
2018/12/17 14:43,-20,0.74 
2018/12/17 14:49,-20.3,0.66 
2018/12/17 14:55,-20.3,0.69 
2018/12/17 15:02,-20.1,0.73 
2018/12/17 15:07,-20.3,0.67 
2018/12/17 15:14,-20.2,0.72 
2018/12/17 15:21,-20.2,0.68 
2018/12/17 15:26,-20.3,0.69 
2018/12/17 15:31,-20.1,0.74 
2018/12/17 15:36,-20.3,0.67 
2018/12/17 15:41,-20.3,0.69 
2018/12/17 15:48,-20.1,0.74 
2018/12/17 15:54,-20.3,0.66 
2018/12/17 16:00,-20.2,0.71 
2018/12/17 16:05,-20.1,0.72 
2018/12/17 16:10,-20.3,0.67 
2018/12/17 16:15,-20.2,0.71 
2018/12/17 16:21,-20.1,0.73 
2018/12/17 16:26,-20.3,0.66 
2018/12/17 16:32,-20.2,0.71 
2018/12/17 16:39,-20.2,0.71 
2018/12/17 16:46,-20.3,0.68 
2018/12/17 16:51,-20.1,0.74 
2018/12/17 16:57,-20.3,0.66 
2018/12/17 17:04,-20.2,0.71 
2018/12/17 17:10,-20.2,0.70 
2018/12/17 17:16,-20.3,0.68 
2018/12/17 17:22,-20.1,0.73 
2018/12/17 17:29,-20.3,0.66 
2018/12/17 17:36,-20.2,0.71 
2018/12/17 17:41,-20.2,0.69 
2018/12/17 17:47,-20.3,0.68 
2018/12/17 17:53,-20.1,0.73 
2018/12/17 17:59,-20.3,0.66 
2018/12/17 18:05,-20.2,0.70 
2018/12/17 18:10,-20.1,0.73 
2018/12/17 18:16,-20.3,0.66 
2018/12/17 18:22,-20.2,0.71 
2018/12/17 18:29,-20.1,0.71 
2018/12/17 18:35,-20.3,0.68 
2018/12/17 18:41,-20,0.74 
2018/12/17 18:48,-20.3,0.66 
2018/12/17 18:54,-20.2,0.71 
2018/12/17 18:59,-20.1,0.71 
2018/12/17 19:05,-20.3,0.67 
2018/12/17 19:11,-20.1,0.72 
2018/12/17 19:17,-20.2,0.68 
2018/12/17 19:24,-20.3,0.69 
2018/12/17 19:30,-20.1,0.73 
2018/12/17 19:37,-20.3,0.67 
2018/12/17 19:43,-20.1,0.72 
2018/12/17 19:49,-20.1,0.76 
2018/12/17 19:55,-20.7,0.66 
2018/12/17 20:01,-20.7,0.71 
2018/12/17 20:08,-20.7,0.70 
2018/12/17 20:13,-20.7,0.72 
2018/12/17 20:19,-20.5,0.75 
2018/12/17 20:25,-20.7,0.70 
2018/12/17 20:31,-20.4,0.75 
2018/12/17 20:37,-20.5,0.70 
2018/12/17 20:43,-20.5,0.72 
2018/12/17 20:49,-20.2,0.76 
2018/12/17 20:54,-20.4,0.68 
2018/12/17 21:00,-20.3,0.73 
2018/12/17 21:05,-20.2,0.74 
2018/12/17 21:12,-20.4,0.68 
2018/12/17 21:17,-20.2,0.75 
2018/12/17 21:23,-20.3,0.70 
2018/12/17 21:29,-20.3,0.70 
2018/12/17 21:35,-20.1,0.75 
2018/12/17 21:40,-20.3,0.67 
2018/12/17 21:46,-20.3,0.71 
2018/12/17 21:51,-20.1,0.75 
2018/12/17 21:58,-20.3,0.67 
2018/12/17 22:04,-20.2,0.73 
2018/12/17 22:10,-20.2,0.70 
2018/12/17 22:15,-20.3,0.69 
2018/12/17 22:22,-20.1,0.74 
2018/12/17 22:28,-20.3,0.67 
2018/12/17 22:33,-20.2,0.72 
2018/12/17 22:39,-20.1,0.74 
2018/12/17 22:46,-20.3,0.67 
2018/12/17 22:53,-20.1,0.74 
2018/12/17 22:59,-20.3,0.67 
2018/12/17 23:04,-20.2,0.71 
2018/12/17 23:10,-20.1,0.75 
2018/12/17 23:17,-20.3,0.67 
2018/12/17 23:23,-20.1,0.73 
2018/12/17 23:31,-20.2,0.68 
2018/12/17 23:37,-20.2,0.71 
2018/12/17 23:43,-20.1,0.73 
2018/12/17 23:50,-20.3,0.68 
2018/12/17 23:56,-20.1,0.74 
2018/12/18 0:01,-20.2,0.67 
2018/12/18 0:08,-20.3,0.70 
2018/12/18 0:15,-20.1,0.73 
2018/12/18 0:20,-20.3,0.68 
2018/12/18 0:26,-20.1,0.73 
2018/12/18 0:32,-20.2,0.68 
2018/12/18 0:38,-20.3,0.68 
2018/12/18 0:44,-20,0.74 
2018/12/18 0:51,-20.3,0.66 
2018/12/18 0:57,-20.2,0.72 
2018/12/18 1:03,-20.2,0.69 
2018/12/18 1:09,-20.3,0.68 
2018/12/18 1:15,-20.1,0.74 
2018/12/18 1:22,-20.2,0.67 
2018/12/18 1:27,-20.2,0.71 
2018/12/18 1:33,-20.1,0.73 
2018/12/18 1:39,-20.3,0.67 
2018/12/18 1:45,-20.1,0.73 
2018/12/18 1:50,-20.2,0.68 
2018/12/18 1:57,-20.3,0.68 
2018/12/18 2:03,-20,0.74 
2018/12/18 2:09,-20.3,0.66 
2018/12/18 2:14,-20.2,0.71 
2018/12/18 2:19,-20,0.74 
2018/12/18 2:24,-20.3,0.66 
2018/12/18 2:29,-20.2,0.70 
2018/12/18 2:35,-20,0.74 
2018/12/18 2:40,-20.3,0.66 
2018/12/18 2:46,-20.2,0.70 
2018/12/18 2:51,-20,0.74 
2018/12/18 2:57,-20.3,0.66 
2018/12/18 3:02,-20.2,0.71 
2018/12/18 3:08,-20.1,0.73 
2018/12/18 3:14,-20.3,0.67 
2018/12/18 3:19,-20.1,0.72 
2018/12/18 3:25,-20.1,0.71 
2018/12/18 3:32,-20.3,0.68 
2018/12/18 3:38,-20,0.74 
2018/12/18 3:44,-20.3,0.66 
2018/12/18 3:50,-20.2,0.71 
2018/12/18 3:55,-20.1,0.72 
2018/12/18 4:00,-20.3,0.67 
2018/12/18 4:06,-20.1,0.71 
2018/12/18 4:13,-20.1,0.71 
2018/12/18 4:20,-20.3,0.68 
2018/12/18 4:26,-20,0.74 
2018/12/18 4:31,-20.3,0.66 
2018/12/18 4:38,-20.2,0.71 
2018/12/18 4:43,-20.1,0.71 
2018/12/18 4:49,-20.3,0.67 
2018/12/18 4:55,-20.1,0.72 
2018/12/18 5:01,-20.2,0.69 
2018/12/18 5:06,-20.3,0.69 
2018/12/18 5:13,-20.1,0.73 
2018/12/18 5:18,-20.3,0.66 
2018/12/18 5:25,-20.2,0.70 
2018/12/18 5:31,-20.1,0.72 
2018/12/18 5:37,-20.3,0.67 
2018/12/18 5:44,-20.1,0.73 
2018/12/18 5:50,-20.2,0.67 
2018/12/18 5:56,-20.2,0.70 
2018/12/18 6:02,-20.1,0.73 
2018/12/18 6:09,-20.3,0.67 
2018/12/18 6:15,-20.1,0.73 
2018/12/18 6:21,-20.2,0.67 
2018/12/18 6:27,-20.2,0.69 
2018/12/18 6:33,-20,0.74 
2018/12/18 6:40,-20.3,0.66 
2018/12/18 6:47,-20.1,0.72 
2018/12/18 6:54,-20.2,0.67 
2018/12/18 7:00,-20.2,0.71 
2018/12/18 7:07,-20.1,0.72 
2018/12/18 7:12,-20.3,0.68 
2018/12/18 7:18,-20.1,0.73 
2018/12/18 7:23,-20.2,0.67 
2018/12/18 7:30,-20.2,0.69 
2018/12/18 7:36,-20,0.74 
2018/12/18 7:41,-20.2,0.66 
2018/12/18 7:47,-20.2,0.71 
2018/12/18 7:53,-20.1,0.73 
2018/12/18 7:58,-20.3,0.66 
2018/12/18 8:03,-20.1,0.71 
2018/12/18 8:10,-20.1,0.72 
2018/12/18 8:16,-20.3,0.67 
2018/12/18 8:21,-20.1,0.73 
2018/12/18 8:27,-20.2,0.68 
2018/12/18 8:32,-20.3,0.68 
2018/12/18 8:39,-20,0.74 
2018/12/18 8:44,-20.3,0.66 
2018/12/18 8:50,-20.2,0.70 
2018/12/18 8:55,-20.1,0.73 
2018/12/18 9:02,-20.3,0.66 
2018/12/18 9:07,-20.2,0.72 
2018/12/18 9:12,-20.1,0.71 
2018/12/18 9:18,-20.3,0.67 
2018/12/18 9:24,-20.1,0.72 
2018/12/18 9:30,-20.2,0.69 
2018/12/18 9:36,-20.3,0.69 
2018/12/18 9:43,-20,0.74 
2018/12/18 9:49,-20.3,0.66 
2018/12/18 9:56,-20.2,0.72 
2018/12/18 10:01,-20.2,0.68 
2018/12/18 10:08,-20.3,0.68 
2018/12/18 10:14,-20,0.74 
2018/12/18 10:20,-20.3,0.66 
2018/12/18 10:25,-20.2,0.71 
2018/12/18 10:31,-20.1,0.73 
2018/12/18 10:37,-20.3,0.67 
2018/12/18 10:42,-20.1,0.72 
2018/12/18 10:48,-20.1,0.70 
2018/12/18 10:54,-20.3,0.67 
2018/12/18 10:59,-20,0.73 
2018/12/18 11:04,-20.2,0.67 
2018/12/18 11:10,-20.2,0.68 
2018/12/18 11:17,-20,0.74 
2018/12/18 11:23,-20.3,0.66 
2018/12/18 11:29,-20.1,0.71 
2018/12/18 11:35,-20.1,0.71 
2018/12/18 11:42,-20.2,0.68 
2018/12/18 11:48,-20,0.74 
2018/12/18 11:54,-20.2,0.66 
2018/12/18 12:00,-20.1,0.71 
2018/12/18 12:05,-20.1,0.72 
2018/12/18 12:12,-20.2,0.67 
2018/12/18 12:18,-20,0.73 
2018/12/18 12:24,-20.2,0.67 
2018/12/18 12:30,-20.2,0.69 
2018/12/18 12:37,-20,0.73 
2018/12/18 12:42,-20.3,0.67 
2018/12/18 12:47,-20.1,0.71 
2018/12/18 12:54,-20.1,0.71 
2018/12/18 13:00,-20.2,0.68 
2018/12/18 13:06,-20,0.73 
2018/12/18 13:13,-20.2,0.66 
2018/12/18 13:18,-20.1,0.71 
2018/12/18 13:24,-20.1,0.71 
2018/12/18 13:30,-20.3,0.67 
2018/12/18 13:36,-20.1,0.72 
2018/12/18 13:42,-20.2,0.67 
2018/12/18 13:47,-20.2,0.69 
2018/12/18 13:53,-20,0.74 
2018/12/18 14:00,-20.2,0.66 
2018/12/18 14:05,-20.1,0.71 
2018/12/18 14:12,-20.1,0.71 
2018/12/18 14:19,-20.2,0.67 
2018/12/18 14:24,-20,0.74 
2018/12/18 14:29,-20.2,0.66 
2018/12/18 14:35,-20.2,0.69 
2018/12/18 14:41,-20,0.73 
2018/12/18 14:47,-20.2,0.66 
2018/12/18 14:53,-20.1,0.71 
2018/12/18 15:00,-20.1,0.69 
2018/12/18 15:06,-20.2,0.69 
2018/12/18 15:13,-20,0.74 
2018/12/18 15:18,-20.2,0.66 
2018/12/18 15:24,-20.1,0.71 
2018/12/18 15:31,-20.1,0.70 
2018/12/18 15:36,-20.2,0.68 
2018/12/18 15:43,-20,0.73 
2018/12/18 15:49,-20.2,0.66 
2018/12/18 15:55,-20.1,0.71 
2018/12/18 16:01,-20.1,0.69 
2018/12/18 16:06,-20.2,0.68 
2018/12/18 16:13,-20.1,0.73 
2018/12/18 16:19,-20.2,0.66 
2018/12/18 16:26,-20.2,0.70 
2018/12/18 16:32,-20.1,0.72 
2018/12/18 16:38,-20.3,0.67 
2018/12/18 16:44,-20,0.73 
2018/12/18 16:50,-20.2,0.66 
2018/12/18 16:56,-20.2,0.70 
2018/12/18 17:02,-20,0.74 
2018/12/18 17:08,-20.2,0.66 
2018/12/18 17:14,-20.1,0.71 
2018/12/18 17:20,-20.1,0.69 
2018/12/18 17:25,-20.2,0.68 
2018/12/18 17:30,-20.1,0.73 
2018/12/18 17:37,-20.2,0.68 
2018/12/18 17:43,-20.2,0.68 
2018/12/18 17:49,-20,0.74 
2018/12/18 17:56,-20.3,0.66 
2018/12/18 18:01,-20.1,0.72 
2018/12/18 18:08,-20.1,0.71 
2018/12/18 18:14,-20.2,0.68 
2018/12/18 18:20,-20,0.74 
2018/12/18 18:25,-20.2,0.66 
2018/12/18 18:31,-20.2,0.69 
2018/12/18 18:36,-20,0.73 
2018/12/18 18:43,-20.3,0.66 
2018/12/18 18:49,-20.1,0.72 
2018/12/18 18:55,-20.2,0.69 
2018/12/18 19:02,-20.3,0.68 
2018/12/18 19:08,-20,0.74 
2018/12/18 19:15,-20.3,0.66 
2018/12/18 19:20,-20.1,0.72 
2018/12/18 19:26,-20.1,0.72 
2018/12/18 19:32,-20.3,0.67 
2018/12/18 19:39,-20.1,0.73 
2018/12/18 19:46,-20.2,0.66 
2018/12/18 19:51,-20.1,0.71 
2018/12/18 19:56,-20.1,0.73 
2018/12/18 20:02,-20.3,0.66 
2018/12/18 20:09,-20.1,0.72 
2018/12/18 20:14,-20.2,0.69 
2018/12/18 20:20,-20.3,0.68 
2018/12/18 20:26,-20.1,0.73 
2018/12/18 20:31,-20.2,0.67 
2018/12/18 20:38,-20.2,0.69 
2018/12/18 20:44,-20,0.74 
2018/12/18 20:51,-20.3,0.66 
2018/12/18 20:56,-20.1,0.72 
2018/12/18 21:01,-20.2,0.69 
2018/12/18 21:08,-20.3,0.68 
2018/12/18 21:15,-20,0.74 
2018/12/18 21:21,-20.3,0.66 
2018/12/18 21:27,-20.2,0.71 
2018/12/18 21:33,-20.1,0.71 
2018/12/18 21:40,-20.3,0.68 
2018/12/18 21:46,-20,0.74 
2018/12/18 21:52,-20.3,0.66 
2018/12/18 21:58,-20.2,0.70 
2018/12/18 22:04,-20,0.73 
2018/12/18 22:09,-20.3,0.67 
2018/12/18 22:14,-20.1,0.71 
2018/12/18 22:20,-20.1,0.71 
2018/12/18 22:27,-20.3,0.67 
2018/12/18 22:32,-20.1,0.73 
2018/12/18 22:37,-20.2,0.68 
2018/12/18 22:42,-20.3,0.68 
2018/12/18 22:47,-20.1,0.72 
2018/12/18 22:53,-20.2,0.69 
2018/12/18 22:59,-20.3,0.68 
2018/12/18 23:04,-20.1,0.73 
2018/12/18 23:10,-20.2,0.68 
2018/12/18 23:17,-20.3,0.69 
2018/12/18 23:22,-20.1,0.74 
2018/12/18 23:28,-20.3,0.66 
2018/12/18 23:34,-20.2,0.71 
2018/12/18 23:40,-20.1,0.73 
2018/12/18 23:45,-20.3,0.67 
2018/12/18 23:52,-20.1,0.72 
2018/12/18 23:59,-20.2,0.67 
2018/12/19 0:05,-20.3,0.69 
2018/12/19 0:10,-20,0.74 
2018/12/19 0:17,-20.3,0.66 
2018/12/19 0:22,-20.2,0.71 
2018/12/19 0:29,-20.1,0.72 
2018/12/19 0:35,-20.3,0.68 
2018/12/19 0:41,-20.1,0.73 
2018/12/19 0:46,-20.2,0.67 
2018/12/19 0:52,-20.3,0.69 
2018/12/19 0:58,-20.1,0.74 
2018/12/19 1:04,-20.3,0.66 
2018/12/19 1:11,-20.2,0.70 
2018/12/19 1:16,-20.1,0.71 
2018/12/19 1:21,-20.3,0.67 
2018/12/19 1:27,-20.1,0.72 
2018/12/19 1:33,-20.1,0.71 
2018/12/19 1:39,-20.3,0.68 
2018/12/19 1:46,-20,0.73 
2018/12/19 1:52,-20.3,0.66 
2018/12/19 1:59,-20.2,0.71 
2018/12/19 2:05,-20.1,0.70 
2018/12/19 2:11,-20.3,0.68 
2018/12/19 2:17,-20.1,0.73 
2018/12/19 2:24,-20.2,0.66 
2018/12/19 2:29,-20.2,0.70 
2018/12/19 2:35,-20,0.74 
2018/12/19 2:41,-20.3,0.66 
2018/12/19 2:48,-20.1,0.72 
2018/12/19 2:54,-20.2,0.68 
2018/12/19 3:00,-20.3,0.69 
2018/12/19 3:06,-20,0.74 
2018/12/19 3:12,-20.3,0.66 
2018/12/19 3:19,-20.2,0.71 
2018/12/19 3:25,-20.2,0.69 
2018/12/19 3:31,-20.3,0.68 
2018/12/19 3:37,-20.1,0.74 
2018/12/19 3:44,-20.3,0.66 
2018/12/19 3:50,-20.2,0.71 
2018/12/19 3:56,-20.1,0.71 
2018/12/19 4:02,-20.3,0.68 
2018/12/19 4:08,-20.1,0.73 
2018/12/19 4:13,-20.2,0.67 
2018/12/19 4:19,-20.3,0.69 
2018/12/19 4:26,-20,0.74 
2018/12/19 4:32,-20.3,0.66 
2018/12/19 4:38,-20.2,0.71 
2018/12/19 4:43,-20.1,0.72 
2018/12/19 4:50,-20.3,0.67 
2018/12/19 4:55,-20.1,0.73 
2018/12/19 5:01,-20.2,0.68 
2018/12/19 5:07,-20.3,0.68 
2018/12/19 5:13,-20.1,0.73 
2018/12/19 5:19,-20.2,0.66 
2018/12/19 5:25,-20.2,0.70 
2018/12/19 5:32,-20,0.74 
2018/12/19 5:37,-20.3,0.67 
2018/12/19 5:43,-20.1,0.72 
2018/12/19 5:48,-20.1,0.71 
2018/12/19 5:53,-20.3,0.67 
2018/12/19 6:06,-20.2,0.69 
2018/12/19 6:13,-20.3,0.69 
2018/12/19 6:20,-20,0.74 
2018/12/19 6:26,-20.3,0.67 
2018/12/19 6:33,-20.1,0.73 
2018/12/19 6:38,-20.2,0.67 
2018/12/19 6:45,-20.3,0.68 
2018/12/19 6:50,-20,0.74 
2018/12/19 6:57,-20.3,0.66 
2018/12/19 7:02,-20.2,0.72 
2018/12/19 7:09,-20.1,0.72 
2018/12/19 7:14,-20.3,0.67 
2018/12/19 7:20,-20.1,0.73 
2018/12/19 7:26,-20.2,0.69 
2018/12/19 7:32,-20.3,0.69 
2018/12/19 7:38,-20,0.74 
2018/12/19 7:45,-20.3,0.66 
2018/12/19 7:51,-20.2,0.71 
2018/12/19 7:57,-20.2,0.71 
2018/12/19 8:04,-20.3,0.68 
2018/12/19 8:10,-20.1,0.74 
2018/12/19 8:17,-20.3,0.66 
2018/12/19 8:23,-20.2,0.71 
2018/12/19 8:29,-20.1,0.72 
2018/12/19 8:35,-20.3,0.68 
2018/12/19 8:40,-20.1,0.73 
2018/12/19 8:47,-20.2,0.68 
2018/12/19 8:53,-20.3,0.69 
2018/12/19 9:00,-20.1,0.74 
2018/12/19 9:07,-20.3,0.67 
2018/12/19 9:14,-20.1,0.73 
2018/12/19 9:20,-20.3,0.67 
2018/12/19 9:26,-20.2,0.70 
2018/12/19 9:33,-20.1,0.73 
2018/12/19 9:39,-20.3,0.67 
2018/12/19 9:45,-20.1,0.73 
2018/12/19 9:51,-20.2,0.67 
2018/12/19 9:58,-20.3,0.69 
2018/12/19 10:04,-20.1,0.74 
2018/12/19 10:10,-20.3,0.66 
2018/12/19 10:16,-20.1,0.72 
2018/12/19 10:22,-20.2,0.69 
2018/12/19 10:29,-20.3,0.68 
2018/12/19 10:34,-20,0.74 
2018/12/19 10:40,-20.3,0.66 
2018/12/19 10:46,-20.2,0.70 
2018/12/19 10:53,-20.1,0.73 
2018/12/19 10:59,-20.3,0.67 
2018/12/19 11:05,-20.1,0.73 
2018/12/19 11:11,-20.2,0.67 
2018/12/19 11:17,-20.2,0.69 
2018/12/19 11:24,-20,0.74 
2018/12/19 11:30,-20.3,0.66 
2018/12/19 11:36,-20.1,0.72 
2018/12/19 11:41,-20.2,0.69 
2018/12/19 11:46,-20.3,0.68 
2018/12/19 11:52,-20.1,0.73 
2018/12/19 11:57,-20.2,0.69 
2018/12/19 12:02,-20.3,0.67 
2018/12/19 12:09,-20.1,0.73 
2018/12/19 12:16,-20.2,0.66 
2018/12/19 12:23,-20.2,0.71 
2018/12/19 12:29,-20.1,0.70 
2018/12/19 12:36,-20.3,0.68 
2018/12/19 12:42,-20,0.74 
2018/12/19 12:48,-20.2,0.66 
2018/12/19 12:54,-20.2,0.71 
2018/12/19 13:00,-20.1,0.72 
2018/12/19 13:06,-20.3,0.67 
2018/12/19 13:12,-20.1,0.73 
2018/12/19 13:18,-20.2,0.67 
2018/12/19 13:24,-20.2,0.70 
2018/12/19 13:31,-20,0.74 
2018/12/19 13:36,-20.3,0.66 
2018/12/19 13:42,-20.2,0.71 
2018/12/19 13:47,-20.1,0.70 
2018/12/19 13:53,-20.3,0.67 
2018/12/19 14:00,-20.1,0.72 
2018/12/19 14:06,-20.2,0.67 
2018/12/19 14:12,-20.2,0.69 
2018/12/19 14:19,-20.1,0.73 
2018/12/19 14:25,-20.3,0.67 
2018/12/19 14:31,-20.1,0.72 
2018/12/19 14:37,-20.2,0.66 
2018/12/19 14:43,-20.2,0.69 
2018/12/19 14:49,-20,0.74 
2018/12/19 14:56,-20.3,0.66 
2018/12/19 15:02,-20.1,0.72 
2018/12/19 15:08,-20.2,0.68 
2018/12/19 15:14,-20.2,0.69 
2018/12/19 15:19,-20,0.74 
2018/12/19 15:26,-20.2,0.66 
2018/12/19 15:32,-20.2,0.70 
2018/12/19 15:39,-20.1,0.71 
2018/12/19 15:45,-20.2,0.68 
2018/12/19 15:51,-20,0.73 
2018/12/19 15:56,-20.2,0.66 
2018/12/19 16:02,-20.2,0.70 
2018/12/19 16:07,-20,0.73 
2018/12/19 16:13,-20.2,0.66 
2018/12/19 16:19,-20.2,0.70 
2018/12/19 16:26,-20.1,0.71 
2018/12/19 16:33,-20.2,0.68 
2018/12/19 16:39,-20,0.74 
2018/12/19 16:46,-20.2,0.66 
2018/12/19 16:52,-20.1,0.72 
2018/12/19 16:59,-20.2,0.68 
2018/12/19 17:04,-20.2,0.69 
2018/12/19 17:09,-20,0.74 
2018/12/19 17:15,-20.2,0.66 
2018/12/19 17:21,-20.2,0.70 
2018/12/19 17:28,-20,0.73 
2018/12/19 17:33,-20.2,0.67 
2018/12/19 17:39,-20.1,0.72 
2018/12/19 17:45,-20.1,0.68 
2018/12/19 17:52,-20.2,0.69 
2018/12/19 17:59,-20,0.73 
2018/12/19 18:06,-20.2,0.67 
2018/12/19 18:12,-20,0.73 
2018/12/19 18:18,-20.2,0.66 
2018/12/19 18:23,-20.2,0.69 
2018/12/19 18:29,-20,0.73 
2018/12/19 18:36,-20.2,0.66 
2018/12/19 18:43,-20.1,0.72 
2018/12/19 18:48,-20.2,0.67 
2018/12/19 18:54,-20.2,0.69 
2018/12/19 19:00,-20,0.74 
2018/12/19 19:07,-20.2,0.66 
2018/12/19 19:12,-20.1,0.72 
2018/12/19 19:18,-20.1,0.71 
2018/12/19 19:23,-20.3,0.67 
2018/12/19 19:29,-20.1,0.71 
2018/12/19 19:35,-20.2,0.68 
2018/12/19 19:40,-20.2,0.68 
2018/12/19 19:47,-20.1,0.73 
2018/12/19 19:53,-20.2,0.66 
2018/12/19 19:59,-20.2,0.70 
2018/12/19 20:05,-20.1,0.72 
2018/12/19 20:10,-20.3,0.67 
2018/12/19 20:17,-20.1,0.72 
2018/12/19 20:23,-20.2,0.67 
2018/12/19 20:28,-20.2,0.69 
2018/12/19 20:35,-20,0.74 
2018/12/19 20:41,-20.2,0.66 
2018/12/19 20:47,-20.1,0.71 
2018/12/19 20:53,-20.1,0.70 
2018/12/19 20:59,-20.2,0.67 
2018/12/19 21:06,-20,0.73 
2018/12/19 21:13,-20.2,0.66 
2018/12/19 21:19,-20.1,0.71 
2018/12/19 21:24,-20.1,0.70 
2018/12/19 21:29,-20.3,0.67 
2018/12/19 21:36,-20.1,0.72 
2018/12/19 21:42,-20.2,0.67 
2018/12/19 21:48,-20.2,0.69 
2018/12/19 21:53,-20,0.74 
2018/12/19 21:58,-20.2,0.66 
2018/12/19 22:04,-20.2,0.69 
2018/12/19 22:10,-20,0.74 
2018/12/19 22:15,-20.3,0.66 
2018/12/19 22:22,-20.2,0.71 
2018/12/19 22:28,-20.1,0.70 
2018/12/19 22:34,-20.3,0.67 
2018/12/19 22:39,-20.1,0.73 
2018/12/19 22:45,-20.2,0.68 
2018/12/19 22:51,-20.2,0.69 
2018/12/19 22:58,-19.9,0.80 
2018/12/19 23:03,-20.4,0.74 
2018/12/19 23:09,-20.7,0.70 
2018/12/19 23:16,-20.7,0.73 
2018/12/19 23:22,-20.9,0.72 
2018/12/19 23:29,-20.6,0.76 
2018/12/19 23:36,-20.8,0.71 
2018/12/19 23:42,-20.5,0.77 
2018/12/19 23:47,-20.6,0.70 
2018/12/19 23:54,-20.5,0.74 
2018/12/20 0:00,-20.4,0.75 
2018/12/20 0:07,-20.5,0.71 
2018/12/20 0:14,-20.2,0.77 
2018/12/20 0:20,-20.5,0.69 
2018/12/20 0:27,-20.3,0.75 
2018/12/20 0:33,-20.4,0.70 
2018/12/20 0:39,-20.4,0.72 
2018/12/20 0:46,-20.1,0.77 
2018/12/20 0:51,-20.4,0.69 
2018/12/20 0:58,-20.3,0.74 
2018/12/20 1:04,-20.3,0.71 
2018/12/20 1:09,-20.3,0.71 
2018/12/20 1:15,-20.1,0.76 
2018/12/20 1:20,-20.3,0.69 
2018/12/20 1:27,-20.3,0.71 
2018/12/20 1:32,-20.1,0.76 
2018/12/20 1:38,-20.3,0.68 
2018/12/20 1:44,-20.2,0.73 
2018/12/20 1:51,-20.2,0.73 
2018/12/20 1:57,-20.3,0.70 
2018/12/20 2:03,-20.1,0.76 
2018/12/20 2:08,-20.3,0.68 
2018/12/20 2:15,-20.3,0.72 
2018/12/20 2:21,-20.1,0.74 
2018/12/20 2:27,-20.3,0.68 
2018/12/20 2:33,-20.1,0.74 
2018/12/20 2:40,-20.3,0.69 
2018/12/20 2:46,-20.3,0.71 
2018/12/20 2:52,-20.1,0.76 
2018/12/20 2:58,-20.3,0.68 
2018/12/20 3:03,-20.2,0.74 
2018/12/20 3:09,-20.2,0.73 
2018/12/20 3:15,-20.3,0.68 
2018/12/20 3:22,-20.1,0.74 
2018/12/20 3:28,-20.3,0.68 
2018/12/20 3:34,-20.3,0.71 
2018/12/20 3:40,-20.1,0.75 
2018/12/20 3:46,-20.3,0.68 
2018/12/20 3:52,-20.2,0.73 
2018/12/20 3:59,-20.2,0.69 
2018/12/20 4:04,-20.3,0.70 
2018/12/20 4:09,-20.1,0.75 
2018/12/20 4:16,-20.3,0.68 
2018/12/20 4:21,-20.3,0.71 
2018/12/20 4:27,-20.1,0.75 
2018/12/20 4:34,-20.3,0.67 
2018/12/20 4:39,-20.2,0.73 
2018/12/20 4:45,-20.1,0.73 
2018/12/20 4:51,-20.3,0.68 
2018/12/20 4:57,-20.2,0.74 
2018/12/20 5:03,-20.3,0.68 
2018/12/20 5:08,-20.3,0.70 
2018/12/20 5:14,-20.1,0.75 
2018/12/20 5:21,-20.3,0.67 
2018/12/20 5:28,-20.3,0.72 
2018/12/20 5:33,-20.2,0.72 
2018/12/20 5:39,-20.3,0.68 
2018/12/20 5:44,-20.2,0.73 
2018/12/20 5:50,-20.2,0.70 
2018/12/20 5:56,-20.3,0.69 
2018/12/20 6:02,-20.1,0.75 
2018/12/20 6:09,-20.3,0.67 
2018/12/20 6:14,-20.2,0.72 
2018/12/20 6:21,-20.1,0.74 
2018/12/20 6:27,-20.3,0.68 
2018/12/20 6:32,-20.1,0.74 
2018/12/20 6:39,-20.2,0.69 
2018/12/20 6:44,-20.3,0.70 
2018/12/20 6:51,-20.1,0.75 
2018/12/20 6:58,-20.3,0.67 
2018/12/20 7:03,-20.2,0.72 
2018/12/20 7:09,-20.2,0.72 
2018/12/20 7:15,-20.3,0.68 
2018/12/20 7:21,-20.2,0.73 
2018/12/20 7:28,-20.3,0.69 
2018/12/20 7:40,-20.1,0.75 
2018/12/20 7:46,-20.3,0.67 
2018/12/20 7:51,-20.2,0.72 
2018/12/20 7:57,-20.1,0.73 
2018/12/20 8:04,-20.3,0.67 
2018/12/20 8:09,-20.1,0.74 
2018/12/20 8:15,-20.2,0.68 
2018/12/20 8:20,-20.3,0.69 
2018/12/20 8:27,-20.1,0.74 
2018/12/20 8:32,-20.3,0.67 
2018/12/20 8:39,-20.3,0.70 
2018/12/20 8:44,-20.1,0.74 
2018/12/20 8:51,-20.3,0.67 
2018/12/20 8:57,-20.2,0.73 
2018/12/20 9:04,-20.2,0.69 
2018/12/20 9:10,-20.3,0.69 
2018/12/20 9:16,-20.1,0.75 
2018/12/20 9:21,-20.3,0.67 
2018/12/20 9:27,-20.3,0.71 
2018/12/20 9:34,-20.1,0.74 
2018/12/20 9:39,-20.3,0.68 
2018/12/20 9:46,-20.2,0.73 
2018/12/20 9:53,-20.3,0.67 
2018/12/20 9:59,-20.3,0.71 
2018/12/20 10:04,-20.1,0.74 
2018/12/20 10:11,-20.3,0.67 
2018/12/20 10:17,-20.2,0.73 
2018/12/20 10:23,-20.2,0.69 
2018/12/20 10:28,-20.3,0.69 
2018/12/20 10:33,-20.1,0.74 
2018/12/20 10:38,-20.2,0.69 
2018/12/20 10:44,-20.3,0.68 
2018/12/20 10:51,-20.1,0.74 
2018/12/20 10:56,-20.3,0.67 
2018/12/20 11:02,-20.3,0.70 
2018/12/20 11:08,-20.1,0.74 
2018/12/20 11:15,-20.3,0.67 
2018/12/20 11:20,-20.2,0.72 
2018/12/20 11:27,-20.2,0.69 
2018/12/20 11:33,-20.3,0.69 
2018/12/20 11:40,-20.1,0.75 
2018/12/20 11:47,-20.3,0.67 
2018/12/20 11:52,-20.2,0.73 
2018/12/20 11:58,-20.2,0.69 
2018/12/20 12:04,-20.3,0.69 
2018/12/20 12:11,-20.1,0.74 
2018/12/20 12:17,-20.3,0.67 
2018/12/20 12:23,-20.2,0.71 
2018/12/20 12:30,-20.2,0.72 
2018/12/20 12:36,-20.3,0.68 
2018/12/20 12:41,-20.1,0.74 
2018/12/20 12:48,-20.3,0.67 
2018/12/20 12:54,-20.3,0.71 
2018/12/20 13:00,-20.1,0.73 
2018/12/20 13:06,-20.3,0.67 
2018/12/20 13:12,-20.2,0.72 
2018/12/20 13:18,-20.2,0.70 
2018/12/20 13:25,-20.3,0.69 
2018/12/20 13:30,-20.1,0.75 
2018/12/20 13:36,-20.3,0.67 
2018/12/20 13:43,-20.2,0.71 
2018/12/20 13:49,-20.1,0.73 
2018/12/20 13:54,-20.3,0.67 
2018/12/20 14:01,-20.1,0.73 
2018/12/20 14:07,-20.2,0.68 
2018/12/20 14:12,-20.3,0.69 
2018/12/20 14:17,-20.1,0.74 
2018/12/20 14:23,-20.2,0.67 
2018/12/20 14:29,-20.3,0.69 
2018/12/20 14:34,-20.1,0.74 
2018/12/20 14:40,-20.3,0.66 
2018/12/20 14:46,-20.2,0.71 
2018/12/20 14:52,-20.1,0.73 
2018/12/20 14:59,-20.3,0.67 
2018/12/20 15:04,-20.1,0.73 
2018/12/20 15:10,-20.2,0.69 
2018/12/20 15:16,-20.3,0.68 
2018/12/20 15:22,-20,0.74 
2018/12/20 15:27,-20.3,0.67 
2018/12/20 15:32,-20.2,0.70 
2018/12/20 15:38,-20,0.74 
2018/12/20 15:44,-20.3,0.66 
2018/12/20 15:50,-20.2,0.70 
2018/12/20 15:56,-20.1,0.74 
2018/12/20 16:02,-20.3,0.67 
2018/12/20 16:08,-20.1,0.73 
2018/12/20 16:15,-20.2,0.69 
2018/12/20 16:20,-20.3,0.69 
2018/12/20 16:27,-20.1,0.74 
2018/12/20 16:33,-20.3,0.66 
2018/12/20 16:39,-20.2,0.72 
2018/12/20 16:45,-20.1,0.73 
2018/12/20 16:52,-20.3,0.68 
2018/12/20 16:58,-20.1,0.74 
2018/12/20 17:03,-20.3,0.67 
2018/12/20 17:09,-20.3,0.70 
2018/12/20 17:16,-20.1,0.74 
2018/12/20 17:22,-20.3,0.67 
2018/12/20 17:29,-20.2,0.72 
2018/12/20 17:35,-20.2,0.68 
2018/12/20 17:41,-20.3,0.69 
2018/12/20 17:48,-20,0.74 
2018/12/20 17:53,-20.3,0.67 
2018/12/20 18:00,-20.2,0.72 
2018/12/20 18:07,-20.2,0.69 
2018/12/20 18:13,-20.3,0.69 
2018/12/20 18:19,-20,0.74 
2018/12/20 18:24,-20.3,0.66 
2018/12/20 18:30,-20.2,0.71 
2018/12/20 18:36,-20.1,0.74 
2018/12/20 18:42,-20.3,0.67 
2018/12/20 18:48,-20.1,0.73 
2018/12/20 18:54,-20.2,0.68 
2018/12/20 18:59,-20.2,0.69 
2018/12/20 19:05,-20,0.74 
2018/12/20 19:11,-20.2,0.67 
2018/12/20 19:17,-20.2,0.70 
2018/12/20 19:22,-20,0.74 
2018/12/20 19:28,-20.3,0.66 
2018/12/20 19:33,-20.2,0.71 
2018/12/20 19:40,-20.1,0.74 
2018/12/20 19:47,-20.3,0.67 
2018/12/20 19:53,-20.1,0.73 
2018/12/20 19:58,-20.2,0.67 
2018/12/20 20:03,-20.3,0.69 
2018/12/20 20:09,-20.1,0.74 
2018/12/20 20:14,-20.3,0.67 
2018/12/20 20:21,-20.3,0.69 
2018/12/20 20:26,-20.1,0.74 
2018/12/20 20:33,-20.3,0.66 
2018/12/20 20:38,-20.2,0.72 
2018/12/20 20:44,-20.1,0.71 
2018/12/20 20:49,-20.3,0.67 
2018/12/20 20:54,-20.1,0.72 
2018/12/20 20:59,-20.2,0.69 
2018/12/20 21:05,-20.3,0.68 
2018/12/20 21:12,-20.1,0.73 
2018/12/20 21:19,-20.3,0.66 
2018/12/20 21:24,-20.2,0.71 
2018/12/20 21:31,-20.1,0.73 
2018/12/20 21:38,-20.3,0.68 
2018/12/20 21:44,-20.1,0.74 
2018/12/20 21:50,-20.2,0.67 
2018/12/20 21:57,-20.2,0.70 
2018/12/20 22:03,-20.1,0.72 
2018/12/20 22:10,-20.3,0.67 
2018/12/20 22:16,-20.1,0.73 
2018/12/20 22:23,-20.3,0.67 
2018/12/20 22:29,-20.2,0.71 
2018/12/20 22:34,-20.1,0.73 
2018/12/20 22:40,-20.3,0.67 
2018/12/20 22:47,-20.1,0.72 
2018/12/20 22:52,-20.2,0.68 
2018/12/20 22:58,-20.3,0.68 
2018/12/20 23:04,-20,0.74 
2018/12/20 23:09,-20.3,0.67 
2018/12/20 23:15,-20.3,0.69 
2018/12/20 23:22,-20,0.74 
2018/12/20 23:28,-20.3,0.66 
2018/12/20 23:35,-20.1,0.72 
2018/12/20 23:41,-20.2,0.68 
2018/12/20 23:48,-20.3,0.69 
2018/12/20 23:54,-20,0.74 
2018/12/21 0:00,-20.3,0.66 
2018/12/21 0:07,-20.1,0.72 
2018/12/21 0:14,-20.2,0.67 
2018/12/21 0:19,-20.3,0.70 
2018/12/21 0:26,-20,0.74 
2018/12/21 0:31,-20.3,0.66 
2018/12/21 0:38,-20.2,0.71 
2018/12/21 0:44,-20.2,0.69 
2018/12/21 0:50,-20.3,0.69 
2018/12/21 0:57,-20.1,0.74 
2018/12/21 1:03,-20.3,0.66 
2018/12/21 1:08,-20.2,0.71 
2018/12/21 1:14,-20.1,0.72 
2018/12/21 1:20,-20.3,0.67 
2018/12/21 1:25,-20.2,0.72 
2018/12/21 1:32,-20.1,0.71 
2018/12/21 1:37,-20.3,0.68 
2018/12/21 1:42,-20.1,0.73 
2018/12/21 1:48,-20.2,0.68 
2018/12/21 1:53,-20.3,0.69 
2018/12/21 2:00,-20.1,0.74 
2018/12/21 2:06,-20.3,0.66 
2018/12/21 2:12,-20.2,0.70 
2018/12/21 2:19,-20.1,0.73 
2018/12/21 2:26,-20.3,0.67 
2018/12/21 2:31,-20.1,0.74 
2018/12/21 2:38,-20.2,0.67 
2018/12/21 2:45,-20.2,0.70 
2018/12/21 2:50,-20.1,0.72 
2018/12/21 2:55,-20.3,0.67 
2018/12/21 3:02,-20.1,0.72 
2018/12/21 3:08,-20.2,0.69 
2018/12/21 3:14,-20.3,0.68 
2018/12/21 3:20,-20.1,0.74 
2018/12/21 3:27,-20.3,0.66 
2018/12/21 3:32,-20.2,0.71 
2018/12/21 3:39,-20.1,0.73 
2018/12/21 3:46,-20.3,0.68 
2018/12/21 3:51,-20.1,0.74 
2018/12/21 3:58,-20.2,0.67 
2018/12/21 4:05,-20.2,0.70 
2018/12/21 4:10,-20.1,0.73 
2018/12/21 4:16,-20.3,0.67 
2018/12/21 4:23,-20.1,0.73 
2018/12/21 4:29,-20.2,0.67 
2018/12/21 4:35,-20.3,0.69 
2018/12/21 4:41,-20,0.74 
2018/12/21 4:47,-20.3,0.66 
2018/12/21 4:54,-20.2,0.72 
2018/12/21 5:00,-20.2,0.69 
2018/12/21 5:06,-20.3,0.69 
2018/12/21 5:13,-20,0.74 
2018/12/21 5:20,-20.3,0.66 
2018/12/21 5:26,-20.2,0.72 
2018/12/21 5:32,-20.2,0.70 
2018/12/21 5:39,-20.3,0.68 
2018/12/21 5:44,-20.1,0.74 
2018/12/21 5:50,-20.2,0.67 
2018/12/21 5:55,-20.2,0.70 
2018/12/21 6:00,-20,0.74 
2018/12/21 6:07,-20.3,0.67 
2018/12/21 6:12,-20.2,0.70 
2018/12/21 6:17,-20.1,0.74 
2018/12/21 6:24,-20.3,0.66 
2018/12/21 6:30,-20.2,0.72 
2018/12/21 6:35,-20.1,0.72 
2018/12/21 6:42,-20.3,0.67 
2018/12/21 6:47,-20.1,0.73 
2018/12/21 6:54,-20.2,0.69 
2018/12/21 7:00,-20.3,0.69 
2018/12/21 7:07,-20,0.74 
2018/12/21 7:13,-20.3,0.67 
2018/12/21 7:20,-20.1,0.72 
2018/12/21 7:26,-20.2,0.68 
2018/12/21 7:31,-20.3,0.69 
2018/12/21 7:36,-20.1,0.74 
2018/12/21 7:43,-20.2,0.67 
2018/12/21 7:48,-20.2,0.70 
2018/12/21 7:55,-20,0.74 
2018/12/21 8:01,-20.3,0.66 
2018/12/21 8:07,-20.2,0.72 
2018/12/21 8:13,-20.2,0.69 
2018/12/21 8:20,-20.3,0.68 
2018/12/21 8:25,-20,0.74 
2018/12/21 8:31,-20.3,0.66 
2018/12/21 8:38,-20.2,0.70 
2018/12/21 8:44,-20.1,0.72 
2018/12/21 8:50,-20.3,0.68 
2018/12/21 8:55,-20.1,0.73 
2018/12/21 9:01,-20.2,0.69 
2018/12/21 9:06,-20.3,0.68 
2018/12/21 9:11,-20.1,0.73 
2018/12/21 9:16,-20.2,0.69 
2018/12/21 9:22,-20.3,0.68 
2018/12/21 9:29,-20.1,0.73 
2018/12/21 9:36,-20.3,0.67 
2018/12/21 9:42,-20.2,0.71 
2018/12/21 9:48,-20.1,0.73 
2018/12/21 9:54,-20.3,0.67 
2018/12/21 10:00,-20.1,0.73 
2018/12/21 10:06,-20.2,0.68 
2018/12/21 10:13,-20.3,0.69 
2018/12/21 10:19,-20,0.74 
2018/12/21 10:25,-20.3,0.67 
2018/12/21 10:31,-20.2,0.71 
2018/12/21 10:37,-20.2,0.69 
2018/12/21 10:42,-20.3,0.68 
2018/12/21 10:49,-20.1,0.73 
2018/12/21 10:56,-20.2,0.67 
2018/12/21 11:02,-20.2,0.71 
2018/12/21 11:08,-20.1,0.71 
2018/12/21 11:13,-20.3,0.68 
2018/12/21 11:19,-20.1,0.72 
2018/12/21 11:26,-20.2,0.68 
2018/12/21 11:33,-20.3,0.69 
2018/12/21 11:39,-20,0.74 
2018/12/21 11:45,-20.3,0.67 
2018/12/21 11:51,-20.1,0.72 
2018/12/21 11:57,-20.2,0.69 
2018/12/21 12:04,-20.3,0.69 
2018/12/21 12:10,-20,0.74 
2018/12/21 12:16,-20.3,0.67 
2018/12/21 12:21,-20.2,0.71 
2018/12/21 12:28,-20.1,0.73 
2018/12/21 12:34,-20.3,0.67 
2018/12/21 12:40,-20.1,0.73 
2018/12/21 12:47,-20.2,0.67 
2018/12/21 12:53,-20.2,0.71 
2018/12/21 12:58,-20.1,0.73 
2018/12/21 13:03,-20.3,0.67 
2018/12/21 13:09,-20.2,0.71 
2018/12/21 13:15,-20.1,0.72 
2018/12/21 13:20,-20.3,0.67 
2018/12/21 13:26,-20.1,0.72 
2018/12/21 13:31,-20.2,0.69 
2018/12/21 13:37,-20.3,0.67 
2018/12/21 13:43,-20.1,0.73 
2018/12/21 13:49,-20.2,0.67 
2018/12/21 13:56,-20.3,0.69 
2018/12/21 14:03,-20,0.74 
2018/12/21 14:08,-20.3,0.67 
2018/12/21 14:14,-20.1,0.72 
2018/12/21 14:21,-20.2,0.69 
2018/12/21 14:27,-20.2,0.69 
2018/12/21 14:32,-20,0.74 
2018/12/21 14:38,-20.3,0.66 
2018/12/21 14:44,-20.2,0.71 
2018/12/21 14:51,-20.1,0.72 
2018/12/21 14:57,-20.3,0.68 
2018/12/21 15:03,-20.1,0.73 
2018/12/21 15:09,-20.2,0.67 
2018/12/21 15:16,-20.2,0.70 
2018/12/21 15:22,-20.1,0.73 
2018/12/21 15:29,-20.3,0.67 
2018/12/21 15:35,-20.1,0.73 
2018/12/21 15:41,-20.2,0.67 
2018/12/21 15:47,-20.2,0.70 
2018/12/21 15:54,-20,0.74 
2018/12/21 16:01,-20.3,0.67 
2018/12/21 16:07,-20.1,0.73 
2018/12/21 16:14,-20.2,0.66 
2018/12/21 16:19,-20.2,0.71 
2018/12/21 16:25,-20,0.74 
2018/12/21 16:31,-20.3,0.66 
2018/12/21 16:37,-20.1,0.72 
2018/12/21 16:44,-20.2,0.69 
2018/12/21 16:50,-20.3,0.69 
2018/12/21 16:56,-20,0.74 
2018/12/21 17:02,-20.2,0.66 
2018/12/21 17:07,-20.2,0.71 
2018/12/21 17:13,-20,0.74 
2018/12/21 17:19,-20.3,0.66 
2018/12/21 17:25,-20.1,0.72 
2018/12/21 17:30,-20.1,0.70 
2018/12/21 17:36,-20.3,0.67 
2018/12/21 17:43,-20.1,0.73 
2018/12/21 17:50,-20.2,0.67 
2018/12/21 17:55,-20.2,0.71 
2018/12/21 18:01,-20.1,0.73 
2018/12/21 18:08,-20.3,0.66 
2018/12/21 18:13,-20.1,0.72 
2018/12/21 18:19,-20.1,0.70 
2018/12/21 18:26,-20.3,0.68 
2018/12/21 18:31,-20,0.74 
2018/12/21 18:37,-20.2,0.67 
2018/12/21 18:42,-20.2,0.70 
2018/12/21 18:47,-20,0.74 
2018/12/21 18:53,-20.2,0.66 
2018/12/21 19:00,-20.2,0.70 
2018/12/21 19:06,-20.1,0.72 
2018/12/21 19:18,-20.1,0.73 
2018/12/21 19:25,-20.2,0.67 
2018/12/21 19:32,-20.2,0.70 
2018/12/21 19:38,-20.1,0.72 
2018/12/21 19:43,-20.2,0.67 
2018/12/21 19:49,-20.1,0.72 
2018/12/21 19:54,-20.2,0.69 
2018/12/21 20:01,-20.2,0.68 
2018/12/21 20:07,-20,0.74 
2018/12/21 20:13,-20.3,0.66 
2018/12/21 20:18,-20.2,0.70 
2018/12/21 20:24,-20,0.73 
2018/12/21 20:29,-20.2,0.66 
2018/12/21 20:35,-20.2,0.71 
2018/12/21 20:42,-20.1,0.72 
2018/12/21 20:48,-20.2,0.68 
2018/12/21 20:54,-20,0.74 
2018/12/21 20:59,-20.2,0.67 
2018/12/21 21:06,-20.2,0.69 
2018/12/21 21:12,-20,0.74 
2018/12/21 21:17,-20.2,0.66 
2018/12/21 21:23,-20.1,0.71 
2018/12/21 21:35,-20.2,0.68 
2018/12/21 21:41,-20.1,0.73 
2018/12/21 21:47,-20.2,0.67 
2018/12/21 21:53,-20.2,0.70 
2018/12/21 21:59,-20,0.74 
2018/12/21 22:05,-20.2,0.66 
2018/12/21 22:11,-20.1,0.71 
2018/12/21 22:18,-20.1,0.72 
2018/12/21 22:24,-20.2,0.68 
2018/12/21 22:30,-20,0.74 
2018/12/21 22:36,-20.2,0.66 
2018/12/21 22:41,-20.2,0.71 
2018/12/21 22:47,-20,0.74 
2018/12/21 22:52,-20.2,0.66 
2018/12/21 22:58,-20.1,0.71 
2018/12/21 23:03,-20.1,0.73 
2018/12/21 23:09,-20.3,0.67 
2018/12/21 23:14,-20.1,0.72 
2018/12/21 23:20,-20.1,0.71 
2018/12/21 23:27,-20.2,0.67 
2018/12/21 23:32,-20,0.73 
2018/12/21 23:38,-20.2,0.68 
2018/12/21 23:43,-20.2,0.69 
2018/12/21 23:50,-20,0.74 
2018/12/21 23:56,-20.2,0.66 
2018/12/22 0:02,-20.1,0.71 
2018/12/22 0:07,-20.1,0.71 
2018/12/22 0:13,-20.3,0.67 
2018/12/22 0:18,-20.1,0.72 
2018/12/22 0:25,-20.1,0.71 
2018/12/22 0:31,-20.2,0.68 
2018/12/22 0:37,-20,0.74 
2018/12/22 0:43,-20.2,0.66 
2018/12/22 0:50,-20.2,0.70 
2018/12/22 0:55,-20.1,0.71 
2018/12/22 1:00,-20.3,0.67 
2018/12/22 1:06,-20.1,0.72 
2018/12/22 1:12,-20.1,0.71 
2018/12/22 1:18,-20.3,0.68 
2018/12/22 1:23,-20.1,0.73 
2018/12/22 1:28,-20.2,0.68 
2018/12/22 1:35,-20.3,0.68 
2018/12/22 1:40,-20,0.74 
2018/12/22 1:46,-20.2,0.67 
2018/12/22 1:53,-20.2,0.69 
2018/12/22 1:59,-20,0.73 
2018/12/22 2:05,-20.3,0.67 
2018/12/22 2:12,-20.1,0.72 
2018/12/22 2:17,-20.2,0.67 
2018/12/22 2:22,-20.2,0.69 
2018/12/22 2:28,-20,0.74 
2018/12/22 2:34,-20.2,0.67 
2018/12/22 2:40,-20.2,0.70 
2018/12/22 2:46,-20,0.74 
2018/12/22 2:52,-20.2,0.66 
2018/12/22 2:58,-20.1,0.72 
2018/12/22 3:03,-20.2,0.69 
2018/12/22 3:09,-20.3,0.68 
2018/12/22 3:15,-20.1,0.73 
2018/12/22 3:21,-20.2,0.67 
2018/12/22 3:28,-20.2,0.69 
2018/12/22 3:34,-20,0.74 
2018/12/22 3:40,-20.3,0.67 
2018/12/22 3:46,-20.1,0.72 
2018/12/22 3:53,-20.2,0.69 
2018/12/22 3:58,-20.3,0.69 
2018/12/22 4:04,-20,0.74 
2018/12/22 4:09,-20.3,0.66 
2018/12/22 4:15,-20.2,0.69 
2018/12/22 4:21,-20,0.74 
2018/12/22 4:27,-20.3,0.66 
2018/12/22 4:33,-20.1,0.71 
2018/12/22 4:39,-20.1,0.72 
2018/12/22 4:44,-20.3,0.67 
2018/12/22 4:50,-20.1,0.72 
2018/12/22 4:55,-20.2,0.69 
2018/12/22 5:01,-20.3,0.68 
2018/12/22 5:06,-20.1,0.72 
2018/12/22 5:12,-20.2,0.69 
2018/12/22 5:19,-20.2,0.69 
2018/12/22 5:24,-20,0.74 
2018/12/22 5:31,-20.2,0.66 
2018/12/22 5:36,-20.2,0.71 
2018/12/22 5:41,-20.1,0.73 
2018/12/22 5:48,-20.3,0.66 
2018/12/22 5:55,-20.1,0.72 
2018/12/22 6:01,-20.2,0.68 
2018/12/22 6:07,-20.2,0.69 
2018/12/22 6:14,-20,0.74 
2018/12/22 6:20,-20.3,0.66 
2018/12/22 6:26,-20.1,0.72 
2018/12/22 6:33,-20.2,0.68 
2018/12/22 6:40,-20.2,0.70 
2018/12/22 6:47,-20.1,0.73 
2018/12/22 6:52,-20.3,0.67 
2018/12/22 6:58,-20.1,0.72 
2018/12/22 7:03,-20.2,0.69 
2018/12/22 7:10,-20.3,0.68 
2018/12/22 7:15,-20,0.74 
2018/12/22 7:22,-20.2,0.67 
2018/12/22 7:27,-20.2,0.70 
2018/12/22 7:33,-20,0.74 
2018/12/22 7:38,-20.3,0.66 
2018/12/22 7:44,-20.2,0.70 
2018/12/22 7:50,-20.1,0.73 
2018/12/22 7:57,-20.3,0.67 
2018/12/22 8:03,-20.1,0.72 
2018/12/22 8:09,-20.2,0.68 
2018/12/22 8:16,-20.3,0.69 
2018/12/22 8:22,-20,0.74 
2018/12/22 8:28,-20.3,0.66 
2018/12/22 8:35,-20.2,0.72 
2018/12/22 8:42,-20.2,0.68 
2018/12/22 8:49,-20.2,0.70 
2018/12/22 8:55,-20.1,0.74 
2018/12/22 9:01,-20.3,0.67 
2018/12/22 9:07,-20.1,0.73 
2018/12/22 9:13,-20.2,0.69 
2018/12/22 9:19,-20.2,0.69 
2018/12/22 9:24,-20,0.74 
2018/12/22 9:31,-20.2,0.67 
2018/12/22 9:36,-20.2,0.70 
2018/12/22 9:43,-20,0.73 
2018/12/22 9:49,-20.3,0.67 
2018/12/22 9:55,-20.1,0.72 
2018/12/22 10:01,-20.2,0.69 
2018/12/22 10:08,-20.3,0.69 
2018/12/22 10:15,-20,0.74 
2018/12/22 10:21,-20.3,0.67 
2018/12/22 10:27,-20.1,0.72 
2018/12/22 10:33,-20.2,0.68 
2018/12/22 10:39,-20.3,0.68 
2018/12/22 10:45,-20.1,0.74 
2018/12/22 10:50,-20.2,0.67 
2018/12/22 10:57,-20.3,0.69 
2018/12/22 11:02,-20,0.74 
2018/12/22 11:09,-20.3,0.66 
2018/12/22 11:14,-20.2,0.72 
2018/12/22 11:21,-20.1,0.71 
2018/12/22 11:28,-20.3,0.68 
2018/12/22 11:35,-20,0.74 
2018/12/22 11:41,-20.3,0.66 
2018/12/22 11:48,-20.1,0.72 
2018/12/22 11:55,-20.2,0.67 
2018/12/22 12:02,-20.2,0.70 
2018/12/22 12:07,-20.1,0.73 
2018/12/22 12:13,-20.3,0.66 
2018/12/22 12:19,-20.2,0.71 
2018/12/22 12:26,-20.1,0.71 
2018/12/22 12:32,-20.3,0.69 
2018/12/22 12:37,-20,0.74 
2018/12/22 12:43,-20.2,0.67 
2018/12/22 12:50,-20.2,0.70 
2018/12/22 12:56,-20.1,0.73 
2018/12/22 13:02,-20.3,0.67 
2018/12/22 13:08,-20.1,0.72 
2018/12/22 13:14,-20.2,0.68 
2018/12/22 13:21,-20.3,0.68 
2018/12/22 13:27,-20,0.74 
2018/12/22 13:32,-20.3,0.66 
2018/12/22 13:37,-20.2,0.70 
2018/12/22 13:43,-20,0.74 
2018/12/22 13:49,-20.3,0.66 
2018/12/22 13:55,-20.1,0.72 
2018/12/22 14:02,-20.1,0.71 
2018/12/22 14:08,-20.3,0.68 
2018/12/22 14:15,-20,0.74 
2018/12/22 14:21,-20.3,0.66 
2018/12/22 14:27,-20.2,0.71 
2018/12/22 14:33,-20.1,0.71 
2018/12/22 14:39,-20.3,0.68 
2018/12/22 14:46,-20.1,0.73 
2018/12/22 14:53,-20.3,0.66 
2018/12/22 15:00,-20.2,0.71 
2018/12/22 15:06,-20.2,0.69 
2018/12/22 15:12,-20.3,0.68 
2018/12/22 15:17,-20,0.74 
2018/12/22 15:24,-20.3,0.66 
2018/12/22 15:30,-20.2,0.70 
2018/12/22 15:37,-20.1,0.72 
2018/12/22 15:42,-20.3,0.68 
2018/12/22 15:48,-20.1,0.73 
2018/12/22 15:54,-20.2,0.67 
2018/12/22 15:59,-20.3,0.68 
2018/12/22 16:05,-20.1,0.73 
2018/12/22 16:11,-20.2,0.67 
2018/12/22 16:18,-20.2,0.70 
2018/12/22 16:25,-20.1,0.72 
2018/12/22 16:31,-20.3,0.68 
2018/12/22 16:37,-20,0.73 
2018/12/22 16:43,-20.2,0.66 
2018/12/22 16:49,-20.2,0.70 
2018/12/22 16:54,-20,0.74 
2018/12/22 17:01,-20.2,0.66 
2018/12/22 17:08,-20.1,0.72 
2018/12/22 17:15,-20.1,0.69 
2018/12/22 17:21,-20.2,0.69 
2018/12/22 17:26,-20,0.74 
2018/12/22 17:32,-20.3,0.66 
2018/12/22 17:38,-20.2,0.71 
2018/12/22 17:44,-20,0.73 
2018/12/22 17:49,-20.3,0.67 
2018/12/22 17:55,-20.1,0.72 
2018/12/22 18:01,-20.1,0.70 
2018/12/22 18:07,-20.3,0.68 
2018/12/22 18:13,-20.1,0.73 
2018/12/22 18:20,-20.2,0.66 
2018/12/22 18:25,-20.2,0.70 
2018/12/22 18:32,-20,0.74 
2018/12/22 18:39,-20.2,0.67 
2018/12/22 18:46,-20.1,0.73 
2018/12/22 18:59,-20.2,0.71 
2018/12/22 19:05,-20.1,0.72 
2018/12/22 19:11,-20.2,0.68 
2018/12/22 19:17,-20,0.73 
2018/12/22 19:24,-20.2,0.67 
2018/12/22 19:30,-20.2,0.71 
2018/12/22 19:36,-20,0.73 
2018/12/22 19:41,-20.3,0.67 
2018/12/22 19:48,-20.1,0.72 
2018/12/22 19:54,-20.1,0.70 
2018/12/22 20:01,-20.3,0.68 
2018/12/22 20:08,-20,0.74 
2018/12/22 20:15,-20.3,0.66 
2018/12/22 20:20,-20.1,0.73 
2018/12/22 20:27,-20.2,0.69 
2018/12/22 20:34,-20.2,0.69 
2018/12/22 20:40,-20,0.73 
2018/12/22 20:47,-20.3,0.67 
2018/12/22 20:52,-20.1,0.73 
2018/12/22 20:58,-20.2,0.68 
2018/12/22 21:04,-20.3,0.69 
2018/12/22 21:10,-20,0.74 
2018/12/22 21:16,-20.3,0.66 
2018/12/22 21:22,-20.2,0.71 
2018/12/22 21:28,-20,0.73 
2018/12/22 21:33,-20.3,0.67 
2018/12/22 21:39,-20.1,0.71 
2018/12/22 21:44,-20.1,0.72 
2018/12/22 21:50,-20.3,0.67 
2018/12/22 21:57,-20.1,0.72 
2018/12/22 22:03,-20.2,0.67 
2018/12/22 22:09,-20.2,0.69 
2018/12/22 22:15,-20,0.74 
2018/12/22 22:21,-20.3,0.66 
2018/12/22 22:27,-20.2,0.71 
2018/12/22 22:34,-20.1,0.70 
2018/12/22 22:41,-20.3,0.69 
2018/12/22 22:48,-20,0.74 
2018/12/22 22:54,-20.3,0.67 
2018/12/22 22:59,-20.1,0.72 
2018/12/22 23:06,-20.1,0.70 
2018/12/22 23:11,-20.3,0.68 
2018/12/22 23:16,-20.1,0.73 
2018/12/22 23:23,-20.2,0.68 
2018/12/22 23:28,-20.2,0.69 
2018/12/22 23:34,-20,0.74 
2018/12/22 23:40,-20.2,0.66 
2018/12/22 23:47,-20.2,0.70 
2018/12/22 23:53,-20.1,0.72 
2018/12/22 23:59,-20.3,0.68 
2018/12/23 0:05,-20,0.73 
2018/12/23 0:11,-20.2,0.68 
2018/12/23 0:17,-20.2,0.70 
2018/12/23 0:22,-20,0.74 
2018/12/23 0:29,-20.3,0.66 
2018/12/23 0:35,-20.2,0.71 
2018/12/23 0:42,-20.1,0.71 
2018/12/23 0:47,-20.3,0.68 
2018/12/23 0:53,-20.1,0.73 
2018/12/23 0:59,-20.2,0.67 
2018/12/23 1:06,-20.2,0.69 
2018/12/23 1:12,-20,0.74 
2018/12/23 1:18,-20.3,0.66 
2018/12/23 1:23,-20.1,0.72 
2018/12/23 1:29,-20.1,0.71 
2018/12/23 1:36,-20.3,0.67 
2018/12/23 1:43,-20.1,0.73 
2018/12/23 1:48,-20.3,0.66 
2018/12/23 1:54,-20.2,0.70 
2018/12/23 2:00,-20,0.74 
2018/12/23 2:06,-20.3,0.66 
2018/12/23 2:12,-20.1,0.72 
2018/12/23 2:18,-20.1,0.71 
2018/12/23 2:24,-20.3,0.68 
2018/12/23 2:29,-20.1,0.73 
2018/12/23 2:35,-20.2,0.68 
2018/12/23 2:42,-20.2,0.69 
2018/12/23 2:47,-20,0.74 
2018/12/23 2:53,-20.3,0.66 
2018/12/23 2:59,-20.2,0.70 
2018/12/23 3:05,-20.1,0.73 
2018/12/23 3:11,-20.3,0.67 
2018/12/23 3:18,-20.1,0.72 
2018/12/23 3:24,-20.2,0.67 
2018/12/23 3:30,-20.2,0.69 
2018/12/23 3:37,-20,0.74 
2018/12/23 3:44,-20.3,0.67 
2018/12/23 3:49,-20.1,0.73 
2018/12/23 3:54,-20.2,0.69 
2018/12/23 4:01,-20.3,0.68 
2018/12/23 4:07,-20,0.74 
2018/12/23 4:12,-20.3,0.66 
2018/12/23 4:17,-20.2,0.69 
2018/12/23 4:22,-20,0.74 
2018/12/23 4:28,-20.2,0.67 
2018/12/23 4:33,-20.2,0.69 
2018/12/23 4:39,-20,0.74 
2018/12/23 4:45,-20.2,0.66 
2018/12/23 4:50,-20.2,0.71 
2018/12/23 4:56,-20,0.73 
2018/12/23 5:01,-20.3,0.66 
2018/12/23 5:07,-20.2,0.71 
2018/12/23 5:13,-20.1,0.73 
2018/12/23 5:20,-20.3,0.67 
2018/12/23 5:25,-20.1,0.73 
2018/12/23 5:30,-20.2,0.69 
2018/12/23 5:36,-20.3,0.68 
2018/12/23 5:42,-20.1,0.73 
2018/12/23 5:49,-20.2,0.67 
2018/12/23 5:55,-20.2,0.70 
2018/12/23 6:00,-20,0.74 
2018/12/23 6:06,-20.3,0.66 
2018/12/23 6:13,-20.2,0.71 
2018/12/23 6:25,-20.3,0.68 
2018/12/23 6:30,-20.1,0.73 
2018/12/23 6:36,-20.2,0.69 
2018/12/23 6:42,-20.3,0.69 
2018/12/23 6:48,-20,0.74 
2018/12/23 6:55,-20.3,0.66 
2018/12/23 7:01,-20.2,0.71 
2018/12/23 7:07,-20.2,0.69 
2018/12/23 7:14,-20.3,0.68 
2018/12/23 7:20,-20,0.74 
2018/12/23 7:26,-20.2,0.66 
2018/12/23 7:31,-20.2,0.71 
2018/12/23 7:38,-20,0.73 
2018/12/23 7:43,-20.3,0.67 
2018/12/23 7:49,-20.1,0.72 
2018/12/23 7:55,-20.2,0.69 
2018/12/23 8:00,-20.3,0.68 
2018/12/23 8:06,-20.1,0.73 
2018/12/23 8:12,-20.2,0.69 
2018/12/23 8:18,-20.3,0.69 
2018/12/23 8:24,-20,0.74 
2018/12/23 8:30,-20.3,0.67 
2018/12/23 8:36,-20.2,0.71 
2018/12/23 8:41,-20.1,0.73 
2018/12/23 8:47,-20.3,0.66 
2018/12/23 8:53,-20.2,0.71 
2018/12/23 9:00,-20.2,0.69 
2018/12/23 9:06,-20.2,0.69 
2018/12/23 9:12,-20,0.74 
2018/12/23 9:19,-20.3,0.66 
2018/12/23 9:24,-20.1,0.72 
2018/12/23 9:31,-20.1,0.72 
2018/12/23 9:37,-20.3,0.68 
2018/12/23 9:43,-20,0.73 
2018/12/23 9:49,-20.3,0.66 
2018/12/23 9:55,-20.2,0.71 
2018/12/23 10:00,-20,0.73 
2018/12/23 10:06,-20.3,0.66 
2018/12/23 10:11,-20.2,0.71 
2018/12/23 10:17,-20.1,0.73 
2018/12/23 10:23,-20.3,0.66 
2018/12/23 10:30,-20.1,0.72 
2018/12/23 10:36,-20.2,0.68 
2018/12/23 10:43,-20.2,0.69 
2018/12/23 10:48,-20,0.74 
2018/12/23 10:54,-20.3,0.66 
2018/12/23 11:00,-20.2,0.71 
2018/12/23 11:06,-20.1,0.72 
2018/12/23 11:12,-20.3,0.67 
2018/12/23 11:18,-20.1,0.73 
2018/12/23 11:25,-20.2,0.67 
2018/12/23 11:31,-20.2,0.70 
2018/12/23 11:38,-20.1,0.72 
2018/12/23 11:43,-20.3,0.67 
2018/12/23 11:50,-20.1,0.72 
2018/12/23 11:56,-20.2,0.67 
2018/12/23 12:02,-20.2,0.69 
2018/12/23 12:08,-20,0.74 
2018/12/23 12:15,-20.3,0.66 
2018/12/23 12:20,-20.1,0.72 
2018/12/23 12:26,-20.1,0.71 
2018/12/23 12:33,-20.2,0.68 
2018/12/23 12:39,-20,0.73 
2018/12/23 12:45,-20.2,0.66 
2018/12/23 12:51,-20.2,0.71 
2018/12/23 12:56,-20,0.73 
2018/12/23 13:03,-20.3,0.66 
2018/12/23 13:08,-20.1,0.72 
2018/12/23 13:15,-20.1,0.70 
2018/12/23 13:22,-20.3,0.68 
2018/12/23 13:29,-20,0.74 
2018/12/23 13:34,-20.3,0.66 
2018/12/23 13:40,-20.2,0.70 
2018/12/23 13:46,-20.1,0.73 
2018/12/23 13:52,-20.3,0.67 
2018/12/23 13:57,-20.1,0.72 
2018/12/23 14:03,-20.1,0.71 
2018/12/23 14:10,-20.3,0.68 
2018/12/23 14:17,-20,0.74 
2018/12/23 14:22,-20.3,0.66 
2018/12/23 14:28,-20.2,0.71 
2018/12/23 14:34,-20.1,0.72 
2018/12/23 14:40,-20.3,0.67 
2018/12/23 14:46,-20.1,0.72 
2018/12/23 14:52,-20.2,0.68 
2018/12/23 14:58,-20.3,0.69 
2018/12/23 15:04,-20,0.74 
2018/12/23 15:10,-20.2,0.66 
2018/12/23 15:17,-20.2,0.70 
2018/12/23 15:22,-20.1,0.72 
2018/12/23 15:28,-20.3,0.67 
2018/12/23 15:34,-20.1,0.72 
2018/12/23 15:39,-20.1,0.70 
2018/12/23 15:46,-20.3,0.67 
2018/12/23 15:52,-20.1,0.74 
2018/12/23 15:59,-20.2,0.66 
2018/12/23 16:06,-20.2,0.71 
2018/12/23 16:12,-20.1,0.70 
2018/12/23 16:19,-20.3,0.68 
2018/12/23 16:26,-20,0.74 
2018/12/23 16:32,-20.3,0.66 
2018/12/23 16:38,-20.1,0.72 
2018/12/23 16:43,-20.1,0.71 
2018/12/23 16:48,-20.3,0.67 
2018/12/23 16:54,-20.1,0.72 
2018/12/23 16:59,-20.1,0.71 
2018/12/23 17:06,-20.3,0.67 
2018/12/23 17:12,-20.1,0.73 
2018/12/23 17:18,-20.2,0.67 
2018/12/23 17:25,-20.2,0.70 
2018/12/23 17:31,-20.1,0.73 
2018/12/23 17:37,-20.3,0.67 
2018/12/23 17:43,-20.1,0.72 
2018/12/23 17:50,-20.2,0.68 
2018/12/23 17:56,-20.3,0.69 
2018/12/23 18:01,-20,0.74 
2018/12/23 18:07,-20.2,0.66 
2018/12/23 18:13,-20.2,0.70 
2018/12/23 18:18,-20,0.74 
2018/12/23 18:23,-20.3,0.66 
2018/12/23 18:30,-20.2,0.70 
2018/12/23 18:35,-20.1,0.73 
2018/12/23 18:42,-20.3,0.66 
2018/12/23 18:48,-20.1,0.72 
2018/12/23 18:54,-20.2,0.68 
2018/12/23 19:00,-20.3,0.69 
2018/12/23 19:06,-20,0.74 
2018/12/23 19:11,-20.2,0.66 
2018/12/23 19:18,-20.2,0.70 
2018/12/23 19:24,-20,0.74 
2018/12/23 19:31,-20.3,0.67 
2018/12/23 19:38,-20.1,0.73 
2018/12/23 19:44,-20.2,0.67 
2018/12/23 19:49,-20.2,0.70 
2018/12/23 19:55,-20,0.74 
2018/12/23 20:02,-20.3,0.66 
2018/12/23 20:07,-20.2,0.71 
2018/12/23 20:14,-20.1,0.73 
2018/12/23 20:21,-20.3,0.68 
2018/12/23 20:27,-20,0.74 
2018/12/23 20:33,-20.2,0.66 
2018/12/23 20:40,-20.2,0.71 
2018/12/23 20:46,-20.1,0.70 
2018/12/23 20:52,-20.3,0.68 
2018/12/23 20:58,-20.1,0.73 
2018/12/23 21:03,-20.2,0.67 
2018/12/23 21:08,-20.3,0.68 
2018/12/23 21:15,-20.1,0.73 
2018/12/23 21:21,-20.3,0.66 
2018/12/23 21:27,-20.2,0.70 
2018/12/23 21:32,-20.1,0.74 
2018/12/23 21:38,-20.3,0.66 
2018/12/23 21:43,-20.2,0.71 
2018/12/23 21:49,-20,0.74 
2018/12/23 21:56,-20.3,0.67 
2018/12/23 22:01,-20.1,0.72 
2018/12/23 22:07,-20.2,0.69 
2018/12/23 22:14,-20.3,0.68 
2018/12/23 22:20,-20,0.74 
2018/12/23 22:25,-20.3,0.66 
2018/12/23 22:32,-20.2,0.70 
2018/12/23 22:37,-20.1,0.72 
2018/12/23 22:44,-20.3,0.67 
2018/12/23 22:50,-20.1,0.73 
2018/12/23 22:56,-20.2,0.68 
2018/12/23 23:02,-20.3,0.69 
2018/12/23 23:08,-20,0.74 
2018/12/23 23:15,-20.2,0.66 
2018/12/23 23:20,-20.1,0.71 
2018/12/23 23:25,-20.1,0.73 
2018/12/23 23:31,-20.3,0.67 
2018/12/23 23:37,-20.1,0.72 
2018/12/23 23:44,-20.2,0.69 
2018/12/23 23:49,-20.2,0.69 
2018/12/23 23:56,-20.1,0.74 
2018/12/24 0:02,-20.3,0.66 
2018/12/24 0:08,-20.2,0.71 
2018/12/24 0:15,-20.1,0.71 
2018/12/24 0:20,-20.3,0.68 
2018/12/24 0:26,-20.1,0.73 
2018/12/24 0:33,-20.2,0.67 
2018/12/24 0:38,-20.2,0.70 
2018/12/24 0:44,-20,0.74 
2018/12/24 0:50,-20.3,0.66 
2018/12/24 0:57,-20.2,0.71 
2018/12/24 1:02,-20.1,0.71 
2018/12/24 1:08,-20.3,0.67 
2018/12/24 1:15,-20.1,0.72 
2018/12/24 1:21,-20.2,0.67 
2018/12/24 1:26,-20.3,0.69 
2018/12/24 1:33,-20.1,0.74 
2018/12/24 1:39,-20.3,0.66 
2018/12/24 1:46,-20.1,0.72 
2018/12/24 1:52,-20.2,0.69 
2018/12/24 1:59,-20.3,0.68 
2018/12/24 2:05,-20,0.74 
2018/12/24 2:12,-20.3,0.66 
2018/12/24 2:19,-20.1,0.72 
2018/12/24 2:26,-20.2,0.68 
2018/12/24 2:32,-20.2,0.69 
2018/12/24 2:39,-20,0.74 
2018/12/24 2:44,-20.3,0.67 
2018/12/24 2:50,-20.1,0.72 
2018/12/24 2:55,-20.1,0.71 
2018/12/24 3:01,-20.3,0.67 
2018/12/24 3:06,-20.1,0.73 
2018/12/24 3:13,-20.2,0.69 
2018/12/24 3:18,-20.3,0.69 
2018/12/24 3:24,-20.1,0.74 
2018/12/24 3:30,-20.3,0.67 
2018/12/24 3:35,-20.3,0.69 
2018/12/24 3:41,-20,0.74 
2018/12/24 3:48,-20.3,0.66 
2018/12/24 3:54,-20.2,0.71 
2018/12/24 4:00,-20.1,0.71 
2018/12/24 4:07,-20.3,0.68 
2018/12/24 4:14,-20.1,0.74 
2018/12/24 4:20,-20.3,0.66 
2018/12/24 4:27,-20.2,0.71 
2018/12/24 4:34,-20.2,0.69 
2018/12/24 4:40,-20.3,0.69 
2018/12/24 4:47,-20.1,0.74 
2018/12/24 4:53,-20.3,0.67 
2018/12/24 4:59,-20.2,0.72 
2018/12/24 5:05,-20.2,0.71 
2018/12/24 5:11,-20.3,0.68 
2018/12/24 5:18,-20.1,0.74 
2018/12/24 5:24,-20.3,0.66 
2018/12/24 5:31,-20.2,0.70 
2018/12/24 5:36,-20.1,0.72 
2018/12/24 5:43,-20.3,0.67 
2018/12/24 5:48,-20.1,0.73 
2018/12/24 5:53,-20.2,0.69 
2018/12/24 5:58,-20.3,0.67 
2018/12/24 6:04,-20.1,0.72 
2018/12/24 6:10,-20.2,0.69 
2018/12/24 6:15,-20.3,0.69 
2018/12/24 6:20,-20.1,0.73 
2018/12/24 6:27,-20.2,0.68 
2018/12/24 6:33,-20.2,0.69 
2018/12/24 6:40,-20,0.74 
2018/12/24 6:45,-20.3,0.67 
2018/12/24 6:51,-20.2,0.71 
2018/12/24 6:58,-20.1,0.72 
2018/12/24 7:03,-20.3,0.68 
2018/12/24 7:09,-20.1,0.73 
2018/12/24 7:15,-20.2,0.67 
2018/12/24 7:20,-20.3,0.69 
2018/12/24 7:26,-20.1,0.73 
2018/12/24 7:31,-20.2,0.68 
2018/12/24 7:37,-20.3,0.69 
2018/12/24 7:43,-20.1,0.74 
2018/12/24 7:50,-20.3,0.66 
2018/12/24 7:55,-20.2,0.71 
2018/12/24 8:01,-20.1,0.74 
2018/12/24 8:07,-20.3,0.66 
2018/12/24 8:12,-20.2,0.72 
2018/12/24 8:18,-20.1,0.72 
2018/12/24 8:24,-20.3,0.67 
2018/12/24 8:31,-20.2,0.72 
2018/12/24 8:37,-20.3,0.67 
2018/12/24 8:42,-20.3,0.70 
2018/12/24 8:49,-20,0.74 
2018/12/24 8:55,-20.3,0.66 
2018/12/24 9:01,-20.2,0.71 
2018/12/24 9:06,-20.1,0.72 
2018/12/24 9:13,-20.3,0.67 
2018/12/24 9:19,-20.1,0.73 
2018/12/24 9:25,-20.2,0.67 
2018/12/24 9:32,-20.3,0.69 
2018/12/24 9:37,-20,0.74 
2018/12/24 9:44,-20.3,0.66 
2018/12/24 9:51,-20.2,0.72 
2018/12/24 9:57,-20.2,0.69 
2018/12/24 10:04,-20.3,0.69 
2018/12/24 10:10,-20,0.74 
2018/12/24 10:15,-20.3,0.66 
2018/12/24 10:22,-20.2,0.71 
2018/12/24 10:28,-20.1,0.71 
2018/12/24 10:34,-20.3,0.68 
2018/12/24 10:39,-20.1,0.73 
2018/12/24 10:44,-20.2,0.69 
2018/12/24 10:51,-20.3,0.68 
2018/12/24 10:57,-20.1,0.74 
2018/12/24 11:03,-20.3,0.66 
2018/12/24 11:09,-20.2,0.70 
2018/12/24 11:15,-20.1,0.74 
2018/12/24 11:22,-20.3,0.67 
2018/12/24 11:28,-20.1,0.73 
2018/12/24 11:34,-20.2,0.68 
2018/12/24 11:40,-20.3,0.69 
2018/12/24 11:45,-20,0.74 
2018/12/24 11:52,-20.3,0.67 
2018/12/24 11:58,-20.2,0.71 
2018/12/24 12:05,-20.1,0.72 
2018/12/24 12:11,-20.3,0.67 
2018/12/24 12:18,-20.1,0.74 
2018/12/24 12:23,-20.2,0.67 
2018/12/24 12:30,-20.2,0.69 
2018/12/24 12:36,-20,0.74 
2018/12/24 12:43,-20.3,0.67 
2018/12/24 12:50,-20.1,0.73 
2018/12/24 12:56,-20.2,0.67 
2018/12/24 13:02,-20.2,0.70 
2018/12/24 13:07,-20.1,0.73 
2018/12/24 13:12,-20.3,0.66 
2018/12/24 13:18,-20.2,0.70 
2018/12/24 13:25,-20.1,0.73 
2018/12/24 13:31,-20.3,0.67 
2018/12/24 13:37,-20.1,0.73 
2018/12/24 13:43,-20.2,0.68 
2018/12/24 13:49,-20.3,0.69 
2018/12/24 13:56,-20,0.74 
2018/12/24 14:02,-20.3,0.66 
2018/12/24 14:07,-20.2,0.72 
2018/12/24 14:12,-20.1,0.72 
2018/12/24 14:18,-20.3,0.67 
2018/12/24 14:24,-20.2,0.71 
2018/12/24 14:29,-20.1,0.71 
2018/12/24 14:42,-20.1,0.74 
2018/12/24 14:49,-20.2,0.67 
2018/12/24 14:54,-20.2,0.70 
2018/12/24 15:01,-20.1,0.74 
2018/12/24 15:07,-20.3,0.67 
2018/12/24 15:13,-20.1,0.72 
2018/12/24 15:20,-20.2,0.68 
2018/12/24 15:26,-20.3,0.69 
2018/12/24 15:32,-20,0.74 
2018/12/24 15:39,-20.3,0.66 
2018/12/24 15:45,-20.1,0.72 
2018/12/24 15:51,-20.2,0.67 
2018/12/24 15:58,-20.2,0.69 
2018/12/24 16:04,-20,0.74 
2018/12/24 16:09,-20.3,0.66 
2018/12/24 16:16,-20.2,0.71 
2018/12/24 16:21,-20.1,0.71 
2018/12/24 16:27,-20.3,0.67 
2018/12/24 16:34,-20.1,0.73 
2018/12/24 16:39,-20.2,0.67 
2018/12/24 16:44,-20.2,0.69 
2018/12/24 16:51,-20,0.74 
2018/12/24 16:57,-20.3,0.66 
2018/12/24 17:02,-20.2,0.71 
2018/12/24 17:08,-20.1,0.73 
2018/12/24 17:14,-20.3,0.67 
2018/12/24 17:20,-20.1,0.72 
2018/12/24 17:26,-20.2,0.69 
2018/12/24 17:33,-20.3,0.68 
2018/12/24 17:38,-20,0.74 
2018/12/24 17:43,-20.2,0.67 
2018/12/24 17:48,-20.3,0.69 
2018/12/24 17:54,-20,0.74 
2018/12/24 18:00,-20.2,0.66 
2018/12/24 18:06,-20.2,0.69 
2018/12/24 18:12,-20,0.74 
2018/12/24 18:19,-20.3,0.66 
2018/12/24 18:26,-20.1,0.72 
2018/12/24 18:32,-20.2,0.67 
2018/12/24 18:38,-20.2,0.69 
2018/12/24 18:44,-20,0.74 
2018/12/24 18:50,-20.3,0.67 
2018/12/24 18:55,-20.1,0.72 
2018/12/24 19:02,-20.1,0.72 
2018/12/24 19:09,-20.3,0.68 
2018/12/24 19:16,-20,0.74 
2018/12/24 19:23,-20.3,0.66 
2018/12/24 19:29,-20.1,0.72 
2018/12/24 19:36,-20.2,0.68 
2018/12/24 19:43,-20.2,0.70 
2018/12/24 19:50,-20.1,0.73 
2018/12/24 19:56,-20.3,0.67 
2018/12/24 20:02,-20.1,0.73 
2018/12/24 20:07,-20.2,0.67 
2018/12/24 20:13,-20.2,0.68 
2018/12/24 20:19,-20.1,0.73 
2018/12/24 20:26,-20.2,0.66 
2018/12/24 20:32,-20.2,0.71 
2018/12/24 20:39,-20.1,0.71 
2018/12/24 20:45,-20.3,0.68 
2018/12/24 20:51,-20.1,0.73 
2018/12/24 20:58,-20.2,0.66 
2018/12/24 21:04,-20.2,0.71 
2018/12/24 21:10,-20.1,0.72 
2018/12/24 21:15,-20.3,0.67 
2018/12/24 21:22,-20.1,0.72 
2018/12/24 21:27,-20.2,0.68 
2018/12/24 21:33,-20.3,0.68 
2018/12/24 21:40,-20.1,0.74 
2018/12/24 21:46,-20.3,0.66 
2018/12/24 21:53,-20.2,0.71 
2018/12/24 21:58,-20.1,0.72 
2018/12/24 22:05,-20.3,0.67 
2018/12/24 22:11,-20.1,0.73 
2018/12/24 22:18,-20.2,0.67 
2018/12/24 22:23,-20.2,0.70 
2018/12/24 22:30,-20,0.74 
2018/12/24 22:35,-20.3,0.67 
2018/12/24 22:42,-20.1,0.71 
2018/12/24 22:49,-20.2,0.68 
2018/12/24 22:55,-20.2,0.69 
2018/12/24 23:02,-20,0.74 
2018/12/24 23:07,-20.3,0.66 
2018/12/24 23:12,-20.2,0.71 
2018/12/24 23:18,-20,0.74 
2018/12/24 23:24,-20.3,0.67 
2018/12/24 23:30,-20.1,0.72 
2018/12/24 23:36,-20.2,0.69 
2018/12/24 23:43,-20.3,0.69 
2018/12/24 23:50,-20,0.74 
2018/12/24 23:56,-20.3,0.66 
2018/12/25 0:03,-20.1,0.72 
2018/12/25 0:09,-20.2,0.67 
2018/12/25 0:14,-20.3,0.68 
2018/12/25 0:19,-20.1,0.73 
2018/12/25 0:25,-20.2,0.67 
2018/12/25 0:31,-20.3,0.69 
2018/12/25 0:37,-20,0.74 
2018/12/25 0:43,-20.3,0.66 
2018/12/25 0:48,-20.2,0.70 
2018/12/25 0:54,-20,0.74 
2018/12/25 0:59,-20.3,0.66 
2018/12/25 1:05,-20.2,0.70 
2018/12/25 1:10,-20.1,0.73 
2018/12/25 1:16,-20.3,0.66 
2018/12/25 1:23,-20.2,0.71 
2018/12/25 1:29,-20.2,0.70 
2018/12/25 1:35,-20.3,0.69 
2018/12/25 1:42,-20.1,0.74 
2018/12/25 1:49,-20.2,0.66 
2018/12/25 1:54,-20.2,0.71 
2018/12/25 2:01,-20.1,0.72 
2018/12/25 2:06,-20.3,0.68 
2018/12/25 2:13,-20.1,0.73 
2018/12/25 2:19,-20.2,0.67 
2018/12/25 2:25,-20.2,0.70 
2018/12/25 2:30,-20,0.74 
2018/12/25 2:36,-20.2,0.66 
2018/12/25 2:42,-20.2,0.71 
2018/12/25 2:49,-20.1,0.72 
2018/12/25 2:55,-20.3,0.67 
2018/12/25 3:02,-20.1,0.73 
2018/12/25 3:07,-20.2,0.67 
2018/12/25 3:13,-20.3,0.69 
2018/12/25 3:20,-20,0.74 
2018/12/25 3:25,-20.3,0.66 
2018/12/25 3:31,-20.2,0.71 
2018/12/25 3:37,-20.1,0.72 
2018/12/25 3:42,-20.3,0.67 
2018/12/25 3:48,-20.2,0.71 
2018/12/25 3:53,-20.1,0.71 
2018/12/25 3:59,-20.3,0.67 
2018/12/25 4:04,-20.2,0.72 
2018/12/25 4:10,-20.1,0.72 
2018/12/25 4:16,-20.3,0.68 
2018/12/25 4:22,-20.1,0.73 
2018/12/25 4:27,-20.2,0.68 
2018/12/25 4:33,-20.3,0.68 
2018/12/25 4:40,-20.1,0.74 
2018/12/25 4:47,-20.3,0.66 
2018/12/25 4:53,-20.2,0.71 
2018/12/25 4:59,-20.1,0.71 
2018/12/25 5:06,-20.3,0.68 
2018/12/25 5:11,-20.1,0.73 
2018/12/25 5:17,-20.2,0.67 
2018/12/25 5:24,-20.2,0.69 
2018/12/25 5:31,-20.1,0.73 
2018/12/25 5:36,-20.3,0.67 
2018/12/25 5:41,-20.1,0.72 
2018/12/25 5:47,-20.1,0.71 
2018/12/25 5:54,-20.3,0.67 
2018/12/25 5:59,-20.1,0.73 
2018/12/25 6:06,-20.2,0.68 
2018/12/25 6:11,-20.2,0.69 
2018/12/25 6:16,-20,0.74 
2018/12/25 6:23,-20.2,0.67 
2018/12/25 6:29,-20.2,0.70 
2018/12/25 6:34,-20,0.74 
2018/12/25 6:40,-20.3,0.66 
2018/12/25 6:46,-20.2,0.71 
2018/12/25 6:52,-20.1,0.72 
2018/12/25 6:58,-20.3,0.67 
2018/12/25 7:04,-20.1,0.73 
2018/12/25 7:10,-20.2,0.67 
2018/12/25 7:17,-20.3,0.69 
2018/12/25 7:23,-20,0.74 
2018/12/25 7:29,-20.3,0.67 
2018/12/25 7:35,-20.2,0.72 
2018/12/25 7:42,-20.1,0.70 
2018/12/25 7:48,-20.3,0.69 
2018/12/25 7:55,-20.1,0.74 
2018/12/25 8:01,-20.3,0.66 
2018/12/25 8:07,-20.2,0.71 
2018/12/25 8:14,-20.1,0.72 
2018/12/25 8:20,-20.3,0.68 
2018/12/25 8:26,-20.1,0.74 
2018/12/25 8:32,-20.3,0.66 
2018/12/25 8:39,-20.2,0.70 
2018/12/25 8:44,-20.1,0.73 
2018/12/25 8:50,-20.3,0.67 
2018/12/25 8:56,-20.1,0.72 
2018/12/25 9:02,-20.1,0.71 
2018/12/25 9:09,-20.3,0.68 
2018/12/25 9:16,-20.1,0.74 
2018/12/25 9:21,-20.3,0.66 
2018/12/25 9:28,-20.2,0.71 
2018/12/25 9:33,-20.1,0.71 
2018/12/25 9:40,-20.3,0.67 
2018/12/25 9:46,-20.1,0.72 
2018/12/25 9:52,-20.2,0.69 
2018/12/25 9:58,-20.3,0.69 
2018/12/25 10:03,-20,0.74 
2018/12/25 10:10,-20.2,0.67 
2018/12/25 10:17,-20.2,0.70 
2018/12/25 10:22,-20.1,0.71 
2018/12/25 10:28,-20.3,0.67 
2018/12/25 10:34,-20.1,0.72 
2018/12/25 10:40,-20.2,0.69 
2018/12/25 10:46,-20.3,0.69 
2018/12/25 10:52,-20,0.74 
2018/12/25 10:59,-20.3,0.66 
2018/12/25 11:04,-20.2,0.71 
2018/12/25 11:10,-20.1,0.73 
2018/12/25 11:17,-20.3,0.67 
2018/12/25 11:22,-20.1,0.73 
2018/12/25 11:28,-20.2,0.68 
2018/12/25 11:34,-20.3,0.69 
2018/12/25 11:40,-20,0.74 
2018/12/25 11:46,-20.2,0.66 
2018/12/25 11:52,-20.2,0.71 
2018/12/25 11:58,-20,0.74 
2018/12/25 12:03,-20.3,0.67 
2018/12/25 12:10,-20.1,0.71 
2018/12/25 12:17,-20.2,0.69 
2018/12/25 12:23,-20.2,0.69 
2018/12/25 12:29,-20,0.74 
2018/12/25 12:36,-20.3,0.66 
2018/12/25 12:42,-20.1,0.72 
2018/12/25 12:47,-20.2,0.68 
2018/12/25 12:53,-20.3,0.68 
2018/12/25 12:58,-20.1,0.73 
2018/12/25 13:04,-20.2,0.68 
2018/12/25 13:11,-20.3,0.68 
2018/12/25 13:18,-20,0.74 
2018/12/25 13:24,-20.3,0.67 
2018/12/25 13:30,-20.1,0.72 
2018/12/25 13:36,-20.2,0.69 
2018/12/25 13:41,-20.3,0.69 
2018/12/25 13:47,-20.1,0.73 
2018/12/25 13:53,-20.2,0.67 
2018/12/25 14:00,-20.2,0.69 
2018/12/25 14:06,-20,0.74 
2018/12/25 14:13,-20.3,0.67 
2018/12/25 14:19,-20.1,0.73 
2018/12/25 14:25,-20.2,0.67 
2018/12/25 14:31,-20.2,0.69 
2018/12/25 14:37,-20,0.74 
2018/12/25 14:43,-20.3,0.66 
2018/12/25 14:49,-20.2,0.71 
2018/12/25 14:54,-20.1,0.72 
2018/12/25 15:01,-20.2,0.67 
2018/12/25 15:06,-20.1,0.72 
2018/12/25 15:11,-20.1,0.69 
2018/12/25 15:17,-20.2,0.67 
2018/12/25 15:22,-20.1,0.73 
2018/12/25 15:29,-20.1,0.69 
2018/12/25 15:35,-20.2,0.68 
2018/12/25 15:41,-20,0.74 
2018/12/25 15:48,-20.2,0.66 
2018/12/25 15:55,-20.1,0.72 
2018/12/25 16:00,-20.2,0.68 
2018/12/25 16:05,-20.3,0.68 
2018/12/25 16:12,-20.1,0.73 
2018/12/25 16:17,-20.2,0.67 
2018/12/25 16:24,-20.2,0.69 
2018/12/25 16:30,-20,0.74 
2018/12/25 16:37,-20.3,0.67 
2018/12/25 16:44,-20.1,0.72 
2018/12/25 16:49,-20.2,0.67 
2018/12/25 16:55,-20.2,0.69 
2018/12/25 17:01,-20,0.74 
2018/12/25 17:07,-20.2,0.66 
2018/12/25 17:13,-20.2,0.71 
2018/12/25 17:18,-20,0.73 
2018/12/25 17:24,-20.2,0.67 
2018/12/25 17:29,-20.1,0.71 
2018/12/25 17:36,-20.1,0.72 
2018/12/25 17:43,-20.2,0.68 
2018/12/25 17:50,-20,0.74 
2018/12/25 17:55,-20.3,0.66 
2018/12/25 18:01,-20.2,0.71 
2018/12/25 18:07,-20.1,0.72 
2018/12/25 18:12,-20.3,0.67 
2018/12/25 18:19,-20.1,0.72 
2018/12/25 18:26,-20.2,0.68 
2018/12/25 18:31,-20.2,0.69 
2018/12/25 18:37,-20,0.74 
2018/12/25 18:42,-20.2,0.66 
2018/12/25 18:49,-20.2,0.70 
2018/12/25 18:56,-20,0.73 
2018/12/25 19:02,-20.3,0.67 
2018/12/25 19:08,-20,0.73 
2018/12/25 19:15,-20.2,0.67 
2018/12/25 19:20,-20.2,0.70 
2018/12/25 19:26,-20,0.74 
2018/12/25 19:33,-20.2,0.66 
2018/12/25 19:38,-20.1,0.72 
2018/12/25 19:43,-20.1,0.72 
2018/12/25 19:49,-20.3,0.67 
2018/12/25 19:55,-20.1,0.72 
2018/12/25 20:01,-20.1,0.69 
2018/12/25 20:07,-20.2,0.68 
2018/12/25 20:13,-20,0.74 
2018/12/25 20:18,-20.2,0.66 
2018/12/25 20:25,-20.2,0.70 
2018/12/25 20:31,-20,0.73 
2018/12/25 20:36,-20.3,0.67 
2018/12/25 20:42,-20.1,0.71 
2018/12/25 20:47,-20.1,0.73 
2018/12/25 20:53,-20.3,0.67 
2018/12/25 21:00,-20.1,0.72 
2018/12/25 21:06,-20.2,0.68 
2018/12/25 21:12,-20.2,0.69 
2018/12/25 21:18,-20,0.74 
2018/12/25 21:24,-20.2,0.66 
2018/12/25 21:30,-20.1,0.71 
2018/12/25 21:35,-20.1,0.72 
2018/12/25 21:41,-20.3,0.67 
2018/12/25 21:47,-20.1,0.72 
2018/12/25 21:52,-20.2,0.69 
2018/12/25 21:59,-20.3,0.68 
2018/12/25 22:05,-20,0.74 
2018/12/25 22:11,-20.2,0.67 
2018/12/25 22:18,-20.2,0.70 
2018/12/25 22:23,-20.1,0.71 
2018/12/25 22:30,-20.3,0.67 
2018/12/25 22:36,-20.1,0.72 
2018/12/25 22:41,-20.2,0.68 
2018/12/25 22:48,-20.2,0.68 
2018/12/25 22:54,-20,0.74 
2018/12/25 23:01,-20.3,0.66 
2018/12/25 23:08,-20.1,0.72 
2018/12/25 23:13,-20.2,0.69 
2018/12/25 23:19,-20.3,0.68 
2018/12/25 23:26,-20,0.74 
2018/12/25 23:32,-20.2,0.66 
2018/12/25 23:37,-20.2,0.70 
2018/12/25 23:44,-20,0.74 
2018/12/25 23:50,-20.3,0.67 
2018/12/25 23:57,-20.1,0.72 
2018/12/26 0:03,-20.2,0.67 
2018/12/26 0:09,-20.2,0.69 
2018/12/26 0:15,-20,0.74 
2018/12/26 0:20,-20.3,0.66 
2018/12/26 0:26,-20.2,0.71 
2018/12/26 0:32,-20,0.73 
2018/12/26 0:39,-20.3,0.67 
2018/12/26 0:45,-20.1,0.73 
2018/12/26 0:51,-20.2,0.68 
2018/12/26 0:56,-20.2,0.69 
2018/12/26 1:03,-20,0.74 
2018/12/26 1:09,-20.2,0.66 
2018/12/26 1:15,-20.2,0.71 
2018/12/26 1:21,-20.1,0.71 
2018/12/26 1:28,-20.2,0.68 
2018/12/26 1:34,-20,0.74 
2018/12/26 1:40,-20.2,0.67 
2018/12/26 1:45,-20.2,0.70 
2018/12/26 1:50,-20,0.74 
2018/12/26 1:57,-20.2,0.66 
2018/12/26 2:03,-20.2,0.71 
2018/12/26 2:09,-20.1,0.73 
2018/12/26 2:14,-20.2,0.67 
2018/12/26 2:20,-20.1,0.72 
2018/12/26 2:26,-20.2,0.68 
2018/12/26 2:32,-20.3,0.68 
2018/12/26 2:39,-20,0.74 
2018/12/26 2:44,-20.2,0.66 
2018/12/26 2:50,-20.2,0.70 
2018/12/26 2:55,-20,0.74 
2018/12/26 3:02,-20.3,0.66 
2018/12/26 3:07,-20.2,0.71 
2018/12/26 3:13,-20.1,0.73 
2018/12/26 3:19,-20.3,0.67 
2018/12/26 3:25,-20.1,0.72 
2018/12/26 3:30,-20.2,0.69 
2018/12/26 3:37,-20.3,0.68 
2018/12/26 3:44,-20,0.74 
2018/12/26 3:50,-20.3,0.66 
2018/12/26 3:57,-20.1,0.72 
2018/12/26 4:03,-20.2,0.69 
2018/12/26 4:09,-20.3,0.69 
2018/12/26 4:14,-20,0.74 
2018/12/26 4:20,-20.2,0.67 
2018/12/26 4:26,-20.3,0.69 
2018/12/26 4:31,-20,0.74 
2018/12/26 4:36,-20.2,0.67 
2018/12/26 4:41,-20.2,0.69 
2018/12/26 4:48,-20,0.74 
2018/12/26 4:55,-20.3,0.66 
2018/12/26 5:01,-20.1,0.72 
2018/12/26 5:08,-20.2,0.69 
2018/12/26 5:15,-20.2,0.69 
2018/12/26 5:21,-20,0.74 
2018/12/26 5:28,-20.3,0.67 
2018/12/26 5:34,-20.1,0.72 
2018/12/26 5:40,-20.2,0.67 
